abdominal_aortic_aneurysm	ntr_contain11	harvey_korman	1
abdominal_aortic_aneurysm	ntr_contain11	kit_carson	1
abdominal_aortic_aneurysm	ntr_contain11	joan_hinton	1
abdominal_aortic_aneurysm	ntr_contain11	gary_gygax	1
abdominal_aortic_aneurysm	ntr_contain11	anthony_franciosa	0
abdominal_aortic_aneurysm	ntr_contain11	giacinto_facchetti	0
abdominal_aortic_aneurysm	ntr_contain11	gerald_bull	0
abdominal_aortic_aneurysm	ntr_contain11	jack_narz	0
abdominal_aortic_aneurysm	ntr_contain11	adrian_mitchell	0
abdominal_aortic_aneurysm	ntr_contain11	william_goebel	0
abdominal_aortic_aneurysm	ntr_contain11	hayden_rorke	0
academy_of_richmond_county	ntr_contain10	john_pendleton_king	1
academy_of_richmond_county	ntr_contain10	joseph_rucker_lamar	1
academy_of_richmond_county	ntr_contain10	isaac_s_hopkins	1
academy_of_richmond_county	ntr_contain10	james_longstreet	1
academy_of_richmond_county	ntr_contain10	david_m_potter	1
academy_of_richmond_county	ntr_contain10	hervey_m_cleckley	1
academy_of_richmond_county	ntr_contain10	dan_miller_1941	1
academy_of_richmond_county	ntr_contain10	george_w_crockett	0
academy_of_richmond_county	ntr_contain10	van_mccoy	0
academy_of_richmond_county	ntr_contain10	elliott_waters_montroll	0
academy_of_richmond_county	ntr_contain10	jimmy_finlayson	0
academy_of_richmond_county	ntr_contain10	mircea_eliade	0
academy_of_richmond_county	ntr_contain10	wolfgang_paul	0
academy_of_richmond_county	ntr_contain10	charles_alfred_pillsbury	0
acadia_university	ntr_contain10	charles_aubrey_eaton	1
acadia_university	ntr_contain10	jacob_gould_schurman	1
acadia_university	ntr_contain10	henry_nicholas_paint	1
acadia_university	ntr_contain10	charles_brenton_huggins	1
acadia_university	ntr_contain10	milton_fowler_gregg	1
acadia_university	ntr_contain10	john_burpee_mills	1
acadia_university	ntr_contain10	richard_hatfield	1
acadia_university	ntr_contain10	henry_emmerson	1
acadia_university	ntr_contain10	claude_chevalley	0
acadia_university	ntr_contain10	eleazar_wheelock	0
acadia_university	ntr_contain10	gene_h_golub	0
acadia_university	ntr_contain10	willoughby_sharp	0
accident	ntr_contain11	bela_i_of_hungary	1
accident	ntr_contain11	thomas_midgley_jr	1
accident	ntr_contain11	bill_orton	1
accident	ntr_contain11	tom_pryce	1
accident	ntr_contain11	clement_vallandigham	1
accident	ntr_contain11	gustav_kobbe	1
accident	ntr_contain11	brandon_lee	1
accident	ntr_contain11	diana_durre	1
accident	ntr_contain11	elmer_symons	1
accident	ntr_contain11	james_j_rhoades	1
accident	ntr_contain11	franz_reichelt	1
accident	ntr_contain11	boris_sagal	1
accident	ntr_contain11	rene_schneider	0
accident	ntr_contain11	mary_i_of_scotland	0
accident	ntr_contain11	mark_fidrych	1
accident	ntr_contain11	david_douglas	1
accident	ntr_contain11	pamela_britton	0
accident	ntr_contain11	marguerite_duras	0
accident	ntr_contain11	langley_collyer	1
accidental_fall	ntr_contain11	alberto_olmedo	1
accidental_fall	ntr_contain11	frits_philips	1
accidental_fall	ntr_contain11	jessie_gilbert	1
accidental_fall	ntr_contain11	oliver_selfridge	1
accidental_fall	ntr_contain11	sandy_denny	1
accidental_fall	ntr_contain11	arthur_naftalin	1
accidental_fall	ntr_contain11	garry_hoy	1
accidental_fall	ntr_contain11	michael_bartosh	1
accidental_fall	ntr_contain11	seth_fisher	1
accidental_fall	ntr_contain11	robert_culp	1
accidental_fall	ntr_contain11	amy_robsart	1
accidental_fall	ntr_contain11	william_thompson_1811	1
accidental_fall	ntr_contain11	gruffydd_ap_llywelyn_fawr	1
accidental_fall	ntr_contain11	mario_danelo	1
accidental_fall	ntr_contain11	merlyn_rees	1
accidental_fall	ntr_contain11	george_basevi	1
accidental_fall	ntr_contain11	norma_candal	1
accidental_fall	ntr_contain11	john_balance	1
accidental_fall	ntr_contain11	peter_cool_man_steiner	1
accidental_fall	ntr_contain11	humayun	1
accidental_fall	ntr_contain11	hilton_ruiz	1
accidental_fall	ntr_contain11	divya_bharti	1
accidental_fall	ntr_contain11	mo_mowlam	1
accidental_fall	ntr_contain11	reverdy_johnson	1
accidental_fall	ntr_contain11	charlotte_canning_countess_canning	0
accidental_fall	ntr_contain11	fay_bainter	0
accidental_fall	ntr_contain11	bodil_joensen	0
accidental_fall	ntr_contain11	elden_auker	0
accidental_fall	ntr_contain11	petrus_jacobus_joubert	0
accidental_fall	ntr_contain11	karl_nobiling	0
accidental_fall	ntr_contain11	catherine_seipp	0
accidental_fall	ntr_contain11	ion_andreescu	0
accidental_fall	ntr_contain11	francis_magalona	0
accidental_fall	ntr_contain11	owen_hart	1
accidental_fall	ntr_contain11	fred_mace	0
accidental_fall	ntr_contain11	angelica_catalani	0
accidental_fall	ntr_contain11	frank_reynolds	0
accountant	ntr_contain6	allen_carr	1
accountant	ntr_contain6	itzhak_stern	1
accountant	ntr_contain6	thomas_brentnall	1
accountant	ntr_contain6	otto_berman	1
accountant	ntr_contain6	luke_hartsuyker	1
accountant	ntr_contain6	willem_drees	1
accountant	ntr_contain6	walter_w_bacon	1
accountant	ntr_contain6	howard_irwin_ross	1
accountant	ntr_contain6	bruce_marshall	1
accountant	ntr_contain6	frederick_john_mitchell	1
accountant	ntr_contain6	allen_klein	1
accountant	ntr_contain6	robert_muldoon	1
accountant	ntr_contain6	maurice_stans	1
accountant	ntr_contain6	peg_phillips	1
accountant	ntr_contain6	friz_freleng	0
accountant	ntr_contain6	gerrit_hendrik_kersten	0
accountant	ntr_contain6	juke_boy_bonner	0
accountant	ntr_contain6	aloyisus_leon_higginbotham_jr	0
accountant	ntr_contain6	danny_casolaro	0
accountant	ntr_contain6	carl_laemmle	0
accountant	ntr_contain6	joe_kelly_1913	0
accountant	ntr_contain6	kenneth_carllile	0
accountant	ntr_contain6	thomas_savery	0
accountant	ntr_contain6	geoffrey_eagar	1
accountant	ntr_contain6	michael_v_gazzo	0
accountant	ntr_contain6	salvatore_cammarano	0
accountant	ntr_contain6	ibn-e-insha	0
accountant	ntr_contain6	albert_collins	0
activism	ntr_contain6	roy_wilkins	1
activism	ntr_contain6	ossie_davis	1
activism	ntr_contain6	jamal_al-din_al-afghani	1
activism	ntr_contain6	meir_kahane	1
activism	ntr_contain6	jose_do_patrocinio	1
activism	ntr_contain6	henry_manners_8th_duke_of_rutland	0
activism	ntr_contain6	john_william_de_forest	0
activism	ntr_contain6	eddie_doherty	0
activism	ntr_contain6	helen_humes	0
activism	ntr_contain6	robert_de_flers	0
activism	ntr_contain6	musa_calil	0
activism	ntr_contain6	daniel_francis_annan	0
activism	ntr_contain6	gijsbert_van_tienhoven	0
activism	ntr_contain6	albert_c_barnes	0
activism	ntr_contain6	robert_penn_warren	0
activism	ntr_contain6	orson_welles	0
activism	ntr_contain6	vesta_tilley	0
activism	ntr_contain6	oscar_hammerstein_ii	0
actor	ntr_contain6	nobuko_otowa	1
actor	ntr_contain6	gilbert_roland	1
actor	ntr_contain6	herschel_bernardi	1
actor	ntr_contain6	eddie_bracken	1
actor	ntr_contain6	ticky_holgado	1
actor	ntr_contain6	minnie_devereaux	1
actor	ntr_contain6	alexis_loret	1
actor	ntr_contain6	george_gabby_hayes	1
actor	ntr_contain6	david_fumero	1
actor	ntr_contain6	david_niven	1
actor	ntr_contain6	ohara_reiko	1
actor	ntr_contain6	evelyn_brent	1
actor	ntr_contain6	carl_anderson	1
actor	ntr_contain6	wheeler_oakman	1
actor	ntr_contain6	patrick_dewaere	1
actor	ntr_contain6	grant_williams_1930	1
actor	ntr_contain6	tyrone_power	1
actor	ntr_contain6	lee_patrick	1
actor	ntr_contain6	theda_bara	1
actor	ntr_contain6	leo_carrillo	1
actor	ntr_contain6	john_le_mesurier	1
actor	ntr_contain6	john_mills	1
actor	ntr_contain6	daisuke_kato	1
actor	ntr_contain6	paddy_chew	1
actor	ntr_contain6	katina_paxinou	1
actor	ntr_contain6	harry_carey	1
actor	ntr_contain6	wade_dominguez	1
actor	ntr_contain6	bert_lahr	1
actor	ntr_contain6	aldo_giuffre	1
actor	ntr_contain6	leo_g_carroll	1
actor	ntr_contain6	robert_taylor_1911	1
actor	ntr_contain6	jack_haley	1
actor	ntr_contain6	lorimer_johnston	1
actor	ntr_contain6	wally_wales	1
actor	ntr_contain6	helen_wagner	1
actor	ntr_contain6	lamberto_maggiorani	1
actor	ntr_contain6	nicolas_de_gunzburg	1
actor	ntr_contain6	william_hootkins	1
actor	ntr_contain6	nigel_hawthorne	1
actor	ntr_contain6	roy_roberts	1
actor	ntr_contain6	patricia_ellis	1
actor	ntr_contain6	dorothy_gibson	1
actor	ntr_contain6	martin_ritt	1
actor	ntr_contain6	edward_sloman	1
actor	ntr_contain6	fred_berry	1
actor	ntr_contain6	nancy_walker	1
actor	ntr_contain6	jacek_chmielnik	1
actor	ntr_contain6	jackie_coogan	1
actor	ntr_contain6	phylicia_rashad	1
actor	ntr_contain6	earl_hindman	1
actor	ntr_contain6	nipsey_russell	1
actor	ntr_contain6	geraldine_brooks_1925	1
actor	ntr_contain6	amedeo_nazzari	1
actor	ntr_contain6	paul_burke	1
actor	ntr_contain6	hobart_bosworth	1
actor	ntr_contain6	franchot_tone	1
actor	ntr_contain6	carmel_myers	1
actor	ntr_contain6	ernst_von_possart	1
actor	ntr_contain6	donald_haines	1
actor	ntr_contain6	benny_rubin	1
actor	ntr_contain6	viktor_giacobbo	1
actor	ntr_contain6	jean_mounet-sully	1
actor	ntr_contain6	clara_calamai	1
actor	ntr_contain6	lee_bergere	1
actor	ntr_contain6	sheree_winton	1
actor	ntr_contain6	giovanni_pastone	1
actor	ntr_contain6	victor_potel	1
actor	ntr_contain6	amador_bendayan	1
actor	ntr_contain6	frank_mcglynn_sr	1
actor	ntr_contain6	marcel_dalio	1
actor	ntr_contain6	lil_dagover	1
actor	ntr_contain6	inger_stender	1
actor	ntr_contain6	sarah_siddons	1
actor	ntr_contain6	harry_von_meter	1
actor	ntr_contain6	joe_keaton	1
actor	ntr_contain6	amacio_mazzaropi	1
actor	ntr_contain6	william_topaz_mcgonagall	1
actor	ntr_contain6	melvyn_douglas	1
actor	ntr_contain6	yelena_kuzmina	1
actor	ntr_contain6	pedro_vargas	1
actor	ntr_contain6	eva_peron	1
actor	ntr_contain6	paul_robeson	1
actor	ntr_contain6	leo_mckern	1
actor	ntr_contain6	eugene_porky_lee	1
actor	ntr_contain6	alec_clunes	1
actor	ntr_contain6	kerwin_mathews	1
actor	ntr_contain6	willi_forst	1
actor	ntr_contain6	lillian_walker	1
actor	ntr_contain6	etta_moten_barnett	1
actor	ntr_contain6	n_s_krishnan	1
actor	ntr_contain6	eve_meyer	1
actor	ntr_contain6	j_pat_omalley	1
actor	ntr_contain6	billy_laughlin	1
actor	ntr_contain6	lavern_baker	1
actor	ntr_contain6	sarah_harlowe	1
actor	ntr_contain6	leslie_howard_1893	1
actor	ntr_contain6	joan_hackett	1
actor	ntr_contain6	alexander_scourby	1
actor	ntr_contain6	ralph_meeker	1
actor	ntr_contain6	quentin_crisp	1
actor	ntr_contain6	royce_d_applegate	1
actor	ntr_contain6	brian_keith	1
actor	ntr_contain6	fritzi_scheff	1
actor	ntr_contain6	michael_jackson	1
actor	ntr_contain6	lona_andre	1
actor	ntr_contain6	russell_hayden	1
actor	ntr_contain6	robert_f_colesberry	1
actor	ntr_contain6	mary_barclay	1
actor	ntr_contain6	birgitte_price	1
actor	ntr_contain6	cecil_cunningham	1
actor	ntr_contain6	john_bunny	1
actor	ntr_contain6	john_marley	1
actor	ntr_contain6	yukiko_okada	1
actor	ntr_contain6	peggy_cass	1
actor	ntr_contain6	paul_wegener	1
actor	ntr_contain6	anthony_dawson	1
actor	ntr_contain6	richard_b_shull	1
actor	ntr_contain6	warner_baxter	1
actor	ntr_contain6	lynne_roberts	1
actor	ntr_contain6	tony_randall	1
actor	ntr_contain6	jack_hoxie	1
actor	ntr_contain6	mildred_dunnock	1
actor	ntr_contain6	dennis_fimple	1
actor	ntr_contain6	jean_carmet	1
actor	ntr_contain6	fred_kohler	1
actor	ntr_contain6	mary_mannering	1
actor	ntr_contain6	dixie_carter	1
actor	ntr_contain6	david_jason	1
actor	ntr_contain6	marie_pillet	1
actor	ntr_contain6	emily_bancker	1
actor	ntr_contain6	william_holden	1
actor	ntr_contain6	w_c_fields	1
actor	ntr_contain6	mabel_taliaferro	1
actor	ntr_contain6	phani_sarma	1
actor	ntr_contain6	desmond_llewelyn	1
actor	ntr_contain6	gene_lockhart	1
actor	ntr_contain6	don_henderson	1
actor	ntr_contain6	diana_lynn	1
actor	ntr_contain6	ellen_drew	1
actor	ntr_contain6	francois-joseph_talma	1
actor	ntr_contain6	max_adrian	1
actor	ntr_contain6	heinie_conklin	1
actor	ntr_contain6	freddie_herko	1
actor	ntr_contain6	mark_frankel	1
actor	ntr_contain6	c_henry_gordon	1
actor	ntr_contain6	hoagy_carmichael	1
actor	ntr_contain6	edmund_lowe	1
actor	ntr_contain6	j_d_hawkins	1
actor	ntr_contain6	butterfly_mcqueen	1
actor	ntr_contain6	thomas_dilward	1
actor	ntr_contain6	bernhard_wicki	1
actor	ntr_contain6	marie_niedermann	1
actor	ntr_contain6	eric_christmas	1
actor	ntr_contain6	adam_williams	1
actor	ntr_contain6	pierre_batcheff	1
actor	ntr_contain6	slim_pickens	1
actor	ntr_contain6	anita_loos	1
actor	ntr_contain6	ethelreda_leopold	1
actor	ntr_contain6	brad_renfro	1
actor	ntr_contain6	dana_andrews	1
actor	ntr_contain6	theodor_julius_jaffe	1
actor	ntr_contain6	linda_darnell	1
actor	ntr_contain6	george_field	1
actor	ntr_contain6	charles_james_mathews	1
actor	ntr_contain6	pepe_marchena	1
actor	ntr_contain6	jeanne_eagels	1
actor	ntr_contain6	jayan	1
actor	ntr_contain6	james_neill	1
actor	ntr_contain6	donald_curtis	1
actor	ntr_contain6	jessie_ralph	1
actor	ntr_contain6	edward_woodward	1
actor	ntr_contain6	barton_maclane	1
actor	ntr_contain6	bob_denver	1
actor	ntr_contain6	leslie_cheung	1
actor	ntr_contain6	farid_al_atrache	1
actor	ntr_contain6	grace_moore	1
actor	ntr_contain6	madeline_kahn	1
actor	ntr_contain6	rachel_roberts	1
actor	ntr_contain6	tetsuro_tamba	1
actor	ntr_contain6	nino_manfredi	1
actor	ntr_contain6	maury_chaykin	1
actor	ntr_contain6	lionel_barrymore	1
actor	ntr_contain6	paul_harvey	1
actor	ntr_contain6	sara_seegar	1
actor	ntr_contain6	albert_macquarrie	1
actor	ntr_contain6	kurt_kasznar	1
actor	ntr_contain6	james_stewart	1
actor	ntr_contain6	romy_schneider	1
actor	ntr_contain6	edda_de_los_rios	1
actor	ntr_contain6	alain_cuny	1
actor	ntr_contain6	roy_atwell	1
actor	ntr_contain6	gale_robbins	1
actor	ntr_contain6	bud_jamison	1
actor	ntr_contain6	scatman_crothers	1
actor	ntr_contain6	daniel_ceccaldi	1
actor	ntr_contain6	giuseppe_addobbati	1
actor	ntr_contain6	paul_muni	1
actor	ntr_contain6	carl_mohner	1
actor	ntr_contain6	robert_ridgely	1
actor	ntr_contain6	gower_champion	1
actor	ntr_contain6	monique_serf	1
actor	ntr_contain6	norton_buffalo	1
actor	ntr_contain6	ben_aris	1
actor	ntr_contain6	marek_walczewski	1
actor	ntr_contain6	barry_evans	1
actor	ntr_contain6	michael_gilden	1
actor	ntr_contain6	nathaniel_carl_goodwin	1
actor	ntr_contain6	kristina_soderbaum	1
actor	ntr_contain6	margot_bryant	1
actor	ntr_contain6	serge_gainsbourg	1
actor	ntr_contain6	dick_york	1
actor	ntr_contain6	warly_ceriani	1
actor	ntr_contain6	will_mellor	1
actor	ntr_contain6	etienne_melingue	1
actor	ntr_contain6	janet_blair	1
actor	ntr_contain6	adelqui_migliar	1
actor	ntr_contain6	richard_burton	1
actor	ntr_contain6	rudolf_rittner	1
actor	ntr_contain6	derek_francis	1
actor	ntr_contain6	sammy_davis_jr	1
actor	ntr_contain6	robert_swenson	1
actor	ntr_contain6	hugh_paddick	1
actor	ntr_contain6	stanley_desantis	1
actor	ntr_contain6	emanuel_schikaneder	1
actor	ntr_contain6	charlie_hall	1
actor	ntr_contain6	pat_obrien	1
actor	ntr_contain6	harold_lloyd	1
actor	ntr_contain6	ken_ogata	1
actor	ntr_contain6	anne_grey	1
actor	ntr_contain6	marguerite_viby	1
actor	ntr_contain6	joyce_compton	1
actor	ntr_contain6	oliver_reed	1
actor	ntr_contain6	fritz_leiber_sr	1
actor	ntr_contain6	valeska_surratt	1
actor	ntr_contain6	dar_robinson	1
actor	ntr_contain6	freddie_prinze	1
actor	ntr_contain6	richard_biggs	1
actor	ntr_contain6	jose_marrone	1
actor	ntr_contain6	daniel_massey_1933	1
actor	ntr_contain6	thuy_trang	1
actor	ntr_contain6	delia_scala	1
actor	ntr_contain6	jack_gwillim	1
actor	ntr_contain6	lloyd_gough	1
actor	ntr_contain6	jud_taylor	1
actor	ntr_contain6	lucien_guitry	1
actor	ntr_contain6	peter_fernandez	1
actor	ntr_contain6	constance_binney	1
actor	ntr_contain6	ray_dennis_steckler	1
actor	ntr_contain6	deryck_guyler	1
actor	ntr_contain6	parveen_babi	1
actor	ntr_contain6	mervyn_leroy	1
actor	ntr_contain6	mary_philbin	1
actor	ntr_contain6	lyusyena_ovchinnikova	1
actor	ntr_contain6	sydney_earle_chaplin	1
actor	ntr_contain6	sanjeev_kumar_1938	1
actor	ntr_contain6	channing_pollock_1926	1
actor	ntr_contain6	william_faversham	1
actor	ntr_contain6	nina_pens_rode	1
actor	ntr_contain6	luciano_catenacci	1
actor	ntr_contain6	laurence_harvey	1
actor	ntr_contain6	errol_flynn	1
actor	ntr_contain6	ajit_khan	1
actor	ntr_contain6	vladimir_msryan	1
actor	ntr_contain6	amalia_rodrigues	1
actor	ntr_contain6	david_rappaport	1
actor	ntr_contain6	dack_rambo	1
actor	ntr_contain6	anton_diffring	1
actor	ntr_contain6	nina_foch	1
actor	ntr_contain6	leonid_leonidov	1
actor	ntr_contain6	elise_jakobsson_hwasser	1
actor	ntr_contain6	victor_varconi	1
actor	ntr_contain6	antony_hamilton	1
actor	ntr_contain6	dawn_evelyn_paris	1
actor	ntr_contain6	josephine_wessely	1
actor	ntr_contain6	pyotr_chardynin	1
actor	ntr_contain6	francis_mcdonald	1
actor	ntr_contain6	harry_benham	1
actor	ntr_contain6	lois_weber	1
actor	ntr_contain6	lawrence_barrett	1
actor	ntr_contain6	virginia_grey	1
actor	ntr_contain6	edith_piaf	1
actor	ntr_contain6	nicole_dehuff	1
actor	ntr_contain6	burr_mcintosh	1
actor	ntr_contain6	edward_oconnor_terry	1
actor	ntr_contain6	jimmy_dean	1
actor	ntr_contain6	rose_dione	1
actor	ntr_contain6	leonid_utyosov	1
actor	ntr_contain6	duane_jones	1
actor	ntr_contain6	olavi_ahonen	1
actor	ntr_contain6	jonathan_harris	1
actor	ntr_contain6	sydney_pollack	1
actor	ntr_contain6	bob_peck	1
actor	ntr_contain6	bernice_claire	1
actor	ntr_contain6	kim_mu_saeng	1
actor	ntr_contain6	olga_knipper	1
actor	ntr_contain6	miriam_cooper	1
actor	ntr_contain6	shin_saburi	1
actor	ntr_contain6	stella_adler	1
actor	ntr_contain6	patrick_allen	1
actor	ntr_contain6	william_stowell	1
actor	ntr_contain6	lee_morse	1
actor	ntr_contain6	saban_bajramovic	1
actor	ntr_contain6	oskar_sima	1
actor	ntr_contain6	connie_gilchrist	1
actor	ntr_contain6	otto_felix	1
actor	ntr_contain6	scott_beach	1
actor	ntr_contain6	fay_wray	1
actor	ntr_contain6	liva_weel	1
actor	ntr_contain6	jacques_villeret	1
actor	ntr_contain6	betty_grable	1
actor	ntr_contain6	ron_silver	1
actor	ntr_contain6	jean-pierre_cassel	1
actor	ntr_contain6	lambros_konstantaras	1
actor	ntr_contain6	warren_william	1
actor	ntr_contain6	frankie_burke	1
actor	ntr_contain6	roger_livesey	1
actor	ntr_contain6	georgia_caine	1
actor	ntr_contain6	jennifer_syme	1
actor	ntr_contain6	gustaf_grundgens	1
actor	ntr_contain6	mark_stevens_1916	1
actor	ntr_contain6	muriel_evans	1
actor	ntr_contain6	edward_loomis_davenport	1
actor	ntr_contain6	massimo_serato	1
actor	ntr_contain6	henry_ainley	1
actor	ntr_contain6	gordon_parks	1
actor	ntr_contain6	pauline_chase	1
actor	ntr_contain6	eileen_sedgwick	1
actor	ntr_contain6	salvo_randone	1
actor	ntr_contain6	viola_dana	1
actor	ntr_contain6	walter_brennan	1
actor	ntr_contain6	john_phillip_law	1
actor	ntr_contain6	addison_richards	1
actor	ntr_contain6	alexander_kaidonovsky	1
actor	ntr_contain6	alicia_moreda	1
actor	ntr_contain6	jennifer_moss	1
actor	ntr_contain6	lawrence_dobkin	1
actor	ntr_contain6	nancy_marchand	1
actor	ntr_contain6	robert_warwick	1
actor	ntr_contain6	ann_forrest	1
actor	ntr_contain6	maggie_mcnamara	1
actor	ntr_contain6	constance_talmadge	1
actor	ntr_contain6	ake_lindman	1
actor	ntr_contain6	jean_debucourt	1
actor	ntr_contain6	dorothy_devore	1
actor	ntr_contain6	raghuvaran	1
actor	ntr_contain6	maurice_pialat	1
actor	ntr_contain6	marlon_brando	1
actor	ntr_contain6	murder_of_anne_pressly	1
actor	ntr_contain6	harriet_hammond	1
actor	ntr_contain6	vijaya_kumaratunga	1
actor	ntr_contain6	florence_turner	1
actor	ntr_contain6	bob_mathias	1
actor	ntr_contain6	buddy_ebsen	1
actor	ntr_contain6	william_bendix	1
actor	ntr_contain6	carl_heinz_schroth	1
actor	ntr_contain6	mary_shaw	1
actor	ntr_contain6	patrick_topaloff	1
actor	ntr_contain6	paul_shenar	1
actor	ntr_contain6	mady_rahl	1
actor	ntr_contain6	goran_gentele	1
actor	ntr_contain6	leon_ames_1902	1
actor	ntr_contain6	stephan_rosti	1
actor	ntr_contain6	bert_lytell	1
actor	ntr_contain6	anatoly_solonitsyn	1
actor	ntr_contain6	esther_gorintin	1
actor	ntr_contain6	eddie_quillan	1
actor	ntr_contain6	riccardo_billi	1
actor	ntr_contain6	lilyan_tashman	1
actor	ntr_contain6	ed_begley	1
actor	ntr_contain6	the_game	1
actor	ntr_contain6	frank_gorshin	1
actor	ntr_contain6	roger_delgado	1
actor	ntr_contain6	annabella	1
actor	ntr_contain6	eric_porter	1
actor	ntr_contain6	paul_bonifas	1
actor	ntr_contain6	kate_price_1872	1
actor	ntr_contain6	p_l_travers	1
actor	ntr_contain6	frederick_stafford	1
actor	ntr_contain6	nigel_bruce	1
actor	ntr_contain6	charles_tingwell	1
actor	ntr_contain6	ofra_haza	1
actor	ntr_contain6	robert_prosky	1
actor	ntr_contain6	mabel_paige	1
actor	ntr_contain6	alan_ladd	1
actor	ntr_contain6	johannes_meyer	1
actor	ntr_contain6	barry_kelley	1
actor	ntr_contain6	adolphe_menjou	1
actor	ntr_contain6	barry_jones	1
actor	ntr_contain6	stanley_prager	1
actor	ntr_contain6	kathryn_adams	1
actor	ntr_contain6	ronald_colman	1
actor	ntr_contain6	roy_black	1
actor	ntr_contain6	dean_harens	1
actor	ntr_contain6	ed_gardner	1
actor	ntr_contain6	walter_long_1879	1
actor	ntr_contain6	will_rogers	1
actor	ntr_contain6	charles_mathews	1
actor	ntr_contain6	mamie_smith	1
actor	ntr_contain6	h_a_perera	1
actor	ntr_contain6	celia_montalvan	1
actor	ntr_contain6	joseph_jefferson	1
actor	ntr_contain6	jean_arthur	1
actor	ntr_contain6	josephine_hutchinson	1
actor	ntr_contain6	john_forsythe	1
actor	ntr_contain6	laura_devon	1
actor	ntr_contain6	lev_lemke	1
actor	ntr_contain6	cornel_wilde	1
actor	ntr_contain6	william_garwood	1
actor	ntr_contain6	edmund_cobb	1
actor	ntr_contain6	george_montgomery	1
actor	ntr_contain6	shirley_jean_rickert	1
actor	ntr_contain6	louise_dresser	1
actor	ntr_contain6	osa_massen	1
actor	ntr_contain6	soundarya	1
actor	ntr_contain6	bud_abbott	1
actor	ntr_contain6	clifton_young	1
actor	ntr_contain6	mrs_john_wood	1
actor	ntr_contain6	ulises_dumont	1
actor	ntr_contain6	james_broderick	1
actor	ntr_contain6	ernest_cossart	1
actor	ntr_contain6	beverlee_mckinsey	1
actor	ntr_contain6	alfie_bass	1
actor	ntr_contain6	dick_oneill	1
actor	ntr_contain6	henry_oneill	1
actor	ntr_contain6	nicholas_colasanto	1
actor	ntr_contain6	sal_mineo	1
actor	ntr_contain6	v_shantaram	1
actor	ntr_contain6	conrad_nagel	1
actor	ntr_contain6	loie_fuller	1
actor	ntr_contain6	lili_damita	1
actor	ntr_contain6	christy_cabanne	1
actor	ntr_contain6	karl_hardman	1
actor	ntr_contain6	virginia_bruce	1
actor	ntr_contain6	m_k_thyagaraja_bhagavathar	1
actor	ntr_contain6	julius_and_ethel_rosenberg	1
actor	ntr_contain6	ann_richards_1917	1
actor	ntr_contain6	barbara_la_marr	1
actor	ntr_contain6	mantan_moreland	1
actor	ntr_contain6	ernst-hugo_jaregard	1
actor	ntr_contain6	tomisaburo_wakayama	1
actor	ntr_contain6	roy_scheider	1
actor	ntr_contain6	cyd_charisse	1
actor	ntr_contain6	jason_bernard	1
actor	ntr_contain6	antonin_artaud	1
actor	ntr_contain6	arletty	1
actor	ntr_contain6	bobby_troup	1
actor	ntr_contain6	laurence_olivier	1
actor	ntr_contain6	jean_teule	1
actor	ntr_contain6	creighton_hale	1
actor	ntr_contain6	john_dall	1
actor	ntr_contain6	evelyn_hamann	1
actor	ntr_contain6	marty_feldman	1
actor	ntr_contain6	louise_rasmussen	1
actor	ntr_contain6	ann_sothern	1
actor	ntr_contain6	jill_esmond	1
actor	ntr_contain6	dorothy_janis	1
actor	ntr_contain6	cyril_shaps	1
actor	ntr_contain6	jack_lemmon	1
actor	ntr_contain6	ralph_bellamy	1
actor	ntr_contain6	fritzi_ridgeway	1
actor	ntr_contain6	john_cromwell	1
actor	ntr_contain6	bunny_breckinridge	1
actor	ntr_contain6	patric_knowles	1
actor	ntr_contain6	nat_pendleton	1
actor	ntr_contain6	ralph_foody	1
actor	ntr_contain6	ruby_murray	1
actor	ntr_contain6	archie_campbell	1
actor	ntr_contain6	joseph_schildkraut	1
actor	ntr_contain6	yisrael_poliakov	1
actor	ntr_contain6	stuart_holmes	1
actor	ntr_contain6	thora_hird	1
actor	ntr_contain6	edward_everett_horton	1
actor	ntr_contain6	miguel_angel_suarez	1
actor	ntr_contain6	lou_rawls	1
actor	ntr_contain6	lamont_bentley	1
actor	ntr_contain6	suzanne_flon	1
actor	ntr_contain6	leonard_barr	1
actor	ntr_contain6	rick_aviles	1
actor	ntr_contain6	joan_ohara	1
actor	ntr_contain6	james_aubrey	1
actor	ntr_contain6	mel_ferrer	1
actor	ntr_contain6	nicolas_anselme_baptiste	1
actor	ntr_contain6	moyna_macgill	1
actor	ntr_contain6	blanche_sweet	1
actor	ntr_contain6	burr_tillstrom	1
actor	ntr_contain6	lucille_bremer	1
actor	ntr_contain6	jessica_lal	1
actor	ntr_contain6	jessie_royce_landis	1
actor	ntr_contain6	daniela_rocca	1
actor	ntr_contain6	rex_everhart	1
actor	ntr_contain6	aage_winther_jorgensen	1
actor	ntr_contain6	william_hartnell	1
actor	ntr_contain6	pauline_lafont	1
actor	ntr_contain6	robert_harron	1
actor	ntr_contain6	emile_genest	1
actor	ntr_contain6	mrs_patrick_campbell	1
actor	ntr_contain6	gene_roth	1
actor	ntr_contain6	thomas_s_hamblin	1
actor	ntr_contain6	jeffrey_lynn	1
actor	ntr_contain6	will_hare	1
actor	ntr_contain6	mary_wickes	1
actor	ntr_contain6	edwin_forrest	1
actor	ntr_contain6	fernando_rey	1
actor	ntr_contain6	madhubala	1
actor	ntr_contain6	brenda_marshall	1
actor	ntr_contain6	fernandel	1
actor	ntr_contain6	terry-thomas	1
actor	ntr_contain6	eddie_laughton	1
actor	ntr_contain6	john_emerson_1874	1
actor	ntr_contain6	theodore_kosloff	1
actor	ntr_contain6	richard_bennett	1
actor	ntr_contain6	don_lafontaine	1
actor	ntr_contain6	roy_hart	1
actor	ntr_contain6	patrick_swayze	1
actor	ntr_contain6	patrick_mynhardt	1
actor	ntr_contain6	alexis_smith	1
actor	ntr_contain6	eddie_constantine	1
actor	ntr_contain6	jean_paul_roussillon	1
actor	ntr_contain6	richard_kiley	1
actor	ntr_contain6	adolfo_celi	1
actor	ntr_contain6	dorothea_kent	1
actor	ntr_contain6	philip_ahn	1
actor	ntr_contain6	tor_johnson	1
actor	ntr_contain6	evelyn_keyes	1
actor	ntr_contain6	frances_bavier	1
actor	ntr_contain6	willie_rushton	1
actor	ntr_contain6	alan_napier	1
actor	ntr_contain6	tammy_wynette	1
actor	ntr_contain6	m_g_ramachandran	1
actor	ntr_contain6	makhmud_esambayev	1
actor	ntr_contain6	charles_butterworth_1896	1
actor	ntr_contain6	daniel_wayne_smith	1
actor	ntr_contain6	patricia_roc	1
actor	ntr_contain6	forrest_stanley	1
actor	ntr_contain6	james_donald	1
actor	ntr_contain6	molly_parker	1
actor	ntr_contain6	dorothy_peterson	1
actor	ntr_contain6	gustaw_holoubek	1
actor	ntr_contain6	jerry_reed	1
actor	ntr_contain6	susan_cabot	1
actor	ntr_contain6	tom_ewell	1
actor	ntr_contain6	jan_kiepura	1
actor	ntr_contain6	frank_sinatra	1
actor	ntr_contain6	erna_morena	1
actor	ntr_contain6	helen_ferguson	1
actor	ntr_contain6	mario_brega	1
actor	ntr_contain6	john_hodiak	1
actor	ntr_contain6	greer_garson	1
actor	ntr_contain6	orson_welles	1
actor	ntr_contain6	roland_winters	1
actor	ntr_contain6	jerry_orbach	1
actor	ntr_contain6	roy_rogers	1
actor	ntr_contain6	christopher_bernau	1
actor	ntr_contain6	sybil_thorndike	1
actor	ntr_contain6	jay_c_flippen	1
actor	ntr_contain6	judith_barrett	1
actor	ntr_contain6	jose_luis_lopez_vazquez	1
actor	ntr_contain6	philip_ober	1
actor	ntr_contain6	ted_ross	1
actor	ntr_contain6	anne_revere	1
actor	ntr_contain6	amrish_puri	1
actor	ntr_contain6	sidney_gilliat	1
actor	ntr_contain6	tennessee_ernie_ford	1
actor	ntr_contain6	yuki_shimoda	1
actor	ntr_contain6	george_savalas	1
actor	ntr_contain6	nico	1
actor	ntr_contain6	max_schreck	1
actor	ntr_contain6	tom_mason	1
actor	ntr_contain6	hector_anglada	1
actor	ntr_contain6	dorothy_cumming	1
actor	ntr_contain6	may_whitty	1
actor	ntr_contain6	leslie_henson	1
actor	ntr_contain6	georges_wilson	1
actor	ntr_contain6	sandy_dennis	1
actor	ntr_contain6	glenda_farrell	1
actor	ntr_contain6	dave_obrien_1912	1
actor	ntr_contain6	jim_zulevic	1
actor	ntr_contain6	ed_gilbert_1931	1
actor	ntr_contain6	reginald_gardiner	1
actor	ntr_contain6	giulietta_masina	1
actor	ntr_contain6	kent_taylor	1
actor	ntr_contain6	albert_lortzing	1
actor	ntr_contain6	arthur_bourchier	1
actor	ntr_contain6	anna_cora_mowatt	1
actor	ntr_contain6	iftekhar	1
actor	ntr_contain6	nikolai_grinko	1
actor	ntr_contain6	georgia_cayvan	1
actor	ntr_contain6	noel_toy	1
actor	ntr_contain6	ford_rainey	1
actor	ntr_contain6	ella_margaret_gibson	1
actor	ntr_contain6	bobby_van	1
actor	ntr_contain6	billie_bird	1
actor	ntr_contain6	alfred_st_john	1
actor	ntr_contain6	adolph_caesar	1
actor	ntr_contain6	danny_chan	1
actor	ntr_contain6	ahmad_agdamski	1
actor	ntr_contain6	ruth_cracknell	1
actor	ntr_contain6	mimi_pollak	1
actor	ntr_contain6	doodles_weaver	1
actor	ntr_contain6	krystyna_feldman	1
actor	ntr_contain6	frank_wolff_1928	1
actor	ntr_contain6	estelle_getty	1
actor	ntr_contain6	edward_earl_terry	1
actor	ntr_contain6	maurice_ronet	1
actor	ntr_contain6	bela_lugosi	1
actor	ntr_contain6	ray_combs	1
actor	ntr_contain6	ian_hunter_1900	1
actor	ntr_contain6	desmond_tester	1
actor	ntr_contain6	jacques_tati	1
actor	ntr_contain6	smiley_burnette	1
actor	ntr_contain6	larry_hovis	1
actor	ntr_contain6	ruth_mcdevitt	1
actor	ntr_contain6	barbara_bennett	1
actor	ntr_contain6	norman_chubby_chaney	1
actor	ntr_contain6	carl_alstrup	1
actor	ntr_contain6	lee_marvin	1
actor	ntr_contain6	cheryl_holdridge	1
actor	ntr_contain6	larry_parks	1
actor	ntr_contain6	oscar_polk	1
actor	ntr_contain6	tommy_rettig	1
actor	ntr_contain6	tikhon_khrennikov	1
actor	ntr_contain6	dean_martin	1
actor	ntr_contain6	marco_ferreri	1
actor	ntr_contain6	anna_neagle	1
actor	ntr_contain6	kate_claxton	1
actor	ntr_contain6	rubens_de_falco	1
actor	ntr_contain6	andrei_popov	1
actor	ntr_contain6	jacques_rispal	1
actor	ntr_contain6	frank_brownlee	1
actor	ntr_contain6	hauk_aabel	1
actor	ntr_contain6	sheldon_leonard	1
actor	ntr_contain6	louise_glaum	1
actor	ntr_contain6	robert_baddeley	1
actor	ntr_contain6	jack_watling	1
actor	ntr_contain6	ted_bessell	1
actor	ntr_contain6	violet_carson	1
actor	ntr_contain6	jim_backus	1
actor	ntr_contain6	ross_davidson	1
actor	ntr_contain6	mickey_daniels	1
actor	ntr_contain6	keye_luke	1
actor	ntr_contain6	jean-louis_barrault	1
actor	ntr_contain6	joe_maross	1
actor	ntr_contain6	don_red_barry	1
actor	ntr_contain6	hoot_gibson	1
actor	ntr_contain6	ida_aalberg	1
actor	ntr_contain6	warren_oates	1
actor	ntr_contain6	john_ford	1
actor	ntr_contain6	pauline_garon	1
actor	ntr_contain6	ramon_rivero	1
actor	ntr_contain6	massimo_girotti	1
actor	ntr_contain6	charles_wyndham	1
actor	ntr_contain6	joe_viterelli	1
actor	ntr_contain6	irish_mccalla	1
actor	ntr_contain6	hugo_thimig	1
actor	ntr_contain6	dolores_del_rio	1
actor	ntr_contain6	anthony_steel	1
actor	ntr_contain6	jonathan_brandis	1
actor	ntr_contain6	bebe_daniels	1
actor	ntr_contain6	lotte_lenya	1
actor	ntr_contain6	shobhna_samarth	1
actor	ntr_contain6	stafford_repp	1
actor	ntr_contain6	gareth_hunt	1
actor	ntr_contain6	adah_isaacs_menken	1
actor	ntr_contain6	marshall_neilan	1
actor	ntr_contain6	kyu_sakamoto	1
actor	ntr_contain6	louis_hayward	1
actor	ntr_contain6	albert_austin	1
actor	ntr_contain6	edward_andrews	1
actor	ntr_contain6	kermit_love	1
actor	ntr_contain6	bruno_kirby	1
actor	ntr_contain6	vinod_mehra	1
actor	ntr_contain6	brigid_bazlen	1
actor	ntr_contain6	john_lennon	1
actor	ntr_contain6	john_frankenheimer	1
actor	ntr_contain6	curd_jurgens	1
actor	ntr_contain6	lucien_littlefield	1
actor	ntr_contain6	ken_curtis	1
actor	ntr_contain6	ian_bannen	1
actor	ntr_contain6	ethel_merman	1
actor	ntr_contain6	marguerite_courtot	1
actor	ntr_contain6	mary_mccarty	1
actor	ntr_contain6	jay_belasco	1
actor	ntr_contain6	karl_swenson	1
actor	ntr_contain6	hjordis_petterson	1
actor	ntr_contain6	don_adams	1
actor	ntr_contain6	babz_chula	1
actor	ntr_contain6	dennis_weaver	1
actor	ntr_contain6	sid_vicious	1
actor	ntr_contain6	lane_smith	1
actor	ntr_contain6	frank_middlemass	1
actor	ntr_contain6	charles_arnt	1
actor	ntr_contain6	marie_dumesnil	1
actor	ntr_contain6	les_tremayne	1
actor	ntr_contain6	esther_rolle	1
actor	ntr_contain6	abdel_halim_hafez	1
actor	ntr_contain6	river_phoenix	1
actor	ntr_contain6	otis_harlan	1
actor	ntr_contain6	wilfrid_brambell	1
actor	ntr_contain6	mary_forbes	1
actor	ntr_contain6	andrea_checchi	1
actor	ntr_contain6	donald_wolfit	1
actor	ntr_contain6	andre_antoine	1
actor	ntr_contain6	gabriel_signoret	1
actor	ntr_contain6	folco_lulli	1
actor	ntr_contain6	alice_calhoun	1
actor	ntr_contain6	pat_mcdonald	1
actor	ntr_contain6	yevgeniy_yevstigneyev	1
actor	ntr_contain6	marie_walcamp	1
actor	ntr_contain6	ezzel_dine_zulficar	1
actor	ntr_contain6	pat_coombs	1
actor	ntr_contain6	chuck_connors	1
actor	ntr_contain6	jean_hersholt	1
actor	ntr_contain6	rudolf_forster	1
actor	ntr_contain6	arnold_diamond	1
actor	ntr_contain6	barbara_britton	1
actor	ntr_contain6	nyi_pu	1
actor	ntr_contain6	allen_aynesworth	1
actor	ntr_contain6	edna_goodrich	1
actor	ntr_contain6	gene_barry	1
actor	ntr_contain6	anthony_warde	1
actor	ntr_contain6	bob_monkhouse	1
actor	ntr_contain6	don_haggerty	1
actor	ntr_contain6	benoit-constant_coquelin	1
actor	ntr_contain6	douglas_gerrard	1
actor	ntr_contain6	philippe_leotard	1
actor	ntr_contain6	anthony_quayle	1
actor	ntr_contain6	cathy_downs	1
actor	ntr_contain6	vivian_blaine	1
actor	ntr_contain6	ron_vawter	1
actor	ntr_contain6	barnard_hughes	1
actor	ntr_contain6	minoru_chiaki	1
actor	ntr_contain6	edmond_van_daele	1
actor	ntr_contain6	warner_oland	1
actor	ntr_contain6	eva_novak	1
actor	ntr_contain6	tanny_mcdonald	1
actor	ntr_contain6	don_porter	1
actor	ntr_contain6	tex_ritter	1
actor	ntr_contain6	sally_gray	1
actor	ntr_contain6	isaac_asimov	1
actor	ntr_contain6	andy_devine	1
actor	ntr_contain6	john_raitt	1
actor	ntr_contain6	stuart_robson	1
actor	ntr_contain6	tammy_faye	1
actor	ntr_contain6	peter_finch	1
actor	ntr_contain6	anton_rodgers	1
actor	ntr_contain6	juanita_hall	1
actor	ntr_contain6	hasse_ekman	1
actor	ntr_contain6	foster_brooks	1
actor	ntr_contain6	henrique_viana	1
actor	ntr_contain6	claire_anderson	1
actor	ntr_contain6	richard_carlson	1
actor	ntr_contain6	roscoe_lee_browne	1
actor	ntr_contain6	herb_edelman	1
actor	ntr_contain6	michael_ripper	1
actor	ntr_contain6	erik_rhodes	1
actor	ntr_contain6	josef_swickard	1
actor	ntr_contain6	lucille_young	1
actor	ntr_contain6	colin_clive	1
actor	ntr_contain6	arthur_edmund_carewe	1
actor	ntr_contain6	frank_puglia	1
actor	ntr_contain6	carole_lombard	1
actor	ntr_contain6	quentin_tod	1
actor	ntr_contain6	james_henry_hackett	1
actor	ntr_contain6	wilhelm_von_homburg	1
actor	ntr_contain6	john_ireland_1914	1
actor	ntr_contain6	john_wilkes_booth	1
actor	ntr_contain6	george_furth	1
actor	ntr_contain6	derek_newark	1
actor	ntr_contain6	shirley_stoler	1
actor	ntr_contain6	seena_owen	1
actor	ntr_contain6	isao_kimura	1
actor	ntr_contain6	karel_hasler	1
actor	ntr_contain6	rex_allen	1
actor	ntr_contain6	lisa_lopes	1
actor	ntr_contain6	leon_askin	1
actor	ntr_contain6	julissa_brisman	1
actor	ntr_contain6	romeo_muller	1
actor	ntr_contain6	david_opatoshu	1
actor	ntr_contain6	james_william_wallack	1
actor	ntr_contain6	charlotte_eckerman	1
actor	ntr_contain6	peter_donald	1
actor	ntr_contain6	tommy_bond	1
actor	ntr_contain6	yvonne_de_carlo	1
actor	ntr_contain6	alan_macnaughtan	1
actor	ntr_contain6	eyvind_johan_svendsen	1
actor	ntr_contain6	leila_hyams	1
actor	ntr_contain6	harry_solter	1
actor	ntr_contain6	peter_graves	1
actor	ntr_contain6	james_gleason	1
actor	ntr_contain6	chips_rafferty	1
actor	ntr_contain6	larry_martyn	1
actor	ntr_contain6	rene_genin	1
actor	ntr_contain6	paul_america	1
actor	ntr_contain6	maurice_evans	1
actor	ntr_contain6	jackie_condon	1
actor	ntr_contain6	mammy_lou	1
actor	ntr_contain6	sigfred_johansen	1
actor	ntr_contain6	ian_marter	1
actor	ntr_contain6	lily_bouwmeester	1
actor	ntr_contain6	spottiswoode_aitken	1
actor	ntr_contain6	maila_nurmi	1
actor	ntr_contain6	sam_levene	1
actor	ntr_contain6	anthony_minghella	1
actor	ntr_contain6	linda_stirling	1
actor	ntr_contain6	micke_dubois	1
actor	ntr_contain6	powhatan_beaty	1
actor	ntr_contain6	wong_jim	1
actor	ntr_contain6	vijay_anand	1
actor	ntr_contain6	eduardo_de_filippo	1
actor	ntr_contain6	harley_granville-barker	1
actor	ntr_contain6	gonzalo_olave	1
actor	ntr_contain6	harold_innocent	1
actor	ntr_contain6	enrique_muino	1
actor	ntr_contain6	gary_coleman	1
actor	ntr_contain6	gigi_ballista	1
actor	ntr_contain6	james_cagney	1
actor	ntr_contain6	wanda_hendrix	1
actor	ntr_contain6	vladimir_gardin	1
actor	ntr_contain6	andreas_katsulas	1
actor	ntr_contain6	ed_bishop	1
actor	ntr_contain6	nikos_sergianopoulos	1
actor	ntr_contain6	robert_urich	1
actor	ntr_contain6	anthony_ainley	1
actor	ntr_contain6	franklin_pangborn	1
actor	ntr_contain6	jim_varney	1
actor	ntr_contain6	charles_b_cochran	1
actor	ntr_contain6	p_k_raja_sandow	1
actor	ntr_contain6	sheila_terry_1910	1
actor	ntr_contain6	al_martino	1
actor	ntr_contain6	johnnie_l_cochran_jr	1
actor	ntr_contain6	irene_handl	1
actor	ntr_contain6	colin_bean	1
actor	ntr_contain6	oscar_asche	1
actor	ntr_contain6	anne_crawford	1
actor	ntr_contain6	mark_mcmanus	1
actor	ntr_contain6	jack_warner_1896	1
actor	ntr_contain6	william_a_wellman	1
actor	ntr_contain6	joseph_chaikin	1
actor	ntr_contain6	edward_mulhare	1
actor	ntr_contain6	sylvia_sidney	1
actor	ntr_contain6	sylva_koscina	1
actor	ntr_contain6	sandra_dee	1
actor	ntr_contain6	gene_tierney	1
actor	ntr_contain6	bobby_kottarakkara	1
actor	ntr_contain6	dorothy_short	1
actor	ntr_contain6	lynne_frederick	1
actor	ntr_contain6	marina_berti	1
actor	ntr_contain6	emerson_treacy	1
actor	ntr_contain6	frank_shannon	1
actor	ntr_contain6	eleanor_robson_belmont	1
actor	ntr_contain6	henry_kolker	1
actor	ntr_contain6	se7en_1984	1
actor	ntr_contain6	al_hunter_ashton	1
actor	ntr_contain6	nevena_kokanova	1
actor	ntr_contain6	keenan_wynn	1
actor	ntr_contain6	tilla_durieux	1
actor	ntr_contain6	richard_rober	1
actor	ntr_contain6	howard_morris	1
actor	ntr_contain6	juan_soler	1
actor	ntr_contain6	bobby_driscoll	1
actor	ntr_contain6	ellen_gottschalch_1894	1
actor	ntr_contain6	beata_sabina_straas	1
actor	ntr_contain6	allan_edwall	1
actor	ntr_contain6	victor_jory	1
actor	ntr_contain6	robert_allen_1906	1
actor	ntr_contain6	esther_fernandez	1
actor	ntr_contain6	viola_allen	1
actor	ntr_contain6	christian_brando	1
actor	ntr_contain6	simone_renant	1
actor	ntr_contain6	jason_raize	1
actor	ntr_contain6	james_robertson_justice	1
actor	ntr_contain6	anne_bancroft	1
actor	ntr_contain6	joe_besser	1
actor	ntr_contain6	dorothy_lamour	1
actor	ntr_contain6	keith_andes	1
actor	ntr_contain6	pier_paolo_pasolini	1
actor	ntr_contain6	jean_acker	1
actor	ntr_contain6	mikhail_ulyanov	1
actor	ntr_contain6	george_carlin	1
actor	ntr_contain6	hayden_rorke	1
actor	ntr_contain6	milburn_stone	1
actor	ntr_contain6	isabel_jeans	1
actor	ntr_contain6	annette_vadim	1
actor	ntr_contain6	coleman_francis	1
actor	ntr_contain6	peggy_lee	1
actor	ntr_contain6	jon_pertwee	1
actor	ntr_contain6	patrick_cargill	1
actor	ntr_contain6	james_lyons	1
actor	ntr_contain6	james_cruze	1
actor	ntr_contain6	grace_kelly	1
actor	ntr_contain6	garrick_hagon	1
actor	ntr_contain6	ferenc_molnar	1
actor	ntr_contain6	svend_methling	1
actor	ntr_contain6	claire_adams	1
actor	ntr_contain6	andrei_kostrichkin	1
actor	ntr_contain6	toke_townley	1
actor	ntr_contain6	lo_lieh	1
actor	ntr_contain6	cedric_hardwicke	1
actor	ntr_contain6	william_talman	1
actor	ntr_contain6	christopher_hancock	1
actor	ntr_contain6	julia_neilson	1
actor	ntr_contain6	june_collyer	1
actor	ntr_contain6	roy_redgrave	1
actor	ntr_contain6	ed_flanders	1
actor	ntr_contain6	renato_salvatori	1
actor	ntr_contain6	roland_dantes	1
actor	ntr_contain6	john_banner	1
actor	ntr_contain6	laurent_terzieff	1
actor	ntr_contain6	jack_conway_1887	1
actor	ntr_contain6	woody_van_dyke	1
actor	ntr_contain6	fortunio_bonanova	1
actor	ntr_contain6	eric_portman	1
actor	ntr_contain6	dinsdale_landen	1
actor	ntr_contain6	alec_guinness	1
actor	ntr_contain6	dorothy_dandridge	1
actor	ntr_contain6	al_lettieri	1
actor	ntr_contain6	nikolai_cherkasov	1
actor	ntr_contain6	glenn_anders	1
actor	ntr_contain6	edna_best	1
actor	ntr_contain6	burt_lancaster	1
actor	ntr_contain6	hugh_reilly	1
actor	ntr_contain6	ernest_thesiger	1
actor	ntr_contain6	bill_bixby	1
actor	ntr_contain6	ben_bard	1
actor	ntr_contain6	robert_alda	1
actor	ntr_contain6	rue_mcclanahan	1
actor	ntr_contain6	harold_pinter	1
actor	ntr_contain6	horst_buchholz	1
actor	ntr_contain6	karen_fraction	1
actor	ntr_contain6	orrall_humphrey	1
actor	ntr_contain6	balan_k_nair	1
actor	ntr_contain6	jeanne_cagney	1
actor	ntr_contain6	tom_chatterton	1
actor	ntr_contain6	ramses_shaffy	1
actor	ntr_contain6	dallas_mckennon	1
actor	ntr_contain6	asmahan	1
actor	ntr_contain6	gaston_modot	1
actor	ntr_contain6	madeleine_carroll	1
actor	ntr_contain6	peggy_hopkins_joyce	1
actor	ntr_contain6	aurelien_lugne-poe	1
actor	ntr_contain6	olga_san_juan	1
actor	ntr_contain6	d_w_griffith	1
actor	ntr_contain6	dana_plato	1
actor	ntr_contain6	nafisa_joseph	1
actor	ntr_contain6	erling_schroeder	1
actor	ntr_contain6	chancellor_olcott	1
actor	ntr_contain6	ronald_squire	1
actor	ntr_contain6	larry_fine_1902	1
actor	ntr_contain6	paul_lukas	1
actor	ntr_contain6	douglass_watson	1
actor	ntr_contain6	suzanne_despres	1
actor	ntr_contain6	constance_ford	1
actor	ntr_contain6	dudley_moore	1
actor	ntr_contain6	sam_lucas	1
actor	ntr_contain6	john_sleeper_clarke	1
actor	ntr_contain6	jean_yanne	1
actor	ntr_contain6	ben_johnson_1918	1
actor	ntr_contain6	harold_bennett	1
actor	ntr_contain6	helen_cherry	1
actor	ntr_contain6	john_beal	1
actor	ntr_contain6	clint_ritchie	1
actor	ntr_contain6	marjorie_daw	1
actor	ntr_contain6	claude_jutra	1
actor	ntr_contain6	leslie_crowther	1
actor	ntr_contain6	herbert_marshall	1
actor	ntr_contain6	zeljko_bozic	1
actor	ntr_contain6	juzo_itami	1
actor	ntr_contain6	tsumasaburo_bando	1
actor	ntr_contain6	coral_browne	1
actor	ntr_contain6	seiji_miyaguchi	1
actor	ntr_contain6	greg_morris	1
actor	ntr_contain6	herk_harvey	1
actor	ntr_contain6	beryl_mercer	1
actor	ntr_contain6	joseph_wiseman	1
actor	ntr_contain6	aleksandr_abdulov	1
actor	ntr_contain6	frank_buck	1
actor	ntr_contain6	laura_sadler	1
actor	ntr_contain6	tom_bell_1933	1
actor	ntr_contain6	toby_robins	1
actor	ntr_contain6	maggie_moore	1
actor	ntr_contain6	fay_bainter	1
actor	ntr_contain6	robert_keith	1
actor	ntr_contain6	max_showalter	1
actor	ntr_contain6	irving_cummings	1
actor	ntr_contain6	alice_hollister	1
actor	ntr_contain6	john_edward_mccullough	1
actor	ntr_contain6	billy_lee	1
actor	ntr_contain6	henrietta_vinton_davis	1
actor	ntr_contain6	david_bauer_1917	1
actor	ntr_contain6	anthony_k_roberts	1
actor	ntr_contain6	dean_reed	1
actor	ntr_contain6	barbara_ruick	1
actor	ntr_contain6	red_foley	1
actor	ntr_contain6	charles_blavette	1
actor	ntr_contain6	richard_fiske	1
actor	ntr_contain6	maureen_osullivan	1
actor	ntr_contain6	james_murray	1
actor	ntr_contain6	timothy_carey	1
actor	ntr_contain6	jean-pierre_aumont	1
actor	ntr_contain6	philip_gilbert	1
actor	ntr_contain6	anthony_newley	1
actor	ntr_contain6	macdonald_carey	1
actor	ntr_contain6	george_jessel	1
actor	ntr_contain6	francis_magalona	1
actor	ntr_contain6	benny_hill	1
actor	ntr_contain6	ethel_grandin	1
actor	ntr_contain6	fritzi_brunette	1
actor	ntr_contain6	norman_kerry	1
actor	ntr_contain6	bernard_lee	1
actor	ntr_contain6	hans_conried	1
actor	ntr_contain6	kitty_carlisle_hart	1
actor	ntr_contain6	anna_q_nilsson	1
actor	ntr_contain6	maria_antonieta_pons	1
actor	ntr_contain6	sonny_bono	1
actor	ntr_contain6	ossi_oswalda	1
actor	ntr_contain6	lewis_stone	1
actor	ntr_contain6	dick_haymes	1
actor	ntr_contain6	mollie_sugden	1
actor	ntr_contain6	maxine_elliott	1
actor	ntr_contain6	john_mcguire	1
actor	ntr_contain6	stewart_granger	1
actor	ntr_contain6	cyril_luckham	1
actor	ntr_contain6	narendra_prasad	1
actor	ntr_contain6	james_c_morton	1
actor	ntr_contain6	mack_swain	1
actor	ntr_contain6	heinrich_schweiger	1
actor	ntr_contain6	boris_karloff	1
actor	ntr_contain6	redd_foxx	1
actor	ntr_contain6	garry_moore	1
actor	ntr_contain6	esko_nikkari	1
actor	ntr_contain6	mae_questel	1
actor	ntr_contain6	frederick_lemaitre	1
actor	ntr_contain6	willy_fritsch	1
actor	ntr_contain6	attila_kaszas	1
actor	ntr_contain6	philippe_noiret	1
actor	ntr_contain6	ruth_donnelly	1
actor	ntr_contain6	alastair_sim	1
actor	ntr_contain6	leonce_perret	1
actor	ntr_contain6	jeanie_macpherson	1
actor	ntr_contain6	nelly_borgeaud	1
actor	ntr_contain6	gertrude_robinson	1
actor	ntr_contain6	corinne_luchaire	1
actor	ntr_contain6	leopoldo_trieste	1
actor	ntr_contain6	bogumil_dawison	1
actor	ntr_contain6	robert_doqui	1
actor	ntr_contain6	gloria_dickson	1
actor	ntr_contain6	bokuzen_hidari	1
actor	ntr_contain6	celia_adler	1
actor	ntr_contain6	florence_lee	1
actor	ntr_contain6	princess_norina_matchabelli	1
actor	ntr_contain6	alexander_gaden	1
actor	ntr_contain6	olive_logan	1
actor	ntr_contain6	dudley_manlove	1
actor	ntr_contain6	george_grizzard	1
actor	ntr_contain6	don_knotts	1
actor	ntr_contain6	sumita_devi	1
actor	ntr_contain6	hume_cronyn	1
actor	ntr_contain6	john_normington	1
actor	ntr_contain6	earle_foxe	1
actor	ntr_contain6	symona_boniface	1
actor	ntr_contain6	gretchen_lederer	1
actor	ntr_contain6	fred_snowflake_toones	1
actor	ntr_contain6	edmund_falconer	1
actor	ntr_contain6	ron_asheton	1
actor	ntr_contain6	peter_lind_hayes	1
actor	ntr_contain6	vladimir_vysotsky	1
actor	ntr_contain6	hugh_oconnor	1
actor	ntr_contain6	clara_peller	1
actor	ntr_contain6	larry_adler	1
actor	ntr_contain6	jeanne_bates	1
actor	ntr_contain6	erich_von_stroheim	1
actor	ntr_contain6	miriam_makeba	1
actor	ntr_contain6	robert_emmett_oconnor	1
actor	ntr_contain6	steve_james_1952	1
actor	ntr_contain6	jacques_marin	1
actor	ntr_contain6	harry_stockwell	1
actor	ntr_contain6	evelyn_preer	1
actor	ntr_contain6	benita_hume	1
actor	ntr_contain6	p_bhaskaran	1
actor	ntr_contain6	marie_wilson_1916	1
actor	ntr_contain6	marguerite_clayton	1
actor	ntr_contain6	patrick_tull	1
actor	ntr_contain6	gummo_marx	1
actor	ntr_contain6	barry_morse	1
actor	ntr_contain6	santosh_kumar	1
actor	ntr_contain6	david_bacon	1
actor	ntr_contain6	astrid_allwyn	1
actor	ntr_contain6	kam_fong_chun	1
actor	ntr_contain6	vincent_coleman	1
actor	ntr_contain6	yoichi_numata	1
actor	ntr_contain6	gun_rs_cilinskis	1
actor	ntr_contain6	patsy_rowlands	1
actor	ntr_contain6	m_n_nambiar	1
actor	ntr_contain6	will_sampson	1
actor	ntr_contain6	elsie_ferguson	1
actor	ntr_contain6	henry_lehrman	1
actor	ntr_contain6	h_b_warner	1
actor	ntr_contain6	nigel_de_brulier	1
actor	ntr_contain6	edward_g_robinson	1
actor	ntr_contain6	constance_bennett	1
actor	ntr_contain6	juan_carlos_thorry	1
actor	ntr_contain6	karen_steele	1
actor	ntr_contain6	edward_gordon_craig	1
actor	ntr_contain6	screamin_jay_hawkins	1
actor	ntr_contain6	richard_basehart	1
actor	ntr_contain6	henry_bergman	1
actor	ntr_contain6	gabrielle_rejane	1
actor	ntr_contain6	kenny_baker_1912	1
actor	ntr_contain6	rex_ingram_1895	1
actor	ntr_contain6	benjamin_nottingham_webster	1
actor	ntr_contain6	peter_borgelt	1
actor	ntr_contain6	lillian_gish	1
actor	ntr_contain6	aubrey_smith	1
actor	ntr_contain6	rory_calhoun	1
actor	ntr_contain6	marin_sais	1
actor	ntr_contain6	eddie_acuff	1
actor	ntr_contain6	tenho_sauren	1
actor	ntr_contain6	george_burns	1
actor	ntr_contain6	dick_crockett	1
actor	ntr_contain6	marie_mcdonald	1
actor	ntr_contain6	lamar_johnstone	1
actor	ntr_contain6	big_john_studd	1
actor	ntr_contain6	valerie_hobson	1
actor	ntr_contain6	august_wilhelm_iffland	1
actor	ntr_contain6	pete_duel	1
actor	ntr_contain6	leonard_rossiter	1
actor	ntr_contain6	cecil_kellaway	1
actor	ntr_contain6	hugh_beaumont	1
actor	ntr_contain6	poul_reichhardt	1
actor	ntr_contain6	mehmood	1
actor	ntr_contain6	johanna_sallstrom	1
actor	ntr_contain6	tom_chatto	1
actor	ntr_contain6	norman_painting	1
actor	ntr_contain6	mischa_auer	1
actor	ntr_contain6	william_gillette	1
actor	ntr_contain6	phyllis_calvert	1
actor	ntr_contain6	sonja_savic	1
actor	ntr_contain6	javier_solis	1
actor	ntr_contain6	joe_strummer	1
actor	ntr_contain6	lina_basquette	1
actor	ntr_contain6	robert_goulet	1
actor	ntr_contain6	carl_wayne	1
actor	ntr_contain6	wilson_barrett	1
actor	ntr_contain6	joan_woodbury	1
actor	ntr_contain6	aaron_spelling	1
actor	ntr_contain6	ora_carew	1
actor	ntr_contain6	david_groh	1
actor	ntr_contain6	george_hertzberg	1
actor	ntr_contain6	willy_millowitsch	1
actor	ntr_contain6	charles_brookfield	1
actor	ntr_contain6	jack_douglas_1927	1
actor	ntr_contain6	mark_shivas	1
actor	ntr_contain6	victor_argo	1
actor	ntr_contain6	jorge_negrete	1
actor	ntr_contain6	peter_malberg	1
actor	ntr_contain6	sergei_bodrov_jr	1
actor	ntr_contain6	george_hart_ferguson	1
actor	ntr_contain6	ovidi_montllor	1
actor	ntr_contain6	luther_allison	1
actor	ntr_contain6	anne_pitoniak	1
actor	ntr_contain6	nick_adams	1
actor	ntr_contain6	wallace_shawn	1
actor	ntr_contain6	peter_lorre	1
actor	ntr_contain6	olga_baclanova	1
actor	ntr_contain6	anissa_jones	1
actor	ntr_contain6	teala_loring	1
actor	ntr_contain6	virginia_capers	1
actor	ntr_contain6	allen_jenkins	1
actor	ntr_contain6	karl_gustav_ahlefeldt	1
actor	ntr_contain6	vladimir_mensik	1
actor	ntr_contain6	pete_morrison	1
actor	ntr_contain6	blake_butler	1
actor	ntr_contain6	eugene_jackson	1
actor	ntr_contain6	laura_betti	1
actor	ntr_contain6	john_candy	1
actor	ntr_contain6	charles_stanton_ogle	1
actor	ntr_contain6	chester_morris	1
actor	ntr_contain6	guillermo_battaglia	1
actor	ntr_contain6	mildred_harris	1
actor	ntr_contain6	harry_guardino	1
actor	ntr_contain6	ross_bagdasarian	1
actor	ntr_contain6	francis_x_bushman	1
actor	ntr_contain6	leni_riefenstahl	1
actor	ntr_contain6	kirk_alyn	1
actor	ntr_contain6	amjad_khan	1
actor	ntr_contain6	howard_da_silva	1
actor	ntr_contain6	jack_may	1
actor	ntr_contain6	beatrice_straight	1
actor	ntr_contain6	chan_shen	1
actor	ntr_contain6	theo_van_gogh	1
actor	ntr_contain6	laura_la_plante	1
actor	ntr_contain6	hoyt_axton	1
actor	ntr_contain6	ella_hall	1
actor	ntr_contain6	kiyoshi_atsumi	1
actor	ntr_contain6	wolfgang_gronebaum	1
actor	ntr_contain6	glenn_corbett	1
actor	ntr_contain6	volker_prechtel	1
actor	ntr_contain6	chris_penn	1
actor	ntr_contain6	richard_jaeckel	1
actor	ntr_contain6	ross_martin	1
actor	ntr_contain6	harry_bartell	1
actor	ntr_contain6	richard_deacon_1921	1
actor	ntr_contain6	danilo_bata_stojkovic	1
actor	ntr_contain6	raymond_bussieres	1
actor	ntr_contain6	franca_marzi	1
actor	ntr_contain6	gustav_von_wangenheim	1
actor	ntr_contain6	antonio_casal	1
actor	ntr_contain6	arthur_hunnicutt	1
actor	ntr_contain6	evelyn_west	1
actor	ntr_contain6	robert_benchley	1
actor	ntr_contain6	michael_sundin	1
actor	ntr_contain6	jacques_brel	1
actor	ntr_contain6	michael_conrad	1
actor	ntr_contain6	ivan_desny	1
actor	ntr_contain6	marie_mosquini	1
actor	ntr_contain6	titina_de_filippo	1
actor	ntr_contain6	mako_1933	1
actor	ntr_contain6	boris_chirkov	1
actor	ntr_contain6	rudy_ray_moore	1
actor	ntr_contain6	frances_langford	1
actor	ntr_contain6	anne_baxter	1
actor	ntr_contain6	carl_betz	1
actor	ntr_contain6	nick_cravat	1
actor	ntr_contain6	samuel_phelps	1
actor	ntr_contain6	elizabeth_allen	1
actor	ntr_contain6	jack_oakie	1
actor	ntr_contain6	kevin_mccarthy	1
actor	ntr_contain6	john_ritter	1
actor	ntr_contain6	william_evans_burton	1
actor	ntr_contain6	hermione_gingold	1
actor	ntr_contain6	michael_sheard	1
actor	ntr_contain6	manolo_moran	1
actor	ntr_contain6	nora_bayes	1
actor	ntr_contain6	james_gammon	1
actor	ntr_contain6	glenn_hughes_1950	1
actor	ntr_contain6	tom_poston	1
actor	ntr_contain6	lash_la_rue	1
actor	ntr_contain6	jim_siedow	1
actor	ntr_contain6	tom_forman	1
actor	ntr_contain6	don_simpson	1
actor	ntr_contain6	claire_davenport	1
actor	ntr_contain6	michael_p_moran	1
actor	ntr_contain6	jiri_slitr	1
actor	ntr_contain6	trevor_goddard	1
actor	ntr_contain6	richard_jordan	1
actor	ntr_contain6	danny_kaye	1
actor	ntr_contain6	johnny_hallyday	1
actor	ntr_contain6	una_merkel	1
actor	ntr_contain6	aime_simon_girard	1
actor	ntr_contain6	betty_compson	1
actor	ntr_contain6	michael_hutchence	1
actor	ntr_contain6	werner_kreindl	1
actor	ntr_contain6	mala_powers	1
actor	ntr_contain6	nathaniel_dance	1
actor	ntr_contain6	susan_shaw	1
actor	ntr_contain6	arthur_kennedy	1
actor	ntr_contain6	radovan_lukavsky	1
actor	ntr_contain6	june_storey	1
actor	ntr_contain6	matthew_moore	1
actor	ntr_contain6	feroz_khan	1
actor	ntr_contain6	alma_bennett	1
actor	ntr_contain6	robert_william_elliston	1
actor	ntr_contain6	robert_lowery_1913	1
actor	ntr_contain6	ann_little	1
actor	ntr_contain6	john_gilbert_1899	1
actor	ntr_contain6	milton_sills	1
actor	ntr_contain6	nagesh	1
actor	ntr_contain6	yasuo_yamada	1
actor	ntr_contain6	wayne_nicklas	1
actor	ntr_contain6	june_duprez	1
actor	ntr_contain6	betty_field	1
actor	ntr_contain6	bette_davis	1
actor	ntr_contain6	william_castle	1
actor	ntr_contain6	inge_meysel	1
actor	ntr_contain6	hugh_griffith	1
actor	ntr_contain6	victor_mclaglen	1
actor	ntr_contain6	percy_marmont	1
actor	ntr_contain6	philip_loeb	1
actor	ntr_contain6	charles_laughton	1
actor	ntr_contain6	peter_van_eyck	1
actor	ntr_contain6	zakes_mokae	1
actor	ntr_contain6	del_close	1
actor	ntr_contain6	eugenie_forde	1
actor	ntr_contain6	carl_de_vogt	1
actor	ntr_contain6	ousmane_sembene	1
actor	ntr_contain6	maria_silfvan	1
actor	ntr_contain6	eleanor_audley	1
actor	ntr_contain6	john_randolph	1
actor	ntr_contain6	patrick_quinn	1
actor	ntr_contain6	joan_dowling	1
actor	ntr_contain6	louise_beavers	1
actor	ntr_contain6	emily_mclaughlin	1
actor	ntr_contain6	dorothy_tutin	1
actor	ntr_contain6	zara_cully	1
actor	ntr_contain6	richard_widmark	1
actor	ntr_contain6	sylvia_millecam	1
actor	ntr_contain6	henry_stephenson	1
actor	ntr_contain6	isabel_jewell	1
actor	ntr_contain6	heinrich_harrer	1
actor	ntr_contain6	charles_morton	1
actor	ntr_contain6	winnie_lightner	1
actor	ntr_contain6	nair_bello	1
actor	ntr_contain6	richard_barthelmess	1
actor	ntr_contain6	gustav_nezval	1
actor	ntr_contain6	duke_moore	1
actor	ntr_contain6	alexander_hall	1
actor	ntr_contain6	charles_mitchel	1
actor	ntr_contain6	betsy_blair	1
actor	ntr_contain6	nell_gwyn	1
actor	ntr_contain6	mistinguett	1
actor	ntr_contain6	whit_bissell	1
actor	ntr_contain6	john_bromfield	1
actor	ntr_contain6	oliver_hardy	1
actor	ntr_contain6	sam_whipple	1
actor	ntr_contain6	michael_elphick	1
actor	ntr_contain6	bob_keeshan	1
actor	ntr_contain6	mary_pickford	1
actor	ntr_contain6	alfred_abel	1
actor	ntr_contain6	craig_russell_1948	1
actor	ntr_contain6	ian_dury	1
actor	ntr_contain6	janet_margolin	1
actor	ntr_contain6	anton_walbrook	1
actor	ntr_contain6	lam_ching_ying	1
actor	ntr_contain6	cecil_parker	1
actor	ntr_contain6	william_shakespeare	1
actor	ntr_contain6	joey_bishop	1
actor	ntr_contain6	bendt_rothe	1
actor	ntr_contain6	egon_friedell	1
actor	ntr_contain6	monty_woolley	1
actor	ntr_contain6	jake_t_austin	1
actor	ntr_contain6	lenny_mclean	1
actor	ntr_contain6	john_aasen	1
actor	ntr_contain6	yuliya_solntseva	1
actor	ntr_contain6	george_sawaya	1
actor	ntr_contain6	david_hemmings	1
actor	ntr_contain6	johanna_hofer	1
actor	ntr_contain6	robert_armin	1
actor	ntr_contain6	ross_alexander	1
actor	ntr_contain6	maria_casares	1
actor	ntr_contain6	florence_gilbert	1
actor	ntr_contain6	pier_angeli	1
actor	ntr_contain6	lau_lauritzen_jr	1
actor	ntr_contain6	suzanne_ridgeway	1
actor	ntr_contain6	christopher_collins	1
actor	ntr_contain6	raul_cortez	1
actor	ntr_contain6	maureen_stapleton	1
actor	ntr_contain6	jack_langrishe	1
actor	ntr_contain6	leonard_sachs	1
actor	ntr_contain6	lino_ventura	1
actor	ntr_contain6	cochin_haneefa	1
actor	ntr_contain6	maria_luisa_bemberg	1
actor	ntr_contain6	clifton_webb	1
actor	ntr_contain6	oscar_levant	1
actor	ntr_contain6	lloyd_nolan	1
actor	ntr_contain6	hattie_mcdaniel	1
actor	ntr_contain6	bernard_bresslaw	1
actor	ntr_contain6	richard_genelle	1
actor	ntr_contain6	james_villiers	1
actor	ntr_contain6	marie_magdalene_charlotte_ackermann	1
actor	ntr_contain6	ed_wynn	1
actor	ntr_contain6	lilyan_chauvin	1
actor	ntr_contain6	vladek_sheybal	1
actor	ntr_contain6	william_abbot	1
actor	ntr_contain6	ken_ober	1
actor	ntr_contain6	jorg_hube	1
actor	ntr_contain6	timothy_bateson	1
actor	ntr_contain6	dennis_hopper	1
actor	ntr_contain6	conchita_montes	1
actor	ntr_contain6	george_murcell	1
actor	ntr_contain6	anthony_quinn	1
actor	ntr_contain6	gustav_machaty	1
actor	ntr_contain6	lew_fields	1
actor	ntr_contain6	greta_nissen	1
actor	ntr_contain6	billy_bevan	1
actor	ntr_contain6	sophia_baddeley	1
actor	ntr_contain6	june_preisser	1
actor	ntr_contain6	snitz_edwards	1
actor	ntr_contain6	arthur_lake	1
actor	ntr_contain6	thomas_hailes_lacy	1
actor	ntr_contain6	john_ewart	1
actor	ntr_contain6	babe_london	1
actor	ntr_contain6	lionel_belmore	1
actor	ntr_contain6	tom_ohorgan	1
actor	ntr_contain6	rupert_davies	1
actor	ntr_contain6	buddy_hackett	1
actor	ntr_contain6	herbert_beerbohm_tree	1
actor	ntr_contain6	graham_chapman	1
actor	ntr_contain6	edgar_buchanan	1
actor	ntr_contain6	jack_gilford	1
actor	ntr_contain6	james_hayter	1
actor	ntr_contain6	roy_darcy	1
actor	ntr_contain6	john_reed_1911	1
actor	ntr_contain6	margaret_lindsay	1
actor	ntr_contain6	ian_wolfe	1
actor	ntr_contain6	lucile_watson	1
actor	ntr_contain6	willard_louis	1
actor	ntr_contain6	charles_hallahan	1
actor	ntr_contain6	suzanne_bianchetti	1
actor	ntr_contain6	adrienne_lecouvreur	1
actor	ntr_contain6	arthur_shields	1
actor	ntr_contain6	pinto_colvig	1
actor	ntr_contain6	esmond_knight	1
actor	ntr_contain6	kishore_kumar	1
actor	ntr_contain6	daniel_mcdonald	1
actor	ntr_contain6	sydney_ayres	1
actor	ntr_contain6	werner_finck	1
actor	ntr_contain6	anthony_franciosa	1
actor	ntr_contain6	robin_nedwell	1
actor	ntr_contain6	florence_stanley	1
actor	ntr_contain6	teru_shimada	1
actor	ntr_contain6	wik_jongsma	1
actor	ntr_contain6	mary_kay_bergman	1
actor	ntr_contain6	mathilde_nielsen	1
actor	ntr_contain6	pernell_roberts	1
actor	ntr_contain6	robin_harris	1
actor	ntr_contain6	steven_gilborn	1
actor	ntr_contain6	tommy_farrell	1
actor	ntr_contain6	eva_taylor	1
actor	ntr_contain6	jack_kelly	1
actor	ntr_contain6	dwight_frye	1
actor	ntr_contain6	michelle_thomas	1
actor	ntr_contain6	frances_lee	1
actor	ntr_contain6	viola_barry	1
actor	ntr_contain6	joyce_jameson	1
actor	ntr_contain6	steve_reeves	1
actor	ntr_contain6	wolfgang_preiss	1
actor	ntr_contain6	gordon_jackson_1923	1
actor	ntr_contain6	natalie_schafer	1
actor	ntr_contain6	lisa_kirk	1
actor	ntr_contain6	jamileh_sheykhi	1
actor	ntr_contain6	donna_reed	1
actor	ntr_contain6	john_drew_barrymore	1
actor	ntr_contain6	frances_heflin	1
actor	ntr_contain6	gustav_diessl	1
actor	ntr_contain6	frank_dekova	1
actor	ntr_contain6	anna_keaveney	1
actor	ntr_contain6	daisuke_gori	1
actor	ntr_contain6	virginia_dale	1
actor	ntr_contain6	sidede_onyulo	1
actor	ntr_contain6	ljuba_tadic	1
actor	ntr_contain6	francesco_golisano	1
actor	ntr_contain6	edwin_booth	1
actor	ntr_contain6	donald_pleasence	1
actor	ntr_contain6	john_cassavetes	1
actor	ntr_contain6	george_regas	1
actor	ntr_contain6	geoffrey_toone	1
actor	ntr_contain6	harold_peary	1
actor	ntr_contain6	tino_rossi	1
actor	ntr_contain6	wallace_beery	1
actor	ntr_contain6	tiffany_sloan	1
actor	ntr_contain6	sam_wanamaker	1
actor	ntr_contain6	sam_bottoms	1
actor	ntr_contain6	tetsuji_takechi	1
actor	ntr_contain6	lila_leeds	1
actor	ntr_contain6	al_jolson	1
actor	ntr_contain6	louis_de_funes	1
actor	ntr_contain6	giovanni_grasso	1
actor	ntr_contain6	lynn_redgrave	1
actor	ntr_contain6	guy_oliver	1
actor	ntr_contain6	john_inman	1
actor	ntr_contain6	helen_gibson	1
actor	ntr_contain6	harve_presnell	1
actor	ntr_contain6	karl_eduard_von_holtei	1
actor	ntr_contain6	angela_aames	1
actor	ntr_contain6	aage_fonss	1
actor	ntr_contain6	charles_fechter	1
actor	ntr_contain6	michael_flanders	1
actor	ntr_contain6	john_collum	1
actor	ntr_contain6	barbara_baxley	1
actor	ntr_contain6	albert_lieven	1
actor	ntr_contain6	horace_mcmahon	1
actor	ntr_contain6	paul_winfield	1
actor	ntr_contain6	andrey_krasko	1
actor	ntr_contain6	elvira_popescu	1
actor	ntr_contain6	don_alvarado	1
actor	ntr_contain6	charles_lane_1905	1
actor	ntr_contain6	john_mcintire	1
actor	ntr_contain6	irene_dunne	1
actor	ntr_contain6	michael_chekhov	1
actor	ntr_contain6	george_grossmith	1
actor	ntr_contain6	michael_bates_1920	1
actor	ntr_contain6	lee_eun-ju	1
actor	ntr_contain6	clifford_evans	1
actor	ntr_contain6	stanley_kamel	1
actor	ntr_contain6	anne_shoemaker	1
actor	ntr_contain6	barbara_mcnair	1
actor	ntr_contain6	ajith_kumar	1
actor	ntr_contain6	charlotte_shelby	1
actor	ntr_contain6	jean_rogers	1
actor	ntr_contain6	ricardo_montalban	1
actor	ntr_contain6	ruan_lingyu	1
actor	ntr_contain6	j_warren_kerrigan	1
actor	ntr_contain6	fatty_arbuckle	1
actor	ntr_contain6	david_tomlinson	1
actor	ntr_contain6	theresa_merritt	1
actor	ntr_contain6	rosalind_cash	1
actor	ntr_contain6	jean_seberg	1
actor	ntr_contain6	george_reeves	1
actor	ntr_contain6	gardner_mckay	1
actor	ntr_contain6	belle_bennett	1
actor	ntr_contain6	dody_goodman	1
actor	ntr_contain6	hedwig_raabe	1
actor	ntr_contain6	theodore_roberts	1
actor	ntr_contain6	k_t_stevens	1
actor	ntr_contain6	gong_qiuxia	1
actor	ntr_contain6	pierre_blanchar	1
actor	ntr_contain6	gustav_frohlich	1
actor	ntr_contain6	gene_roddenberry	1
actor	ntr_contain6	hugo_haas	1
actor	ntr_contain6	kitty_clive	1
actor	ntr_contain6	myra_keaton	1
actor	ntr_contain6	brandon_lee	1
actor	ntr_contain6	wini_shaw	1
actor	ntr_contain6	colleen_moore	1
actor	ntr_contain6	jane_froman	1
actor	ntr_contain6	michel_baron	1
actor	ntr_contain6	bengt_ekerot	1
actor	ntr_contain6	hurd_hatfield	1
actor	ntr_contain6	william_fairbanks	1
actor	ntr_contain6	raymond_bailey	1
actor	ntr_contain6	norman_beaton	1
actor	ntr_contain6	gerald_campion	1
actor	ntr_contain6	cliff_gorman	1
actor	ntr_contain6	marie_lohr	1
actor	ntr_contain6	john_dierkes	1
actor	ntr_contain6	richard_todd	1
actor	ntr_contain6	art_carney	1
actor	ntr_contain6	krzysztof_zaleski	1
actor	ntr_contain6	lily_elsie	1
actor	ntr_contain6	rudolph_valentino	1
actor	ntr_contain6	evelyn_laye	1
actor	ntr_contain6	alida_valli	1
actor	ntr_contain6	cleavon_little	1
actor	ntr_contain6	paul_swift	1
actor	ntr_contain6	fay_tincher	1
actor	ntr_contain6	anita_louise	1
actor	ntr_contain6	jean_pierre_reguerraz	1
actor	ntr_contain6	augusto_benedico	1
actor	ntr_contain6	george_alexander_1858	1
actor	ntr_contain6	jane_darwell	1
actor	ntr_contain6	priscilla_dean	1
actor	ntr_contain6	alice_white	1
actor	ntr_contain6	charles_gray_1928	1
actor	ntr_contain6	tony_jay	1
actor	ntr_contain6	lee_van_cleef	1
actor	ntr_contain6	levi_stubbs	1
actor	ntr_contain6	jimmy_boyd	1
actor	ntr_contain6	joe_seneca	1
actor	ntr_contain6	jack_hulbert	1
actor	ntr_contain6	richard_marsland	1
actor	ntr_contain6	ralph_richardson	1
actor	ntr_contain6	moe_howard	1
actor	ntr_contain6	claude_berri	1
actor	ntr_contain6	michael_vale	1
actor	ntr_contain6	monte_blue	1
actor	ntr_contain6	etienne_decroux	1
actor	ntr_contain6	barbara_oneil	1
actor	ntr_contain6	yves_montand	1
actor	ntr_contain6	zoe_tamerlis_lund	1
actor	ntr_contain6	musidora	1
actor	ntr_contain6	jatin_kanakia	1
actor	ntr_contain6	louis_calhern	1
actor	ntr_contain6	arnold_ridley	1
actor	ntr_contain6	francisco_martinez_soria	1
actor	ntr_contain6	brion_james	1
actor	ntr_contain6	edward_jewesbury	1
actor	ntr_contain6	gil_perkins	1
actor	ntr_contain6	sarah_churchill	1
actor	ntr_contain6	joseph_shepherd_munden	1
actor	ntr_contain6	dana_vavrova	1
actor	ntr_contain6	richard_long_1927	1
actor	ntr_contain6	beverly_garland	1
actor	ntr_contain6	roger_coggio	1
actor	ntr_contain6	gabriel_gobin	1
actor	ntr_contain6	francesco_andreini	1
actor	ntr_contain6	charles_hawtrey	1
actor	ntr_contain6	lila_kedrova	1
actor	ntr_contain6	carlyle_blackwell	1
actor	ntr_contain6	ted_manson	1
actor	ntr_contain6	murray_head	1
actor	ntr_contain6	henry_wilcoxon	1
actor	ntr_contain6	paul_frankeur	1
actor	ntr_contain6	danitra_vance	1
actor	ntr_contain6	egon_von_jordan	1
actor	ntr_contain6	i_s_johar	1
actor	ntr_contain6	karl_stegger	1
actor	ntr_contain6	spencer_tracy	1
actor	ntr_contain6	flora_robson	1
actor	ntr_contain6	lida_baarova	1
actor	ntr_contain6	ji_i_grossmann	1
actor	ntr_contain6	lane_chandler	1
actor	ntr_contain6	frank_faylen	1
actor	ntr_contain6	carl_lamac	1
actor	ntr_contain6	jack_norton_1882	1
actor	ntr_contain6	sterling_hayden	1
actor	ntr_contain6	james_cossins	1
actor	ntr_contain6	sybille_schmitz	1
actor	ntr_contain6	gregory_peck	1
actor	ntr_contain6	fred_sadoff	1
actor	ntr_contain6	gretchen_franklin	1
actor	ntr_contain6	andrea_leeds	1
actor	ntr_contain6	ellen_terry	1
actor	ntr_contain6	paavo_hukkinen	1
actor	ntr_contain6	billie_buckwheat_thomas	1
actor	ntr_contain6	howard_vernon	1
actor	ntr_contain6	ben_hecht	1
actor	ntr_contain6	mel_stewart	1
actor	ntr_contain6	patrick_troughton	1
actor	ntr_contain6	robert_long_utrecht	1
actor	ntr_contain6	virginia_gregg	1
actor	ntr_contain6	carol_white	1
actor	ntr_contain6	david_bruce_1914	1
actor	ntr_contain6	avery_schreiber	1
actor	ntr_contain6	nita_naldi	1
actor	ntr_contain6	else_hojgaard	1
actor	ntr_contain6	olaf_fonss	1
actor	ntr_contain6	john_lester_wallack	1
actor	ntr_contain6	kim_chan	1
actor	ntr_contain6	gene_evans	1
actor	ntr_contain6	roger_vadim	1
actor	ntr_contain6	melville_cooper	1
actor	ntr_contain6	fritz_feld	1
actor	ntr_contain6	john_meillon	1
actor	ntr_contain6	jack_webb	1
actor	ntr_contain6	mary_wimbush	1
actor	ntr_contain6	farid_shawki	1
actor	ntr_contain6	purnell_pratt	1
actor	ntr_contain6	morton_dacosta	1
actor	ntr_contain6	paul_daneman	1
actor	ntr_contain6	dalida	1
actor	ntr_contain6	chief_john_big_tree	1
actor	ntr_contain6	bill_raisch	1
actor	ntr_contain6	arthur_hoyt	1
actor	ntr_contain6	ellen_ternan	1
actor	ntr_contain6	semen_hulak-artemovsky	1
actor	ntr_contain6	hal_de_forrest	1
actor	ntr_contain6	declan_mulholland	1
actor	ntr_contain6	ahn_jae_hwan	1
actor	ntr_contain6	edward_sinclair	1
actor	ntr_contain6	franklin_ritchie	1
actor	ntr_contain6	tita_duran	1
actor	ntr_contain6	samia_gamal	1
actor	ntr_contain6	mark_bernes	1
actor	ntr_contain6	lou_jacobi	1
actor	ntr_contain6	piers_flint-shipman	1
actor	ntr_contain6	lydia_shum	1
actor	ntr_contain6	junius_brutus_booth	1
actor	ntr_contain6	henderson_forsythe	1
actor	ntr_contain6	edric_connor	1
actor	ntr_contain6	edward_askew_sothern	1
actor	ntr_contain6	lilli_palmer	1
actor	ntr_contain6	julie_london	1
actor	ntr_contain6	john_mcgiver	1
actor	ntr_contain6	murray_hamilton	1
actor	ntr_contain6	werner_stocker	1
actor	ntr_contain6	nan_grey	1
actor	ntr_contain6	ballard_berkeley	1
actor	ntr_contain6	minerva_pious	1
actor	ntr_contain6	russell_hunter	1
actor	ntr_contain6	whitman_mayo	1
actor	ntr_contain6	ernie_morrison	1
actor	ntr_contain6	gertrude_short	1
actor	ntr_contain6	cesar_romero	1
actor	ntr_contain6	richard_mansfield	1
actor	ntr_contain6	henry_irving	1
actor	ntr_contain6	bryan_pringle	1
actor	ntr_contain6	scott_r_dunlap	1
actor	ntr_contain6	laraine_day	1
actor	ntr_contain6	carlo_battisti	1
actor	ntr_contain6	raj_kapoor	1
actor	ntr_contain6	stanley_holloway	1
actor	ntr_contain6	francois_dyrek	1
actor	ntr_contain6	richard_hamilton_1920	1
actor	ntr_contain6	miguel_aceves_mejia	1
actor	ntr_contain6	lonne_elder_iii	1
actor	ntr_contain6	phillip_terry	1
actor	ntr_contain6	charles_buddy_rogers	1
actor	ntr_contain6	noah_beery_jr	1
actor	ntr_contain6	marguerite_marsh	1
actor	ntr_contain6	eddy_waller	1
actor	ntr_contain6	bernie_mac	1
actor	ntr_contain6	jose_bodalo	1
actor	ntr_contain6	kathleen_kirkham	1
actor	ntr_contain6	george_fawcett	1
actor	ntr_contain6	charles_regnier	1
actor	ntr_contain6	walter_hampden	1
actor	ntr_contain6	arthur_lowe	1
actor	ntr_contain6	anna_may_wong	1
actor	ntr_contain6	rob_knox	1
actor	ntr_contain6	juanita_hansen	1
actor	ntr_contain6	jan_van_dommelen	1
actor	ntr_contain6	edna_maison	1
actor	ntr_contain6	roland_culver	1
actor	ntr_contain6	van_heflin	1
actor	ntr_contain6	jan_borkus	1
actor	ntr_contain6	sheila_florance	1
actor	ntr_contain6	frederick_hobson_leslie	1
actor	ntr_contain6	anne_cornwall	1
actor	ntr_contain6	charles_reisner	1
actor	ntr_contain6	jorge_mistral	1
actor	ntr_contain6	lawanda_page	1
actor	ntr_contain6	pat_buttram	1
actor	ntr_contain6	tom_tyler	1
actor	ntr_contain6	lionel_jeffries	1
actor	ntr_contain6	una_oconnor	1
actor	ntr_contain6	dennis_price	1
actor	ntr_contain6	steven_keats	1
actor	ntr_contain6	david_garrick	1
actor	ntr_contain6	choi_jin_sil	1
actor	ntr_contain6	bobby_dunn	1
actor	ntr_contain6	oskar_werner	1
actor	ntr_contain6	philip_amelio	1
actor	ntr_contain6	george_clutesi	1
actor	ntr_contain6	carlos_thompson	1
actor	ntr_contain6	costas_hajihristos	1
actor	ntr_contain6	alice_ghostley	1
actor	ntr_contain6	gullu_agop	1
actor	ntr_contain6	charlotte_henry	1
actor	ntr_contain6	iris_adrian	1
actor	ntr_contain6	fred_terry	1
actor	ntr_contain6	p_ramlee	1
actor	ntr_contain6	phyllis_hyman	1
actor	ntr_contain6	jean_champion	1
actor	ntr_contain6	bob_todd	1
actor	ntr_contain6	rashid_behbudov	1
actor	ntr_contain6	william_austin	1
actor	ntr_contain6	bessie_eyton	1
actor	ntr_contain6	simple_kapadia	1
actor	ntr_contain6	bryant_washburn	1
actor	ntr_contain6	pascale_ogier	1
actor	ntr_contain6	chico_marx	1
actor	ntr_contain6	richard_vernon	1
actor	ntr_contain6	jack_colvin	1
actor	ntr_contain6	sabu_dastagir	1
actor	ntr_contain6	veronica_lake	1
actor	ntr_contain6	zero_mostel	1
actor	ntr_contain6	ann_savage	1
actor	ntr_contain6	alan_mowbray	1
actor	ntr_contain6	joanne_dru	1
actor	ntr_contain6	andy_sidaris	1
actor	ntr_contain6	susannah_maria_arne	1
actor	ntr_contain6	charles_grapewin	1
actor	ntr_contain6	evald_schorm	1
actor	ntr_contain6	peter_sellers	1
actor	ntr_contain6	viggo_larsen	1
actor	ntr_contain6	lucille_la_verne	1
actor	ntr_contain6	sidney_blackmer	1
actor	ntr_contain6	virginia_maskell	1
actor	ntr_contain6	annie_bos	1
actor	ntr_contain6	thomas_gomez	1
actor	ntr_contain6	badja_djola	1
actor	ntr_contain6	victoria_forde	1
actor	ntr_contain6	anna_lee	1
actor	ntr_contain6	thelma_todd	1
actor	ntr_contain6	pat_roach	1
actor	ntr_contain6	thomas_doggett	1
actor	ntr_contain6	byrne_piven	1
actor	ntr_contain6	pierre_clementi	1
actor	ntr_contain6	louis_jordan	1
actor	ntr_contain6	jackie_gleason	1
actor	ntr_contain6	gordon_griffith	1
actor	ntr_contain6	george_murphy	1
actor	ntr_contain6	dorothy_collins	1
actor	ntr_contain6	osgood_perkins	1
actor	ntr_contain6	deborah_kerr	1
actor	ntr_contain6	conrad_veidt	1
actor	ntr_contain6	carolyn_jones	1
actor	ntr_contain6	george_ohara	1
actor	ntr_contain6	robert_armstrong_1890	1
actor	ntr_contain6	floyd_red_crow_westerman	1
actor	ntr_contain6	john_beradino	1
actor	ntr_contain6	merritt_butrick	1
actor	ntr_contain6	waheed_murad	1
actor	ntr_contain6	sergei_apollinarievich_gerasimov	1
actor	ntr_contain6	ray_walston	1
actor	ntr_contain6	el_brendel	1
actor	ntr_contain6	hanns_heinz_ewers	1
actor	ntr_contain6	ida_lupino	1
actor	ntr_contain6	ivan_pereverzev	1
actor	ntr_contain6	dirch_passer	1
actor	ntr_contain6	jane_bryan	1
actor	ntr_contain6	arlette_marchal	1
actor	ntr_contain6	james_oneill	1
actor	ntr_contain6	nella_walker	1
actor	ntr_contain6	jean-claude_brialy	1
actor	ntr_contain6	louis_jouvet	1
actor	ntr_contain6	vera_sisson	1
actor	ntr_contain6	pat_hingle	1
actor	ntr_contain6	horst_tappert	1
actor	ntr_contain6	billie_burke	1
actor	ntr_contain6	master_juba	1
actor	ntr_contain6	akim_tamiroff	1
actor	ntr_contain6	fanny_fitzwilliam	1
actor	ntr_contain6	carmen_silvera	1
actor	ntr_contain6	jean_roger_caussimon	1
actor	ntr_contain6	janine_darcey	1
actor	ntr_contain6	carol_dempster	1
actor	ntr_contain6	moira_shearer	1
actor	ntr_contain6	j_farrell_macdonald	1
actor	ntr_contain6	chester_conklin	1
actor	ntr_contain6	peter_boyle	1
actor	ntr_contain6	jean_richard	1
actor	ntr_contain6	marcello_mastroianni	1
actor	ntr_contain6	alex_mccrindle	1
actor	ntr_contain6	paul_hartman	1
actor	ntr_contain6	don_defore	1
actor	ntr_contain6	henry_hull	1
actor	ntr_contain6	spencer_williams_1893	1
actor	ntr_contain6	stanislaw_zaczyk	1
actor	ntr_contain6	brigitte_helm	1
actor	ntr_contain6	stephen_dartnell	1
actor	ntr_contain6	pauline_frederick	1
actor	ntr_contain6	pert_kelton	1
actor	ntr_contain6	frank_chanfrau	1
actor	ntr_contain6	lawrence_gray	1
actor	ntr_contain6	rodney_dangerfield	1
actor	ntr_contain6	rudy_vallee	1
actor	ntr_contain6	dennis_letts	1
actor	ntr_contain6	milton_berle	1
actor	ntr_contain6	marion_burns	1
actor	ntr_contain6	harry_liedtke	1
actor	ntr_contain6	karen_morley	1
actor	ntr_contain6	izolda_izvitskaya	1
actor	ntr_contain6	vic_morrow	1
actor	ntr_contain6	eileen_heckart	1
actor	ntr_contain6	jeremy_brett	1
actor	ntr_contain6	elmo_lincoln	1
actor	ntr_contain6	kathleen_key	1
actor	ntr_contain6	lana_turner	1
actor	ntr_contain6	keith_moon	1
actor	ntr_contain6	malcolm_sinclair	1
actor	ntr_contain6	enid_markey	1
actor	ntr_contain6	georg_john	1
actor	ntr_contain6	bernard_giraudeau	1
actor	ntr_contain6	clayton_moore	1
actor	ntr_contain6	j_carrol_naish	1
actor	ntr_contain6	harry_holman	1
actor	ntr_contain6	william_h_marshall	1
actor	ntr_contain6	tamara_dobson	1
actor	ntr_contain6	sydney_greenstreet	1
actor	ntr_contain6	tony_doyle	1
actor	ntr_contain6	patrick_mcgoohan	1
actor	ntr_contain6	andrea_king	1
actor	ntr_contain6	phil_harris	1
actor	ntr_contain6	stanislaw_bareja	1
actor	ntr_contain6	james_with	1
actor	ntr_contain6	tom_neal	1
actor	ntr_contain6	adrienne_ames	1
actor	ntr_contain6	john_hollis	1
actor	ntr_contain6	paul_newman	1
actor	ntr_contain6	mary_maclaren	1
actor	ntr_contain6	ricky_nelson	1
actor	ntr_contain6	dan_blocker	1
actor	ntr_contain6	virginia_davis	1
actor	ntr_contain6	lindsay_crosby	1
actor	ntr_contain6	john_matshikiza	1
actor	ntr_contain6	adelaide_hall	1
actor	ntr_contain6	miyoshi_umeki	1
actor	ntr_contain6	jack_beutel	1
actor	ntr_contain6	barbara_kelly	1
actor	ntr_contain6	anthony_perkins	1
actor	ntr_contain6	james_mason	1
actor	ntr_contain6	matthew_garber	1
actor	ntr_contain6	ben_f_wilson	1
actor	ntr_contain6	kathy_staff	1
actor	ntr_contain6	ann_doran	1
actor	ntr_contain6	thikkurissy_sukumaran_nair	1
actor	ntr_contain6	steve_irwin	1
actor	ntr_contain6	beulah_bondi	1
actor	ntr_contain6	leila_mourad	1
actor	ntr_contain6	mark_ritts	1
actor	ntr_contain6	sanaa_gamil	1
actor	ntr_contain6	edward_alleyn	1
actor	ntr_contain6	gloria_foster	1
actor	ntr_contain6	paul_eddington	1
actor	ntr_contain6	david_janssen	1
actor	ntr_contain6	michael_aldridge	1
actor	ntr_contain6	joop_doderer	1
actor	ntr_contain6	tim_choate	1
actor	ntr_contain6	brittany_murphy	1
actor	ntr_contain6	ivan_dixon	1
actor	ntr_contain6	merle_oberon	1
actor	ntr_contain6	william_demarest	1
actor	ntr_contain6	lana_clarkson	1
actor	ntr_contain6	joseph_maher	1
actor	ntr_contain6	ireene_wicker	1
actor	ntr_contain6	miles_malleson	1
actor	ntr_contain6	douglas_fairbanks	1
actor	ntr_contain6	hertha_thiele	1
actor	ntr_contain6	elith_pio	1
actor	ntr_contain6	toni_basil	1
actor	ntr_contain6	doris_eaton_travis	1
actor	ntr_contain6	marion_davies	1
actor	ntr_contain6	dorothy_burgess	1
actor	ntr_contain6	laura_branigan	1
actor	ntr_contain6	david_butler_1894	1
actor	ntr_contain6	alex_gerry	1
actor	ntr_contain6	gina_manes	1
actor	ntr_contain6	suzanne_kaaren	1
actor	ntr_contain6	esther_dale	1
actor	ntr_contain6	harry_hayden	1
actor	ntr_contain6	connie_cezon	1
actor	ntr_contain6	gabor_egressy	1
actor	ntr_contain6	joan_alexander	1
actor	ntr_contain6	santo	1
actor	ntr_contain6	brian_donlevy	1
actor	ntr_contain6	antoine_balpetre	1
actor	ntr_contain6	john_denver	1
actor	ntr_contain6	claire_du_brey	1
actor	ntr_contain6	duncan_lamont	1
actor	ntr_contain6	john_vernon	1
actor	ntr_contain6	howard_keel	1
actor	ntr_contain6	gale_page	1
actor	ntr_contain6	dora_gerson	1
actor	ntr_contain6	sally_crute	1
actor	ntr_contain6	edward_judd	1
actor	ntr_contain6	gil_stratton	1
actor	ntr_contain6	hedda_hopper	1
actor	ntr_contain6	takashi_shimura	1
actor	ntr_contain6	luana_anders	1
actor	ntr_contain6	vyacheslav_tikhonov	1
actor	ntr_contain6	paul_stewart_1908	1
actor	ntr_contain6	konstantin_stanislavski	1
actor	ntr_contain6	yolanda_king	1
actor	ntr_contain6	paul_naschy	1
actor	ntr_contain6	nino_rota	1
actor	ntr_contain6	ruth_ford	1
actor	ntr_contain6	wally_van	1
actor	ntr_contain6	abbey_lincoln	1
actor	ntr_contain6	harold_gould	1
actor	ntr_contain6	robert_culp	1
actor	ntr_contain6	jack_cassidy	1
actor	ntr_contain6	jesslyn_fax	1
actor	ntr_contain6	stephen_w_burns	1
actor	ntr_contain6	wolfgang_liebeneiner	1
actor	ntr_contain6	paul_meurisse	1
actor	ntr_contain6	henry_james_montague	1
actor	ntr_contain6	charles_starrett	1
actor	ntr_contain6	al_waxman	1
actor	ntr_contain6	janice_rule	1
actor	ntr_contain6	renee_jeanne_falconetti	1
actor	ntr_contain6	anne_haney	1
actor	ntr_contain6	lincoln_stedman	1
actor	ntr_contain6	claude_chabrol	1
actor	ntr_contain6	peter_cook	1
actor	ntr_contain6	charley_chase	1
actor	ntr_contain6	billy_gilbert	1
actor	ntr_contain6	majel_barrett	1
actor	ntr_contain6	philippe_de_lacy	1
actor	ntr_contain6	manorama	1
actor	ntr_contain6	george_sanders	1
actor	ntr_contain6	eric_fleming	1
actor	ntr_contain6	norman_fell	1
actor	ntr_contain6	gemini_ganesan	1
actor	ntr_contain6	nick_cogley	1
actor	ntr_contain6	edward_winter	1
actor	ntr_contain6	innokenty_smoktunovsky	1
actor	ntr_contain6	marianne_hold	1
actor	ntr_contain6	mignon_anderson	1
actor	ntr_contain6	ward_bond	1
actor	ntr_contain6	mahmoud_el_meliguy	1
actor	ntr_contain6	van_johnson	1
actor	ntr_contain6	mark_everett_1969	1
actor	ntr_contain6	dick_powell	1
actor	ntr_contain6	joan_sims	1
actor	ntr_contain6	friedrich_haase	1
actor	ntr_contain6	rod_steiger	1
actor	ntr_contain6	schioler_linck	1
actor	ntr_contain6	dorothy_tree	1
actor	ntr_contain6	pat_phoenix	1
actor	ntr_contain6	alberto_castillo	1
actor	ntr_contain6	gabriel_jabbour	1
actor	ntr_contain6	lucius_j_henderson	1
actor	ntr_contain6	michael_roof	1
actor	ntr_contain6	simon_oakland	1
actor	ntr_contain6	jason_miller	1
actor	ntr_contain6	agnes_moorehead	1
actor	ntr_contain6	jane_wyatt	1
actor	ntr_contain6	gunter_strack	1
actor	ntr_contain6	gail_fisher	1
actor	ntr_contain6	ronald_reagan	1
actor	ntr_contain6	isabella_andreini	1
actor	ntr_contain6	viveca_lindfors	1
actor	ntr_contain6	lucille_lund	1
actor	ntr_contain6	adriana_caselotti	1
actor	ntr_contain6	phil_brown	1
actor	ntr_contain6	dan_dailey	1
actor	ntr_contain6	yilmaz_guney	1
actor	ntr_contain6	dewolf_hopper	1
actor	ntr_contain6	panchito_alba	1
actor	ntr_contain6	mike_mazurki	1
actor	ntr_contain6	simone_simon	1
actor	ntr_contain6	john_litel	1
actor	ntr_contain6	francoise_rosay	1
actor	ntr_contain6	lucie_mannheim	1
actor	ntr_contain6	bobby_wheezer_hutchins	1
actor	ntr_contain6	dorothy_jordan	1
actor	ntr_contain6	sid_james	1
actor	ntr_contain6	estelle_taylor	1
actor	ntr_contain6	rose_mcclendon	1
actor	ntr_contain6	kurt_kreuger	1
actor	ntr_contain6	philip_carey	1
actor	ntr_contain6	donald_houston	1
actor	ntr_contain6	ingrid_bergman	1
actor	ntr_contain6	bobby_darin	1
actor	ntr_contain6	ray_milland	1
actor	ntr_contain6	strother_martin	1
actor	ntr_contain6	gladys_george	1
actor	ntr_contain6	mae_marsh	1
actor	ntr_contain6	buck_connors	1
actor	ntr_contain6	mickey_mcban	1
actor	ntr_contain6	john_houseman	1
actor	ntr_contain6	wendy_hiller	1
actor	ntr_contain6	georges_melchior	1
actor	ntr_contain6	cyril_ritchard	1
actor	ntr_contain6	noble_willingham	1
actor	ntr_contain6	jermaine_stewart	1
actor	ntr_contain6	sam_de_grasse	1
actor	ntr_contain6	william_j_florence	1
actor	ntr_contain6	pedro_de_cordoba	1
actor	ntr_contain6	lon_mccallister	1
actor	ntr_contain6	john_anderson_1922	1
actor	ntr_contain6	brad_dexter	1
actor	ntr_contain6	antonio_moreno	1
actor	ntr_contain6	marcel_herrand	1
actor	ntr_contain6	henry_travers	1
actor	ntr_contain6	edmund_kean	1
actor	ntr_contain6	rosina_lawrence	1
actor	ntr_contain6	douglas_fairbanks_jr	1
actor	ntr_contain6	laird_cregar	1
actor	ntr_contain6	christopher_hewett	1
actor	ntr_contain6	gloria_swanson	1
actor	ntr_contain6	natacha_rambova	1
actor	ntr_contain6	michael_pate	1
actor	ntr_contain6	robert_marsden	1
actor	ntr_contain6	peter_diamond	1
actor	ntr_contain6	arturo_maly	1
actor	ntr_contain6	mary_millar	1
actor	ntr_contain6	brian_aherne	1
actor	ntr_contain6	henry_brandon	1
actor	ntr_contain6	olan_soule	1
actor	ntr_contain6	william_beaudine	1
actor	ntr_contain6	rachel_devirys	1
actor	ntr_contain6	stephen_boyd	1
actor	ntr_contain6	dorothy_bernard	1
actor	ntr_contain6	henry_hathaway	1
actor	ntr_contain6	akihiko_hirata	1
actor	ntr_contain6	louise_huntington	1
actor	ntr_contain6	walter_catlett	1
actor	ntr_contain6	naunton_wayne	1
actor	ntr_contain6	jose_lewgoy	1
actor	ntr_contain6	jack_dodson	1
actor	ntr_contain6	teresa_wright	1
actor	ntr_contain6	hb_halicki	1
actor	ntr_contain6	martha_sleeper	1
actor	ntr_contain6	maude_adams	1
actor	ntr_contain6	ian_charleson	1
actor	ntr_contain6	steve_brodie_1919	1
actor	ntr_contain6	joan_greenwood	1
actor	ntr_contain6	fanny_holland	1
actor	ntr_contain6	gene_nelson	1
actor	ntr_contain6	elvis_presley	1
actor	ntr_contain6	paul_ford	1
actor	ntr_contain6	greta_garbo	1
actor	ntr_contain6	frances_drake	1
actor	ntr_contain6	lewis_waller	1
actor	ntr_contain6	darren_mcgavin	1
actor	ntr_contain6	patsy_montana	1
actor	ntr_contain6	derek_nimmo	1
actor	ntr_contain6	brock_peters	1
actor	ntr_contain6	benoit_regent	1
actor	ntr_contain6	ludwig_stossel	1
actor	ntr_contain6	lynne_thigpen	1
actor	ntr_contain6	virginia_valli	1
actor	ntr_contain6	jack_mullaney	1
actor	ntr_contain6	francois_truffaut	1
actor	ntr_contain6	pearl_bailey	1
actor	ntr_contain6	salka_viertel	1
actor	ntr_contain6	george_ohanlon	1
actor	ntr_contain6	dion_boucicault	1
actor	ntr_contain6	edwin_august	1
actor	ntr_contain6	natasha_collins	1
actor	ntr_contain6	lydia_thompson	1
actor	ntr_contain6	scotty_beckett	1
actor	ntr_contain6	david_manners	1
actor	ntr_contain6	paul_azais	1
actor	ntr_contain6	may_robson	1
actor	ntr_contain6	johnny_cash	1
actor	ntr_contain6	john_wayne	1
actor	ntr_contain6	dick_foran	1
actor	ntr_contain6	frankie_howerd	1
actor	ntr_contain6	john_loder_1898	1
actor	ntr_contain6	desi_arnaz	1
actor	ntr_contain6	rachel_kempson	1
actor	ntr_contain6	george_plimpton	1
actor	ntr_contain6	dirk_bogarde	1
actor	ntr_contain6	john_belushi	1
actor	ntr_contain6	edward_arnold_1890	1
actor	ntr_contain6	henry_fonda	1
actor	ntr_contain6	mikhail_shchepkin	1
actor	ntr_contain6	lennard_pearce	1
actor	ntr_contain6	grant_withers	1
actor	ntr_contain6	anne_haddy	1
actor	ntr_contain6	cy_grant	1
actor	ntr_contain6	eddie_byrne	1
actor	ntr_contain6	mona_barrie	1
actor	ntr_contain6	richard_waring	1
actor	ntr_contain6	ginette_leclerc	1
actor	ntr_contain6	buster_larsen	1
actor	ntr_contain6	mario_soffici	1
actor	ntr_contain6	michael_landon	1
actor	ntr_contain6	edith_storey	1
actor	ntr_contain6	brandon_de_wilde	1
actor	ntr_contain6	j_d_cannon	1
actor	ntr_contain6	dub_taylor	1
actor	ntr_contain6	jacques_jaccard	1
actor	ntr_contain6	dionyssis_papayannopoulos	1
actor	ntr_contain6	j_c_quinn	1
actor	ntr_contain6	david_chokachi	1
actor	ntr_contain6	aleksander_moisiu	1
actor	ntr_contain6	leon_niemczyk	1
actor	ntr_contain6	jocelyn_quivrin	1
actor	ntr_contain6	katrin_cartlidge	1
actor	ntr_contain6	gary_holton	1
actor	ntr_contain6	rene_lefevre	1
actor	ntr_contain6	cameron_mitchell_1918	1
actor	ntr_contain6	david_wayne	1
actor	ntr_contain6	sidney_toler	1
actor	ntr_contain6	bertinazzi	1
actor	ntr_contain6	morris_w_morris	1
actor	ntr_contain6	charles_kean	1
actor	ntr_contain6	howard_lindsay	1
actor	ntr_contain6	clive_hornby	1
actor	ntr_contain6	joan_bennett	1
actor	ntr_contain6	mary_nolan	1
actor	ntr_contain6	gertrude_hoffman	1
actor	ntr_contain6	dabbs_greer	1
actor	ntr_contain6	pepe_callahan	1
actor	ntr_contain6	kieron_moore	1
actor	ntr_contain6	beulah_quo	1
actor	ntr_contain6	carl_switzer	1
actor	ntr_contain6	edgar_dearing	1
actor	ntr_contain6	dominique_davray	1
actor	ntr_contain6	oleg_borisov	1
actor	ntr_contain6	richard_loo	1
actor	ntr_contain6	paula_wessely	1
actor	ntr_contain6	syd_saylor	1
actor	ntr_contain6	ferdinand_raimund	1
actor	ntr_contain6	richard_egan_1921	1
actor	ntr_contain6	aage_bendixen	1
actor	ntr_contain6	dane_clark	1
actor	ntr_contain6	rick_vallin	1
actor	ntr_contain6	julia_faye	1
actor	ntr_contain6	sidney_olcott	1
actor	ntr_contain6	steven_geray	1
actor	ntr_contain6	howard_estabrook	1
actor	ntr_contain6	walter_abel	1
actor	ntr_contain6	santiago_gomez_cou	1
actor	ntr_contain6	nargis	1
actor	ntr_contain6	mosko_alkalai	1
actor	ntr_contain6	alan_king	1
actor	ntr_contain6	sydney_chaplin	1
actor	ntr_contain6	robert_stephens	1
actor	ntr_contain6	gene_autry	1
actor	ntr_contain6	denholm_elliott	1
actor	ntr_contain6	vittorio_gassman	1
actor	ntr_contain6	james_coburn	1
actor	ntr_contain6	francis_girod	1
actor	ntr_contain6	ed_binns	1
actor	ntr_contain6	lillie_langtry	1
actor	ntr_contain6	will_hay	1
actor	ntr_contain6	william_tedmarsh	1
actor	ntr_contain6	vsevolod_pudovkin	1
actor	ntr_contain6	stan_laurel	1
actor	ntr_contain6	wally_brown	1
actor	ntr_contain6	myrtle_gonzalez	1
actor	ntr_contain6	henry_gibson	1
actor	ntr_contain6	richard_farnsworth	1
actor	ntr_contain6	lawrence_tierney	1
actor	ntr_contain6	charlotte_coleman	1
actor	ntr_contain6	eileen_herlie	1
actor	ntr_contain6	ava_gardner	1
actor	ntr_contain6	charlton_heston	1
actor	ntr_contain6	jukka_sipila	1
actor	ntr_contain6	william_terriss	1
actor	ntr_contain6	w_s_penley	1
actor	ntr_contain6	tom_conway	1
actor	ntr_contain6	rutland_barrington	1
actor	ntr_contain6	lorenzo_music	1
actor	ntr_contain6	dan_obannon	1
actor	ntr_contain6	lionel_hampton	1
actor	ntr_contain6	david_jack_holt	1
actor	ntr_contain6	matthew_stymie_beard	1
actor	ntr_contain6	edward_lesaint	1
actor	ntr_contain6	bohumil_hrabal	1
actor	ntr_contain6	lowell_sherman	1
actor	ntr_contain6	richard_burbage	1
actor	ntr_contain6	joseph_cotten	1
actor	ntr_contain6	esther_sandoval	1
actor	ntr_contain6	geoffrey_keen	1
actor	ntr_contain6	lupino_lane	1
actor	ntr_contain6	james_whitmore	1
actor	ntr_contain6	john_hamilton_1886	1
actor	ntr_contain6	binodini_dasi	1
actor	ntr_contain6	james_dunn_1905	1
actor	ntr_contain6	betty_hutton	1
actor	ntr_contain6	andrei_mironov	1
actor	ntr_contain6	glenn_ford	1
actor	ntr_contain6	gregan_mcmahon	1
actor	ntr_contain6	lucia_elizabeth_vestris	1
actor	ntr_contain6	madan_puri	1
actor	ntr_contain6	marc_lawrence	1
actor	ntr_contain6	richard_beckinsale	1
actor	ntr_contain6	wayne_morris	1
actor	ntr_contain6	bridgette_andersen	1
actor	ntr_contain6	phoe_par_gyi	1
actor	ntr_contain6	chick_morrison	1
actor	ntr_contain6	binnie_barnes	1
actor	ntr_contain6	ryszard_boleslawski	1
actor	ntr_contain6	claude_rains	1
actor	ntr_contain6	albert_ritter_conti_v_cedassamare	1
actor	ntr_contain6	dimitris_horn	1
actor	ntr_contain6	doug_mcclure	1
actor	ntr_contain6	vincent_price	1
actor	ntr_contain6	siobhan_mckenna	1
actor	ntr_contain6	henry_beckman	1
actor	ntr_contain6	li_tobler	1
actor	ntr_contain6	thelma_ritter	1
actor	ntr_contain6	john_newland	1
actor	ntr_contain6	robert_brown_swanage	1
actor	ntr_contain6	phil_hartman	1
actor	ntr_contain6	kitty_gordon	1
actor	ntr_contain6	didi_perego	1
actor	ntr_contain6	belle_montrose	1
actor	ntr_contain6	roy_drusky	1
actor	ntr_contain6	ethelie_madeleine_brohan	1
actor	ntr_contain6	king_baggot	1
actor	ntr_contain6	jeff_richards_1922	1
actor	ntr_contain6	beatriz_michelena	1
actor	ntr_contain6	fanny_davenport	1
actor	ntr_contain6	karin_nellemose	1
actor	ntr_contain6	john_abineri	1
actor	ntr_contain6	jason_robards	1
actor	ntr_contain6	nadira_1930	1
actor	ntr_contain6	joan_lowell	1
actor	ntr_contain6	aldo_ray	1
actor	ntr_contain6	betty_garde	1
actor	ntr_contain6	helga_frier	1
actor	ntr_contain6	yehia_chahine	1
actor	ntr_contain6	teresa_graves	1
actor	ntr_contain6	tala_birell	1
actor	ntr_contain6	gary_crosby	1
actor	ntr_contain6	e_e_clive	1
actor	ntr_contain6	alexander_vertinsky	1
actor	ntr_contain6	john_barrymore	1
actor	ntr_contain6	buster_merryfield	1
actor	ntr_contain6	tor_isedal	1
actor	ntr_contain6	justine_johnstone	1
actor	ntr_contain6	fernando_sancho	1
actor	ntr_contain6	florence_auer	1
actor	ntr_contain6	jack_benny	1
actor	ntr_contain6	sydney_tafler	1
actor	ntr_contain6	harry_andrews	1
actor	ntr_contain6	germaine_sablon	1
actor	ntr_contain6	jon_stone	1
actor	ntr_contain6	adam_faith	1
actor	ntr_contain6	frances_farmer	1
actor	ntr_contain6	mack_sennett	1
actor	ntr_contain6	robert_mitchum	1
actor	ntr_contain6	ray_stricklyn	1
actor	ntr_contain6	yevgeny_leonov	1
actor	ntr_contain6	anita_mui	1
actor	ntr_contain6	jean_hagen	1
actor	ntr_contain6	inayat_hussain_bhatti	1
actor	ntr_contain6	charles_kemble	1
actor	ntr_contain6	friedrich_kayssler	1
actor	ntr_contain6	bob_hope	1
actor	ntr_contain6	george_nader	1
actor	ntr_contain6	mel_torme	1
actor	ntr_contain6	patrick_breen	1
actor	ntr_contain6	anatoli_papanov	1
actor	ntr_contain6	mae_busch	1
actor	ntr_contain6	elizabeth_montgomery	1
actor	ntr_contain6	daniel_allar	1
actor	ntr_contain6	gia_scala	1
actor	ntr_contain6	blanche_bates	1
actor	ntr_contain6	robert_helpmann	1
actor	ntr_contain6	eartha_kitt	1
actor	ntr_contain6	ennio_flaiano	1
actor	ntr_contain6	michael_gothard	1
actor	ntr_contain6	buster_keaton	1
actor	ntr_contain6	renee_adoree	1
actor	ntr_contain6	molly_lamont	1
actor	ntr_contain6	finlay_currie	1
actor	ntr_contain6	lekain	1
actor	ntr_contain6	arthur_law	1
actor	ntr_contain6	arthur_english	1
actor	ntr_contain6	capucine	1
actor	ntr_contain6	allan_cuthbertson	1
actor	ntr_contain6	robert_shaw_1927	1
actor	ntr_contain6	richard_denning	1
actor	ntr_contain6	ian_keith	1
actor	ntr_contain6	jan_adele	1
actor	ntr_contain6	margaret_wycherly	1
actor	ntr_contain6	melina_mercouri	1
actor	ntr_contain6	jean_marais	1
actor	ntr_contain6	norma_talmadge	1
actor	ntr_contain6	jim_mapp	1
actor	ntr_contain6	lucy_doraine	1
actor	ntr_contain6	kenneth_harlan	1
actor	ntr_contain6	michael_hordern	1
actor	ntr_contain6	rupert_crosse	1
actor	ntr_contain6	jean_servais	1
actor	ntr_contain6	j_g_devlin	1
actor	ntr_contain6	maggie_jones	1
actor	ntr_contain6	aida_alberti	1
actor	ntr_contain6	david_farrar	1
actor	ntr_contain6	mai_zetterling	1
actor	ntr_contain6	german_valdes	1
actor	ntr_contain6	roddy_mcdowall	1
actor	ntr_contain6	john_c_rice	1
actor	ntr_contain6	william_bakewell	1
actor	ntr_contain6	kenneth_nelson	1
actor	ntr_contain6	jimmy_durante	1
actor	ntr_contain6	walter_rilla	1
actor	ntr_contain6	robert_g_vignola	1
actor	ntr_contain6	rina_morelli	1
actor	ntr_contain6	arthur_devere	1
actor	ntr_contain6	june_haver	1
actor	ntr_contain6	mel_welles	1
actor	ntr_contain6	jean_lapointe	1
actor	ntr_contain6	lionel_stander	1
actor	ntr_contain6	kauko_helovirta	1
actor	ntr_contain6	charles_vanel	1
actor	ntr_contain6	faron_young	1
actor	ntr_contain6	natalia_pavlovna_paley	1
actor	ntr_contain6	jeff_corey	1
actor	ntr_contain6	romolo_valli	1
actor	ntr_contain6	sidney_bracey	1
actor	ntr_contain6	polly_moran	1
actor	ntr_contain6	david_graf	1
actor	ntr_contain6	moroni_olsen	1
actor	ntr_contain6	diana_coupland	1
actor	ntr_contain6	virginia_christine	1
actor	ntr_contain6	kathlyn_williams	1
actor	ntr_contain6	ruth_draper	1
actor	ntr_contain6	richard_thorpe	1
actor	ntr_contain6	dooley_wilson	1
actor	ntr_contain6	donna_michelle	1
actor	ntr_contain6	turi_ferro	1
actor	ntr_contain6	ken_campbell_1941	1
actor	ntr_contain6	robert_donat	1
actor	ntr_contain6	dario_moreno	1
actor	ntr_contain6	jeanette_nolan	1
actor	ntr_contain6	joan_hickson	1
actor	ntr_contain6	mikhail_kalatozov	1
actor	ntr_contain6	jan_werich	1
actor	ntr_contain6	george_cleveland	1
actor	ntr_contain6	fritz_kortner	1
actor	ntr_contain6	bob_burns	1
actor	ntr_contain6	ruben_green	1
actor	ntr_contain6	ib_mossin	1
actor	ntr_contain6	ramon_novarro	1
actor	ntr_contain6	noah_beery_sr	1
actor	ntr_contain6	walter_chiari	1
actor	ntr_contain6	julia_arthur	1
actor	ntr_contain6	kenneth_more	1
actor	ntr_contain6	jack_wild	1
actor	ntr_contain6	chris_farley	1
actor	ntr_contain6	john_fawcett	1
actor	ntr_contain6	marie_trintignant	1
actor	ntr_contain6	ted_cassidy	1
actor	ntr_contain6	janaki_ramachandran	1
actor	ntr_contain6	lew_cody	1
actor	ntr_contain6	michael_rosenbaum	1
actor	ntr_contain6	kinuyo_tanaka	1
actor	ntr_contain6	ina_balin	1
actor	ntr_contain6	jayne_mansfield	1
actor	ntr_contain6	raizo_ichikawa	1
actor	ntr_contain6	marius_goring	1
actor	ntr_contain6	hans_moser	1
actor	ntr_contain6	deepak_verma	1
actor	ntr_contain6	pierre_brasseur	1
actor	ntr_contain6	karen_lykkehus	1
actor	ntr_contain6	flip_wilson	1
actor	ntr_contain6	kim_stanley	1
actor	ntr_contain6	caroline_halle_muller	1
actor	ntr_contain6	pat_corley	1
actor	ntr_contain6	herbert_brenon	1
actor	ntr_contain6	marie_windsor	1
actor	ntr_contain6	edmund_gwenn	1
actor	ntr_contain6	josephine_baker	1
actor	ntr_contain6	brook_benton	1
actor	ntr_contain6	gertrude_mccoy	1
actor	ntr_contain6	ruth_gordon	1
actor	ntr_contain6	edouard_delmont	1
actor	ntr_contain6	bert_convy	1
actor	ntr_contain6	joanne_pankow	1
actor	ntr_contain6	mary_ann_jackson	1
actor	ntr_contain6	charles_le_bargy	1
actor	ntr_contain6	john_g_adolfi	1
actor	ntr_contain6	denman_thompson	1
actor	ntr_contain6	anselmo_duarte	1
actor	ntr_contain6	harry_davenport	1
actor	ntr_contain6	bonita_granville	1
actor	ntr_contain6	jon-erik_hexum	1
actor	ntr_contain6	pedro_armendariz	1
actor	ntr_contain6	kenneth_williams	1
actor	ntr_contain6	rosemary_theby	1
actor	ntr_contain6	bing_crosby	1
actor	ntr_contain6	robert_wilks	1
actor	ntr_contain6	bodil_udsen	1
actor	ntr_contain6	kempton_greene	1
actor	ntr_contain6	eileen_rodgers	1
actor	ntr_contain6	pedro_lopez_lagar	1
actor	ntr_contain6	douglass_montgomery	1
actor	ntr_contain6	joel_crothers	1
actor	ntr_contain6	ian_richardson	1
actor	ntr_contain6	francois_jules_edmond_got	1
actor	ntr_contain6	anna_samokhina	1
actor	ntr_contain6	david_lewis_1916	1
actor	ntr_contain6	john_thaw	1
actor	ntr_contain6	rebecca_schaeffer	1
actor	ntr_contain6	rik_van_nutter	1
actor	ntr_contain6	ethel_waters	1
actor	ntr_contain6	francisco_rabal	1
actor	ntr_contain6	vera_lewis	1
actor	ntr_contain6	lola_montez	1
actor	ntr_contain6	gertrude_berg	1
actor	ntr_contain6	don_lane	1
actor	ntr_contain6	walter_gotell	1
actor	ntr_contain6	pat_morita	1
actor	ntr_contain6	clarence_williams	1
actor	ntr_contain6	groucho_marx	1
actor	ntr_contain6	diana_sands	1
actor	ntr_contain6	jane_lawrence	1
actor	ntr_contain6	ronald_magill	1
actor	ntr_contain6	dorothy_stratten	1
actor	ntr_contain6	lloyd_bochner	1
actor	ntr_contain6	gracie_fields	1
actor	ntr_contain6	julius_harris	1
actor	ntr_contain6	christopher_george	1
actor	ntr_contain6	doghmi_larbi	1
actor	ntr_contain6	cathryn_damon	1
actor	ntr_contain6	sergei_stolyarov	1
actor	ntr_contain6	x_brands	1
actor	ntr_contain6	guillaume_depardieu	1
actor	ntr_contain6	victor_buono	1
actor	ntr_contain6	trevor_adams	1
actor	ntr_contain6	edward_platt	1
actor	ntr_contain6	patience_cooper	1
actor	ntr_contain6	heinz_ruhmann	1
actor	ntr_contain6	howard_rollins	1
actor	ntr_contain6	peter_dennis	1
actor	ntr_contain6	aldo_silvani	1
actor	ntr_contain6	frank_thring	1
actor	ntr_contain6	grayson_hall	1
actor	ntr_contain6	diana_barrymore	1
actor	ntr_contain6	lloyd_haynes	1
actor	ntr_contain6	basil_ruysdael	1
actor	ntr_contain6	carol_cole	1
actor	ntr_contain6	francois_perier	1
actor	ntr_contain6	kenny_delmar	1
actor	ntr_contain6	david_langton	1
actor	ntr_contain6	sofiko_chiaureli	1
actor	ntr_contain6	suthi_veerabhadra_rao	1
actor	ntr_contain6	louis_v_arco	1
actor	ntr_contain6	eric_blore	1
actor	ntr_contain6	harry_piel	1
actor	ntr_contain6	natalie_kingston	1
actor	ntr_contain6	mrs_fiske	1
actor	ntr_contain6	emilio_vieyra	1
actor	ntr_contain6	nicholas_clay	1
actor	ntr_contain6	maria_ouspenskaya	1
actor	ntr_contain6	edgar_bergen	1
actor	ntr_contain6	ed_wood_jr	1
actor	ntr_contain6	russ_meyer	1
actor	ntr_contain6	konrad_ekhof	1
actor	ntr_contain6	otto_gebuhr	1
actor	ntr_contain6	thomas_harper_ince	1
actor	ntr_contain6	lautaro_murua	1
actor	ntr_contain6	chester_withey	1
actor	ntr_contain6	patricia_neal	1
actor	ntr_contain6	wendy_richard	1
actor	ntr_contain6	verbalicious	1
actor	ntr_contain6	enrique_carreras	1
actor	ntr_contain6	john_wells_1936	1
actor	ntr_contain6	judy_garland	1
actor	ntr_contain6	jack_albertson	1
actor	ntr_contain6	charles_coburn	1
actor	ntr_contain6	lon_chaney_sr	1
actor	ntr_contain6	harpo_marx	1
actor	ntr_contain6	claudio_gora	1
actor	ntr_contain6	frances_abington	1
actor	ntr_contain6	don_beddoe	1
actor	ntr_contain6	bethel_leslie	1
actor	ntr_contain6	lionel_atwill	1
actor	ntr_contain6	lewis_arquette	1
actor	ntr_contain6	adrienne_shelly	1
actor	ntr_contain6	mario_passano	1
actor	ntr_contain6	max_davidson	1
actor	ntr_contain6	charles_judels	1
actor	ntr_contain6	cyril_maude	1
actor	ntr_contain6	frederick_oneal	1
actor	ntr_contain6	bruce_bennett	1
actor	ntr_contain6	osceola_macarthy_adams	1
actor	ntr_contain6	telly_savalas	1
actor	ntr_contain6	andre_the_giant	1
actor	ntr_contain6	wayne_mclaren	1
actor	ntr_contain6	virginia_rappe	1
actor	ntr_contain6	tom_ricketts	1
actor	ntr_contain6	hibiscus_1949	1
actor	ntr_contain6	ove_sprogoe	1
actor	ntr_contain6	alan_hale_jr	1
actor	ntr_contain6	jim_mckay	1
actor	ntr_contain6	steele_mackaye	1
actor	ntr_contain6	carlos_roffe	1
actor	ntr_contain6	charlie_chaplin	1
actor	ntr_contain6	eugeniusz_bodo	1
actor	ntr_contain6	cyril_biddulph	1
actor	ntr_contain6	carroll_baker	1
actor	ntr_contain6	francis_pierlot	1
actor	ntr_contain6	stanley_baker	1
actor	ntr_contain6	peter_cushing	1
actor	ntr_contain6	jimmy_aubrey	1
actor	ntr_contain6	albert_chevalier	1
actor	ntr_contain6	laurence_naismith	1
actor	ntr_contain6	frank_mchugh	1
actor	ntr_contain6	lee_j_cobb	1
actor	ntr_contain6	tito_alonso	1
actor	ntr_contain6	john_cazale	1
actor	ntr_contain6	val_avery	1
actor	ntr_contain6	samuel_howard	1
actor	ntr_contain6	protima_bedi	1
actor	ntr_contain6	matthew_mcgrory	1
actor	ntr_contain6	claudia_jennings	1
actor	ntr_contain6	emilie_hogquist	1
actor	ntr_contain6	maria_corda	1
actor	ntr_contain6	stephen_gately	1
actor	ntr_contain6	john_qualen	1
actor	ntr_contain6	andy_kaufman	1
actor	ntr_contain6	bunney_brooke	1
actor	ntr_contain6	dom_deluise	1
actor	ntr_contain6	bulle_ogier	1
actor	ntr_contain6	fulton_mackay	1
actor	ntr_contain6	stan_richards	1
actor	ntr_contain6	william_frawley	1
actor	ntr_contain6	agnes_ayres	1
actor	ntr_contain6	george_formby	1
actor	ntr_contain6	theodore_wilson	1
actor	ntr_contain6	luise_neumann	1
actor	ntr_contain6	allan_forrest	1
actor	ntr_contain6	ethel_shannon	1
actor	ntr_contain6	moliere	1
actor	ntr_contain6	alan_dinehart	1
actor	ntr_contain6	mary_kornman	1
actor	ntr_contain6	toshiro_mifune	1
actor	ntr_contain6	otto_brandenburg_1934	1
actor	ntr_contain6	dita_parlo	1
actor	ntr_contain6	florence_desmond	1
actor	ntr_contain6	mildred_davis	1
actor	ntr_contain6	henry_v_esmond	1
actor	ntr_contain6	adrienne_hill	1
actor	ntr_contain6	louis_nye	1
actor	ntr_contain6	hilda_borgstrom	1
actor	ntr_contain6	john_huston	1
actor	ntr_contain6	adriana_prieto	1
actor	ntr_contain6	marie_glory	1
actor	ntr_contain6	wladyslaw_hancza	1
actor	ntr_contain6	ben_jonson	1
actor	ntr_contain6	sankaradi	1
actor	ntr_contain6	caitlin_clarke	1
actor	ntr_contain6	ronald_fraser	1
actor	ntr_contain6	john_brougham	1
actor	ntr_contain6	guido_alberti	1
actor	ntr_contain6	ray_myers	1
actor	ntr_contain6	dorothy_phillips	1
actor	ntr_contain6	l_frank_baum	1
actor	ntr_contain6	elizabeth_barry	1
actor	ntr_contain6	john_henry_anderson	1
actor	ntr_contain6	jan_machulski	1
actor	ntr_contain6	rocio_jurado	1
actor	ntr_contain6	henry_kulky	1
actor	ntr_contain6	shirley_mason	1
actor	ntr_contain6	ib_schonberg	1
actor	ntr_contain6	madge_bellamy	1
actor	ntr_contain6	william_kempe	1
actor	ntr_contain6	nancy_coleman	1
actor	ntr_contain6	rogelio_de_la_rosa	1
actor	ntr_contain6	thomas_betterton	1
actor	ntr_contain6	robert_stack	1
actor	ntr_contain6	robert_pastorelli	1
actor	ntr_contain6	helen_holmes	1
actor	ntr_contain6	tilly_losch	1
actor	ntr_contain6	marion_byron	1
actor	ntr_contain6	tom_mix	1
actor	ntr_contain6	arthur_hohl	1
actor	ntr_contain6	lena_horne	1
actor	ntr_contain6	karl_von_marinelli	1
actor	ntr_contain6	robert_stevenson_1905	1
actor	ntr_contain6	irene_fenwick	1
actor	ntr_contain6	hobart_henley	1
actor	ntr_contain6	ulrich_muhe	1
actor	ntr_contain6	edward_kynaston	1
actor	ntr_contain6	youssef_wahbi	1
actor	ntr_contain6	marty_robbins	1
actor	ntr_contain6	rex_harrison	1
actor	ntr_contain6	charles_chaplin_jr	1
actor	ntr_contain6	cookie_mueller	1
actor	ntr_contain6	friedrich_ludwig_schroder	1
actor	ntr_contain6	sebastian_shaw_1905	1
actor	ntr_contain6	bekim_fehmiu	1
actor	ntr_contain6	ron_richardson	1
actor	ntr_contain6	werner_abrolat	1
actor	ntr_contain6	hermann_vezin	1
actor	ntr_contain6	jarl_kulle	1
actor	ntr_contain6	fred_macmurray	1
actor	ntr_contain6	colin_tapley	1
actor	ntr_contain6	arline_judge	1
actor	ntr_contain6	j_madison_wright_morris	1
actor	ntr_contain6	fred_mace	1
actor	ntr_contain6	marie_prevost	1
actor	ntr_contain6	ada_jones	1
actor	ntr_contain6	vija_artmane	1
actor	ntr_contain6	johnston_forbes-robertson	1
actor	ntr_contain6	signe_hasso	1
actor	ntr_contain6	elissa_landi	1
actor	ntr_contain6	doris_lloyd	1
actor	ntr_contain6	joe_cobb	1
actor	ntr_contain6	abhi_bhattacharya	1
actor	ntr_contain6	marisa_mell	1
actor	ntr_contain6	barbara_bates	1
actor	ntr_contain6	nancy_kulp	1
actor	ntr_contain6	mary_astor	1
actor	ntr_contain6	george_frederick_cooke	1
actor	ntr_contain6	madame_sul-te-wan	1
actor	ntr_contain6	gregory_gaye	1
actor	ntr_contain6	edith_johnson	1
actor	ntr_contain6	craig_stevens_1918	1
actor	ntr_contain6	lupe_velez	1
actor	ntr_contain6	charles_winninger	1
actor	ntr_contain6	kim_walker	1
actor	ntr_contain6	montagu_love	1
actor	ntr_contain6	dudu_topaz	1
actor	ntr_contain6	howard_hill	1
actor	ntr_contain6	jessie_bateman	1
actor	ntr_contain6	natalie_wood	1
actor	ntr_contain6	glenn_strange	1
actor	ntr_contain6	jose_suarez	1
actor	ntr_contain6	solveig_dommartin	1
actor	ntr_contain6	betty_schade	1
actor	ntr_contain6	fred_niblo	1
actor	ntr_contain6	john_boles	1
actor	ntr_contain6	wong_ka_kui	1
actor	ntr_contain6	heath_ledger	1
actor	ntr_contain6	bruce_cabot	1
actor	ntr_contain6	bernard_natan	1
actor	ntr_contain6	neville_brand	1
actor	ntr_contain6	john_ridgely	1
actor	ntr_contain6	richard_marner	1
actor	ntr_contain6	robert_montgomery	1
actor	ntr_contain6	augustus_harris	1
actor	ntr_contain6	yusaku_matsuda	1
actor	ntr_contain6	john_lawrence_toole	1
actor	ntr_contain6	martin_balsam	1
actor	ntr_contain6	audra_lindley	1
actor	ntr_contain6	rose_hobart	1
actor	ntr_contain6	edwin_adams	1
actor	ntr_contain6	george_burton_1898	1
actor	ntr_contain6	louise_fazenda	1
actor	ntr_contain6	ronald_lacey	1
actor	ntr_contain6	nora_denney	1
actor	ntr_contain6	tito_guizar	1
actor	ntr_contain6	lorne_greene	1
actor	ntr_contain6	lucille_benson	1
actor	ntr_contain6	ethel_clayton	1
actor	ntr_contain6	george_j_lewis	1
actor	ntr_contain6	sydney_bromley	1
actor	ntr_contain6	jacques_damboise	1
actor	ntr_contain6	johanne_luise_heiberg	1
actor	ntr_contain6	bob_fosse	1
actor	ntr_contain6	harry_gribbon	1
actor	ntr_contain6	jay_silverheels	1
actor	ntr_contain6	jimmy_wakely	1
actor	ntr_contain6	roxie_roker	1
actor	ntr_contain6	james_stephenson	1
actor	ntr_contain6	u_nee	1
actor	ntr_contain6	woody_strode	1
actor	ntr_contain6	alan_wheatley	1
actor	ntr_contain6	paul_lynde	1
actor	ntr_contain6	richard_dix	1
actor	ntr_contain6	feliks_zukowski	1
actor	ntr_contain6	vincent_gardenia	1
actor	ntr_contain6	victor_mature	1
actor	ntr_contain6	oleg_yankovsky	1
actor	ntr_contain6	michel_serrault	1
actor	ntr_contain6	esin_engin	1
actor	ntr_contain6	mary_jane_croft	1
actor	ntr_contain6	eddie_cantor	1
actor	ntr_contain6	robert_cummings	1
actor	ntr_contain6	george_mcfarland	1
actor	ntr_contain6	red_buttons	1
actor	ntr_contain6	clarence_muse	1
actor	ntr_contain6	kevin_hagen	1
actor	ntr_contain6	inger_stevens	1
actor	ntr_contain6	edward_chapman_1901	1
actor	ntr_contain6	yanina_zhejmo	1
actor	ntr_contain6	billy_preston	1
actor	ntr_contain6	stepin_fetchit	1
actor	ntr_contain6	owen_moore	1
actor	ntr_contain6	mija_aleksic	1
actor	ntr_contain6	paul_capellani	1
actor	ntr_contain6	peppino_de_filippo	1
actor	ntr_contain6	dan_george	1
actor	ntr_contain6	vittorio_de_sica	1
actor	ntr_contain6	vanessa_brown	1
actor	ntr_contain6	jean_gabin	1
actor	ntr_contain6	cornelio_reyna	1
actor	ntr_contain6	catherine_dale_owen	1
actor	ntr_contain6	william_boyd_1895	1
actor	ntr_contain6	henry_roussell	1
actor	ntr_contain6	alexander_darcy	1
actor	ntr_contain6	allyn_joslyn	1
actor	ntr_contain6	isaac_hayes	1
actor	ntr_contain6	gig_young	1
actor	ntr_contain6	dana_reeve	1
actor	ntr_contain6	brandon_thomas	1
actor	ntr_contain6	khosrow_shakibay	1
actor	ntr_contain6	albert_carre	1
actor	ntr_contain6	howard_duff	1
actor	ntr_contain6	federico_fellini	1
actor	ntr_contain6	leah_baird	1
actor	ntr_contain6	oscar_ljung	1
actor	ntr_contain6	lucky_grills	1
actor	ntr_contain6	lynton_brent	1
actor	ntr_contain6	tyrone_power_sr	1
actor	ntr_contain6	hildegard_knef	1
actor	ntr_contain6	stephen_kemble	1
actor	ntr_contain6	peter_woodthorpe	1
actor	ntr_contain6	alan_bates	1
actor	ntr_contain6	jimmy_hanley	1
actor	ntr_contain6	harry_bellaver	1
actor	ntr_contain6	ernst_arndt	1
actor	ntr_contain6	yul_brynner	1
actor	ntr_contain6	edmund_breese	1
actor	ntr_contain6	georges_renavent	1
actor	ntr_contain6	dick_emery	1
actor	ntr_contain6	meredith_macrae	1
actor	ntr_contain6	anne_oldfield	1
actor	ntr_contain6	frederik_jensen	1
actor	ntr_contain6	frances_reid	1
actor	ntr_contain6	hilde_hildebrand	1
actor	ntr_contain6	gloria_grahame	1
actor	ntr_contain6	cyril_delevanti	1
actor	ntr_contain6	virginia_browne_faire	1
actor	ntr_contain6	ileen_getz	1
actor	ntr_contain6	marceline_day	1
actor	ntr_contain6	jerome_cowan	1
actor	ntr_contain6	irene_hervey	1
actor	ntr_contain6	yossi_banai	1
actor	ntr_contain6	rainer_werner_fassbinder	1
actor	ntr_contain6	gene_janson	1
actor	ntr_contain6	aaliyah	1
actor	ntr_contain6	john_gielgud	1
actor	ntr_contain6	arlene_francis	1
actor	ntr_contain6	francis_ford	1
actor	ntr_contain6	yuri_nikulin	1
actor	ntr_contain6	aldo_fabrizi	1
actor	ntr_contain6	hobart_cavanaugh	1
actor	ntr_contain6	lucio_fulci	1
actor	ntr_contain6	sotiris_moustakas	1
actor	ntr_contain6	erik_bruhn	1
actor	ntr_contain6	jang_jin_young	1
actor	ntr_contain6	norman_rossington	1
actor	ntr_contain6	calvin_lockhart	1
actor	ntr_contain6	kyaw_swe	1
actor	ntr_contain6	barbara_bel_geddes	1
actor	ntr_contain6	vernon_dent	1
actor	ntr_contain6	george_zucco	1
actor	ntr_contain6	mathias_wieman	1
actor	ntr_contain6	charles_ludlam	1
actor	ntr_contain6	thomas_meighan	1
actor	ntr_contain6	carroll_oconnor	1
actor	ntr_contain6	george_c_scott	1
actor	ntr_contain6	emlyn_williams	1
actor	ntr_contain6	david_lochary	1
actor	ntr_contain6	louise_brooks	1
actor	ntr_contain6	tsi_ang_chin	1
actor	ntr_contain6	robert_morley	1
actor	ntr_contain6	colleen_dewhurst	1
actor	ntr_contain6	matsunosuke_onoe	1
actor	ntr_contain6	max_cantor	1
actor	ntr_contain6	bai_guang	1
actor	ntr_contain6	julia_marlowe	1
actor	ntr_contain6	ada_cornaro	1
actor	ntr_contain6	hilda_clark	1
actor	ntr_contain6	hilda_braid	1
actor	ntr_contain6	gerard_blain	1
actor	ntr_contain6	zeppo_marx	1
actor	ntr_contain6	adolf_von_sonnenthal	1
actor	ntr_contain6	richard_mulligan	1
actor	ntr_contain6	regis_toomey	1
actor	ntr_contain6	n_t_rama_rao	1
actor	ntr_contain6	jim_davis_1909	1
actor	ntr_contain6	raymond_burr	1
actor	ntr_contain6	spalding_gray	1
actor	ntr_contain6	dennis_james	1
actor	ntr_contain6	raymond_huntley	1
actor	ntr_contain6	charles_rocket	1
actor	ntr_contain6	cathleen_nesbitt	1
actor	ntr_contain6	bess_flowers	1
actor	ntr_contain6	sharon_tate	1
actor	ntr_contain6	jack_purvis_1937	1
actor	ntr_contain6	tod_browning	1
actor	ntr_contain6	james_beck	1
actor	ntr_contain6	claude_gillingwater	1
actor	ntr_contain6	john_keel	1
actor	ntr_contain6	jennifer_kendal	1
actor	ntr_contain6	george_melford	1
actor	ntr_contain6	josef_meinrad	1
actor	ntr_contain6	marie_favart	1
actor	ntr_contain6	petr_shelokhonov	1
actor	ntr_contain6	edward_coxen	1
actor	ntr_contain6	michael_jeter	1
actor	ntr_contain6	jack_warden	1
actor	ntr_contain6	richard_hageman	1
actor	ntr_contain6	ian_carmichael	1
actor	ntr_contain6	alfred_hitchcock	1
actor	ntr_contain6	frankie_laine	1
actor	ntr_contain6	george_raft	1
actor	ntr_contain6	betty_furness	1
actor	ntr_contain6	harvey_korman	1
actor	ntr_contain6	gerald_levert	1
actor	ntr_contain6	mike_pratt	1
actor	ntr_contain6	dagmar	1
actor	ntr_contain6	richard_jeni	1
actor	ntr_contain6	marcel_marceau	1
actor	ntr_contain6	nina_mae_mckinney	1
actor	ntr_contain6	george_peppard	1
actor	ntr_contain6	tommy_eytle	1
actor	ntr_contain6	hazel_brooks	1
actor	ntr_contain6	jinx_falkenburg	1
actor	ntr_contain6	dudley_dickerson	1
actor	ntr_contain6	kay_aldridge	1
actor	ntr_contain6	phillips_lord	1
actor	ntr_contain6	fess_parker	1
actor	ntr_contain6	david_carradine	1
actor	ntr_contain6	reg_varney	1
actor	ntr_contain6	sorrell_booke	1
actor	ntr_contain6	mary_stuart	1
actor	ntr_contain6	lucille_ball	1
actor	ntr_contain6	claude_autant-lara	1
actor	ntr_contain6	allan_jones	1
actor	ntr_contain6	william_dieterle	1
actor	ntr_contain6	joe_hunter_1927	1
actor	ntr_contain6	max_miller	1
actor	ntr_contain6	charles_nelson_reilly	1
actor	ntr_contain6	shelagh_fraser	1
actor	ntr_contain6	irene_worth	1
actor	ntr_contain6	gregory_hines	1
actor	ntr_contain6	katherine_corri_harris	1
actor	ntr_contain6	claire_mcdowell	1
actor	ntr_contain6	jack_nance	1
actor	ntr_contain6	donald_crisp	1
actor	ntr_contain6	michael_denison	1
actor	ntr_contain6	tadeusz_omnicki	1
actor	ntr_contain6	edward_earle	1
actor	ntr_contain6	glenn_tryon	1
actor	ntr_contain6	martita_hunt	1
actor	ntr_contain6	louis_prima	1
actor	ntr_contain6	john_spencer_1946	1
actor	ntr_contain6	troy_donahue	1
actor	ntr_contain6	spring_byington	1
actor	ntr_contain6	jack_hawkins	1
actor	ntr_contain6	lou_costello	1
actor	ntr_contain6	james_dixon	0
actor	ntr_contain6	kate_wilkinson	1
actor	ntr_contain6	lilia_skala	1
actor	ntr_contain6	jack_palance	1
actor	ntr_contain6	altovise_davis	1
actor	ntr_contain6	barry_sullivan_1912	1
actor	ntr_contain6	agnes_esterhazy	1
actor	ntr_contain6	clyde_beatty	1
actor	ntr_contain6	frehel	1
actor	ntr_contain6	lillian_russell	1
actor	ntr_contain6	larry_semon	1
actor	ntr_contain6	eazy-e	1
actor	ntr_contain6	tim_mccoy	1
actor	ntr_contain6	ted_de_corsia	1
actor	ntr_contain6	susanna_foster	1
actor	ntr_contain6	lee_strasberg	1
actor	ntr_contain6	aneta_corsaut	1
actor	ntr_contain6	anne_ramsey	1
actor	ntr_contain6	edmund_purdom	1
actor	ntr_contain6	barbara_pepper	1
actor	ntr_contain6	steve_allen	1
actor	ntr_contain6	lionel_mark_smith	1
actor	ntr_contain6	charles_bronson	1
actor	ntr_contain6	barry_nelson	1
actor	ntr_contain6	lou_tellegen	1
actor	ntr_contain6	albrecht_becker	1
actor	ntr_contain6	umm_kulthum_1904	1
actor	ntr_contain6	milton_frome	1
actor	ntr_contain6	jack_davis_1914	1
actor	ntr_contain6	emil_sitka	1
actor	ntr_contain6	nell_carter	1
actor	ntr_contain6	patrick_magee_1922	1
actor	ntr_contain6	paul_marco	1
actor	ntr_contain6	broncho_billy_anderson	1
actor	ntr_contain6	marion_leonard	1
actor	ntr_contain6	gwen_ffrangcon-davies	1
actor	ntr_contain6	janet_leigh	1
actor	ntr_contain6	fred_astaire	1
actor	ntr_contain6	leonard_maguire	1
actor	ntr_contain6	lew_ayres	1
actor	ntr_contain6	peter_lawford	1
actor	ntr_contain6	heather_angel	1
actor	ntr_contain6	joel_mccrea	1
actor	ntr_contain6	peter_glenville	1
actor	ntr_contain6	basil_rathbone	1
actor	ntr_contain6	reginald_denny	1
actor	ntr_contain6	charles_thomas_longley	1
actor	ntr_contain6	dexter_gordon	1
actor	ntr_contain6	david_brian	1
actor	ntr_contain6	robert_preston_1918	1
actor	ntr_contain6	celia_johnson	1
actor	ntr_contain6	kenneth_tobey	1
actor	ntr_contain6	edward_bunker	1
actor	ntr_contain6	awilda_carbia	1
actor	ntr_contain6	gregory_ratoff	1
actor	ntr_contain6	helen_gahagan	1
actor	ntr_contain6	rosemary_decamp	1
actor	ntr_contain6	charita_bauer	1
actor	ntr_contain6	richard_pryor	1
actor	ntr_contain6	john_bennett	1
actor	ntr_contain6	alexander_granach	1
actor	ntr_contain6	fernando_lamas	1
actor	ntr_contain6	isabel_sanford	1
actor	ntr_contain6	fred_ball	1
actor	ntr_contain6	diether_krebs	1
actor	ntr_contain6	opothleyahola	0
actor	ntr_contain6	edith_day	1
actor	ntr_contain6	dorothy_deborba	1
actor	ntr_contain6	eddie_albert	1
actor	ntr_contain6	paul_gleason	1
actor	ntr_contain6	helmuth_schneider	1
actor	ntr_contain6	heather_orourke	1
actor	ntr_contain6	cecilia_parker	1
actor	ntr_contain6	william_haines	1
actor	ntr_contain6	alberto_sordi	1
actor	ntr_contain6	noel_willman	1
actor	ntr_contain6	ivan_petrovich	1
actor	ntr_contain6	ada_falcon	1
actor	ntr_contain6	joy_page	1
actor	ntr_contain6	percy_rodriguez	1
actor	ntr_contain6	donal_mccann	1
actor	ntr_contain6	kulwinder_dhillon	1
actor	ntr_contain6	zasu_pitts	1
actor	ntr_contain6	pauline_bush	1
actor	ntr_contain6	reeves_eason_jr	1
actor	ntr_contain6	william_charles_macready	1
actor	ntr_contain6	martha_vickers	1
actor	ntr_contain6	divine	1
actor	ntr_contain6	lloyd_richards	1
actor	ntr_contain6	maurice_denham	1
actor	ntr_contain6	jack_holt_1888	1
actor	ntr_contain6	junior_durkin	1
actor	ntr_contain6	alain_bashung	1
actor	ntr_contain6	grace_darmond	1
actor	ntr_contain6	graham_cole	1
actor	ntr_contain6	sigrid_valdis	1
actor	ntr_contain6	michael_rennie	1
actor	ntr_contain6	basil_dean	1
actor	ntr_contain6	bruce_lee	1
actor	ntr_contain6	viviane_romance	1
actor	ntr_contain6	morey_amsterdam	1
actor	ntr_contain6	bharath_gopi	1
actor	ntr_contain6	anna_nicole_smith	1
actor	ntr_contain6	hsu_wei_lun	1
actor	ntr_contain6	dorothy_stickney	1
actor	ntr_contain6	david_warfield	1
actor	ntr_contain6	michael_craze	1
actor	ntr_contain6	william_hopper	1
actor	ntr_contain6	dick_shawn	1
actor	ntr_contain6	roland_young	1
actor	ntr_contain6	dranem	1
actor	ntr_contain6	lars_hanson	1
actor	ntr_contain6	viktor_pavlov	1
actor	ntr_contain6	levy_mwanawasa	0
actor	ntr_contain6	enrico_maria_salerno	1
actor	ntr_contain6	curt_bois	1
actor	ntr_contain6	kim_milford	1
actor	ntr_contain6	werner_krauss	1
actor	ntr_contain6	mona_darkfeather	1
actor	ntr_contain6	burgess_meredith	1
actor	ntr_contain6	barton_yarborough	1
actor	ntr_contain6	lillian_randolph	1
actor	ntr_contain6	humphrey_bogart	1
actor	ntr_contain6	james_darren	1
actor	ntr_contain6	george_arliss	1
actor	ntr_contain6	mary_miles_minter	1
actor	ntr_contain6	william_dickson	1
actor	ntr_contain6	enrique_rambal	1
actor	ntr_contain6	william_caxton	0
actor	ntr_contain6	j_stuart_blackton	1
actor	ntr_contain6	bill_flynn	1
actor	ntr_contain6	lenny_baker	1
actor	ntr_contain6	john_carradine	1
actor	ntr_contain6	jo_van_fleet	1
actor	ntr_contain6	bob_lazarus	1
actor	ntr_contain6	victoria_horne	1
actor	ntr_contain6	nan_martin	1
actor	ntr_contain6	simhalan_madhava_panicker	1
actor	ntr_contain6	dorothy_shay	1
actor	ntr_contain6	leo_willis	1
actor	ntr_contain6	billy_van	1
actor	ntr_contain6	johnny_weissmuller	1
actor	ntr_contain6	edgar_kennedy	1
actor	ntr_contain6	farrah_fawcett	1
actor	ntr_contain6	pierre_alcover	1
actor	ntr_contain6	sheila_ryan	1
actor	ntr_contain6	jack_baker	1
actor	ntr_contain6	sheree_north	1
actor	ntr_contain6	peggy_wood	1
actor	ntr_contain6	steve_j_spears	1
actor	ntr_contain6	ossie_davis	1
actor	ntr_contain6	john_larch	1
actor	ntr_contain6	art_baker	1
actor	ntr_contain6	isabelle_caubere	1
actor	ntr_contain6	kay_walsh	1
actor	ntr_contain6	gene_andrusco	1
actor	ntr_contain6	spec_odonnell	1
actor	ntr_contain6	rosemary_clooney	1
actor	ntr_contain6	shintaro_katsu	1
actor	ntr_contain6	douglas_maclean	1
actor	ntr_contain6	roger_c_carmel	1
actor	ntr_contain6	ronnie_barker	1
actor	ntr_contain6	harry_houdini	1
actor	ntr_contain6	gertrude_olmstead	1
actor	ntr_contain6	magda_schneider	1
actor	ntr_contain6	andre_morell	1
actor	ntr_contain6	max_baer	1
actor	ntr_contain6	marc_mcdermott	1
actor	ntr_contain6	rolfe_sedan	1
actor	ntr_contain6	don_ameche	1
actor	ntr_contain6	gary_morton	1
actor	ntr_contain6	dermot_morgan	1
actor	ntr_contain6	pedro_infante	1
actor	ntr_contain6	larry_keating	1
actor	ntr_contain6	azat_sherents	1
actor	ntr_contain6	clive_morton	1
actor	ntr_contain6	vera_karalli	1
actor	ntr_contain6	ernest_torrence	1
actor	ntr_contain6	j_p_mcgowan	1
actor	ntr_contain6	henry_armetta	1
actor	ntr_contain6	robert_addie	1
actor	ntr_contain6	frances_bergen	1
actor	ntr_contain6	leon_mathot	1
actor	ntr_contain6	richard_haydn	1
actor	ntr_contain6	joyce_grenfell	1
actor	ntr_contain6	frankie_thomas	1
actor	ntr_contain6	juhan_viiding	1
actor	ntr_contain6	antonio_aguilar	1
actor	ntr_contain6	michael_bentine	1
actor	ntr_contain6	john_scott_martin	1
actor	ntr_contain6	bill_stalker	1
actor	ntr_contain6	allen_holubar	1
actor	ntr_contain6	gordon_macrae	1
actor	ntr_contain6	george_robey	1
actor	ntr_contain6	zacharie_jacob	1
actor	ntr_contain6	stephen_mcnally	1
actor	ntr_contain6	gerard_oury	1
actor	ntr_contain6	john_philip_kemble	1
actor	ntr_contain6	antonio_paoli	0
actor	ntr_contain6	yoshio_inaba	1
actor	ntr_contain6	oscar_apfel	1
actor	ntr_contain6	beah_richards	1
actor	ntr_contain6	lynne_carver	1
actor	ntr_contain6	roman_tam	1
actor	ntr_contain6	walter_pidgeon	1
actor	ntr_contain6	betsy_jones-moreland	1
actor	ntr_contain6	zhao_dan	1
actor	ntr_contain6	wheeler_dryden	1
actor	ntr_contain6	lee_bowman	1
actor	ntr_contain6	ann_dvorak	1
actor	ntr_contain6	richard_hurndall	1
actor	ntr_contain6	kay_e_kuter	1
actor	ntr_contain6	george_dolenz	1
actor	ntr_contain6	jean_vander_pyl	1
actor	ntr_contain6	herve_villechaize	1
actor	ntr_contain6	andre_kertesz	0
actor	ntr_contain6	marilyn_monroe	1
actor	ntr_contain6	valda_valkyrien	1
actor	ntr_contain6	alan_hale_sr	1
actor	ntr_contain6	friedrich_hund	0
actor	ntr_contain6	cleo_madison	1
actor	ntr_contain6	michael_v_gazzo	1
actor	ntr_contain6	fernando_poe_jr	1
actor	ntr_contain6	ernst_dohm	1
actor	ntr_contain6	sophie_tucker	1
actor	ntr_contain6	count_basie	1
actor	ntr_contain6	walter_connolly	1
actor	ntr_contain6	jean-paul_sartre	0
actor	ntr_contain6	richard_conte	1
actor	ntr_contain6	parley_baer	1
actor	ntr_contain6	guy_rolfe	1
actor	ntr_contain6	gene_kelly	1
actor	ntr_contain6	vivian_vance	1
actor	ntr_contain6	bess_meredyth	1
actor	ntr_contain6	rudolf_klein_rogge	1
actor	ntr_contain6	wolf_kaiser	1
actor	ntr_contain6	jay_r_smith	1
actor	ntr_contain6	victor_sjostrom	1
actor	ntr_contain6	louis_guss	1
actor	ntr_contain6	judd_holdren	1
actor	ntr_contain6	richard_harris	1
actor	ntr_contain6	alice_faye	1
actor	ntr_contain6	richard_bright_1937	1
actor	ntr_contain6	nell_shipman	1
actor	ntr_contain6	martin_benrath	1
actor	ntr_contain6	audrey_munson	1
actor	ntr_contain6	e_g_marshall	1
actor	ntr_contain6	ashok_kumar	1
actor	ntr_contain6	eugene_pallette	1
actor	ntr_contain6	thomas_mitchell_1892	1
actor	ntr_contain6	montgomery_clift	1
actor	ntr_contain6	johnny_j	0
actor	ntr_contain6	oscar_homolka	1
actor	ntr_contain6	peter_jones	1
actor	ntr_contain6	henry_otto	1
actor	ntr_contain6	james_franciscus	1
actor	ntr_contain6	bodil_kjer	1
actor	ntr_contain6	katharine_cornell	1
actor	ntr_contain6	jane_wyman	1
actor	ntr_contain6	luis_alcoriza	1
actor	ntr_contain6	pope_julius_ii	0
actor	ntr_contain6	hugo_fregonese	1
actor	ntr_contain6	lloyd_whitlock	1
actor	ntr_contain6	george_webb	1
actor	ntr_contain6	reginald_owen	1
actor	ntr_contain6	james_keteltas_hackett	1
actor	ntr_contain6	marion_shilling	1
actor	ntr_contain6	murray_salem	1
actor	ntr_contain6	virginia_lee_corbin	1
actor	ntr_contain6	liddy_holloway	1
actor	ntr_contain6	paul_benedict	1
actor	ntr_contain6	natasha_richardson	1
actor	ntr_contain6	gordon_wharmby	1
actor	ntr_contain6	george_gobel	1
actor	ntr_contain6	beverly_bayne	1
actor	ntr_contain6	michael_zaslow	1
actor	ntr_contain6	charles_ruggles	1
actor	ntr_contain6	margaret_hayes	1
actor	ntr_contain6	charles_kalani_jr	1
actor	ntr_contain6	barry_brown	1
actor	ntr_contain6	margaux_hemingway	1
actor	ntr_contain6	wendell_corey	1
actor	ntr_contain6	william_george_penney	0
actor	ntr_contain6	johnny_sekka	1
actor	ntr_contain6	ricardo_cortez	1
actor	ntr_contain6	lex_barker	1
actor	ntr_contain6	yevgeny_vesnik	1
actor	ntr_contain6	cary_grant	1
actor	ntr_contain6	guru_dutt	1
actor	ntr_contain6	ingmar_bergman	1
actor	ntr_contain6	esteban_terradas_i_illa	0
actor	ntr_contain6	john_junkin	1
actor	ntr_contain6	iron_eyes_cody	1
actor	ntr_contain6	max_reinhardt	1
actor	ntr_contain6	edna_may_oliver	1
actor	ntr_contain6	walter_matthau	1
actor	ntr_contain6	david_burns	1
actor	ntr_contain6	georgia_brown_east_end_of_london	1
actor	ntr_contain6	james_baskett	1
actor	ntr_contain6	justin_pierce	1
actor	ntr_contain6	canada_lee	1
actor	ntr_contain6	allen_farina_hoskins	1
actor	ntr_contain6	tully_marshall	1
actor	ntr_contain6	lou_albano	1
actor	ntr_contain6	boots_mallory	1
actor	ntr_contain6	peter_kuiper	1
actor	ntr_contain6	martha_mansfield	1
actor	ntr_contain6	robert_kramer	1
actor	ntr_contain6	rahel_sanzara	1
actor	ntr_contain6	edith_bouvier_beale	1
actor	ntr_contain6	juan_valera_y_alcala_galiano	0
actor	ntr_contain6	louise_hale	1
actor	ntr_contain6	danny_thomas	1
actor	ntr_contain6	nora_swinburne	1
actor	ntr_contain6	alice_joyce	1
actor	ntr_contain6	son_ye-jin	1
actor	ntr_contain6	robert_ryan	1
actor	ntr_contain6	mike_reid_1940	1
actor	ntr_contain6	darla_hood	1
actor	ntr_contain6	jean_desailly	1
actor	ntr_contain6	ben_lyon	1
actor	ntr_contain6	lloyd_bridges	1
actor	ntr_contain6	eleanor_boardman	1
actor	ntr_contain6	diana_hyland	1
actor	ntr_contain6	arleen_whelan	1
actor	ntr_contain6	marshall_reed	1
actor	ntr_contain6	ren_jian_hui	1
actor	ntr_contain6	xavier_saint-macary	1
actor	ntr_contain6	aleksandra_l_ska	1
actor	ntr_contain6	fay_templeton	1
actor	ntr_contain6	vincent_sherman	1
actor	ntr_contain6	freddie_bartholomew	1
actor	ntr_contain6	lester_cuneo	1
actor	ntr_contain6	fernando_siro	1
actor	ntr_contain6	gerald_du_maurier	1
actor	ntr_contain6	hayes_gordon	1
actor	ntr_contain6	brian_wilde	1
actor	ntr_contain6	bill_owen	1
actor	ntr_contain6	michael_attwell	1
actor	ntr_contain6	thea_von_harbou	1
actor	ntr_contain6	leonid_yengibarov	1
actor	ntr_contain6	yakima_canutt	1
actor	ntr_contain6	gladys_cooper	1
actor	ntr_contain6	vic_chesnutt	1
actor	ntr_contain6	gian_maria_volonte	1
actor	ntr_contain6	mildred_natwick	1
actor	ntr_contain6	jane_novak	1
actor	ntr_contain6	win_oo	1
actor	ntr_contain6	jimmy_finlayson	1
actor	ntr_contain6	ted_healy	1
actor	ntr_contain6	harry_steppe	1
actor	ntr_contain6	leo_genn	1
actor	ntr_contain6	billy_barty	1
actor	ntr_contain6	jewel_carmen	1
actor	ntr_contain6	sathyaneshan_nadar	1
actor	ntr_contain6	marion_martin	1
actor	ntr_contain6	vilho_siivola	1
actor	ntr_contain6	francis_robert_benson	1
actor	ntr_contain6	hermann_j_huber	0
actor	ntr_contain6	john_emery	1
actor	ntr_contain6	panteleymon_kulish	0
actor	ntr_contain6	george_brent	1
actor	ntr_contain6	ronald_leigh-hunt	1
actor	ntr_contain6	irving_pichel	1
actor	ntr_contain6	rock_hudson	1
actor	ntr_contain6	lorenzo_tucker	1
actor	ntr_contain6	james_craig	1
actor	ntr_contain6	john_laurie	1
actor	ntr_contain6	walter_slezak	1
actor	ntr_contain6	rajendra_kumar	1
actor	ntr_contain6	trevor_howard	1
actor	ntr_contain6	dan_oherlihy	1
actor	ntr_contain6	masashi_tashiro	1
actor	ntr_contain6	christopher_reeve	1
actor	ntr_contain6	harry_semels	1
actor	ntr_contain6	martin_gabel	1
actor	ntr_contain6	rondo_hatton	1
actor	ntr_contain6	charles_mcgraw	1
actor	ntr_contain6	moms_mabley	1
actor	ntr_contain6	mae_west	1
actor	ntr_contain6	ethyle_cooke	1
actor	ntr_contain6	robert_strauss_new_york	1
actor	ntr_contain6	karl_malden	1
actor	ntr_contain6	carson_robison	1
actor	ntr_contain6	bo_widerberg	1
actor	ntr_contain6	balraj_sahni	1
actor	ntr_contain6	matthias_f_cowley	0
actor	ntr_contain6	john_halliday	1
actor	ntr_contain6	anthony_kimmins	1
actor	ntr_contain6	eddie_anderson	1
actor	ntr_contain6	glenn_shadix	1
actor	ntr_contain6	jeff_chandler_1918	1
actor	ntr_contain6	gordon_jump	1
actor	ntr_contain6	jackie_butch_jenkins	1
actor	ntr_contain6	jack_richardson_1883	1
actor	ntr_contain6	jimmie_adams	1
actor	ntr_contain6	yakub_kolas	0
actor	ntr_contain6	herbert_prior	1
actor	ntr_contain6	helen_vinson	1
actor	ntr_contain6	luther_adler	1
actor	ntr_contain6	vivian_stanshall	1
actor	ntr_contain6	james_mitchell_1920	1
actor	ntr_contain6	celia_cruz	1
actor	ntr_contain6	anita_page	1
actor	ntr_contain6	frank_morgan	1
actor	ntr_contain6	masako_natsume	1
actor	ntr_contain6	richard_crenna	1
actor	ntr_contain6	geraldine_fitzgerald	1
actor	ntr_contain6	zhou_xuan	1
actor	ntr_contain6	ann_sheridan	1
actor	ntr_contain6	june_carter_cash	1
actor	ntr_contain6	tod_slaughter	1
actor	ntr_contain6	brandon_hurst	1
actor	ntr_contain6	michael_piller	1
actor	ntr_contain6	cyril_cusack	1
adelphi_university	ntr_contain10	steve_reid	1
adelphi_university	ntr_contain10	jonathan_larson	1
adelphi_university	ntr_contain10	karen_fraction	1
adelphi_university	ntr_contain10	ray_beck	0
adelphi_university	ntr_contain10	christopher_columbus_langdell	0
adelphi_university	ntr_contain10	emil_leon_post	0
adelphi_university	ntr_contain10	nathaniel_mclean	0
adelphi_university	ntr_contain10	everett_dirksen	0
admiral	ntr_contain6	jose_mendes_cabecadas	1
admiral	ntr_contain6	andreas_razumovsky	1
admiral	ntr_contain6	pedro_menendez_de_aviles	1
admiral	ntr_contain6	david_milne	1
admiral	ntr_contain6	philip_charles_durham	1
admiral	ntr_contain6	edward_codrington	1
admiral	ntr_contain6	mitsumasa_yonai	1
admiral	ntr_contain6	joao_do_canto_e_castro	1
admiral	ntr_contain6	edward_hawke_1st_baron_hawke	1
admiral	ntr_contain6	kantaro_suzuki	1
admiral	ntr_contain6	andrea_doria	1
admiral	ntr_contain6	keisuke_okada	1
admiral	ntr_contain6	henry_digby	1
admiral	ntr_contain6	archduke_leopold_ludwig_of_austria	1
admiral	ntr_contain6	william_hargood	1
admiral	ntr_contain6	oskar_von_miller	0
admiral	ntr_contain6	r_eugene_pincham	0
admiral	ntr_contain6	joseph_schumpeter	0
admiral	ntr_contain6	g_william_miller	0
admiral	ntr_contain6	rahul_sankrityayan	0
admiral	ntr_contain6	gerard_manley_hopkins	0
admiral	ntr_contain6	wang_wei	0
admiral	ntr_contain6	hristo_botev	0
admiral	ntr_contain6	johann_most	0
admiral	ntr_contain6	tom_morris_sr	0
admiral	ntr_contain6	jan_smuts	0
admiral	ntr_contain6	kabir	0
admiral	ntr_contain6	pavel_kiselyov	0
admiral	ntr_contain6	william_allen_1704	0
admiral	ntr_contain6	harold_geneen	0
admiral	ntr_contain6	hudson_taylor	0
admiral	ntr_contain6	john_fletcher_moulton	0
advocate	ntr_contain6	juan_jose_de_amezaga	1
advocate	ntr_contain6	mohar_singh_rathore	1
advocate	ntr_contain6	robert_stevenson_horne_1st_viscount_horne	1
advocate	ntr_contain6	benedetto_marcello	1
advocate	ntr_contain6	zenobia_camprubi	0
advocate	ntr_contain6	charles_xiv_john_of_sweden	0
advocate	ntr_contain6	pisharoth_rama_pisharoty	0
advocate	ntr_contain6	charles_lindbergh	0
advocate	ntr_contain6	pope_pelagius_i	0
advocate	ntr_contain6	benjamin_swift	0
advocate	ntr_contain6	karl_davidov	0
advocate	ntr_contain6	samuel_pierpont_langley	0
advocate	ntr_contain6	mack_reynolds	0
advocate	ntr_contain6	ashley_montagu	0
advocate	ntr_contain6	a_m_sullivan_1896	0
advocate	ntr_contain6	etienne_bonnot_de_condillac	0
advocate	ntr_contain6	gulabrao_patil	0
advocate	ntr_contain6	immanuel_kant	0
advocate	ntr_contain6	hugh_hopper	0
advocate	ntr_contain6	jared_dudley	0
advocate	ntr_contain6	sylvia_plath	0
advocate	ntr_contain6	hamilton_fish	0
advocate	ntr_contain6	benjamin_s_turner	0
advocate	ntr_contain6	jacqueline_kennedy_onassis	0
advocate	ntr_contain6	mimi_farina	0
aerobatic_pilot	ntr_contain6	nancy_lynn	1
aerobatic_pilot	ntr_contain6	art_scholl	1
aerobatic_pilot	ntr_contain6	ray_hanna	1
aerobatic_pilot	ntr_contain6	scott_manning	1
aerobatic_pilot	ntr_contain6	pyotr_nesterov	1
aerobatic_pilot	ntr_contain6	adolphe_pegoud	1
aerobatic_pilot	ntr_contain6	alejandro_maclean	1
aerobatic_pilot	ntr_contain6	william_s_burroughs	0
aerobatic_pilot	ntr_contain6	isaac_bashevis_singer	0
aerobatic_pilot	ntr_contain6	ernest_tidyman	0
aerobatic_pilot	ntr_contain6	diana_mitford	0
aerobatic_pilot	ntr_contain6	juan_gris	0
aerobatic_pilot	ntr_contain6	capucine	0
aerobatic_pilot	ntr_contain6	samuel_j_kirkwood	0
aerobatic_pilot	ntr_contain6	galileo_ferraris	0
aerobatic_pilot	ntr_contain6	thomas_brown	0
aerobatic_pilot	ntr_contain6	ian_fleming	0
aerobatic_pilot	ntr_contain6	thomas_gifford	0
aerobatic_pilot	ntr_contain6	richard_hickox	0
aerobatic_pilot	ntr_contain6	ben_l_salomon	0
aerobatic_pilot	ntr_contain6	vic_chesnutt	0
aerobatic_pilot	ntr_contain6	louis_auguste_blanqui	0
aerospace_engineer	ntr_contain6	max_friz	1
aerospace_engineer	ntr_contain6	james_henry_deese	1
aerospace_engineer	ntr_contain6	guenter_wendt	1
aerospace_engineer	ntr_contain6	peter_m_bowers	1
aerospace_engineer	ntr_contain6	john_cyril_porte	1
aerospace_engineer	ntr_contain6	ludwig_roth	1
aerospace_engineer	ntr_contain6	ryszard_bartel	1
aerospace_engineer	ntr_contain6	bill_lear	1
aerospace_engineer	ntr_contain6	lucien_servanty	1
aerospace_engineer	ntr_contain6	w_e_w_petter	1
aerospace_engineer	ntr_contain6	frederick_handley_page	1
aerospace_engineer	ntr_contain6	anthony_fokker	1
aerospace_engineer	ntr_contain6	louis_bleriot	1
aerospace_engineer	ntr_contain6	giuseppe_gabrielli	1
aerospace_engineer	ntr_contain6	eberhard_rees	1
aerospace_engineer	ntr_contain6	barnes_wallis	1
aerospace_engineer	ntr_contain6	edward_j_ruppelt	1
aerospace_engineer	ntr_contain6	alexander_lippisch	1
aerospace_engineer	ntr_contain6	mikhail_mil	1
aerospace_engineer	ntr_contain6	stanislaw_wigura	1
aerospace_engineer	ntr_contain6	sidney_camm	1
aerospace_engineer	ntr_contain6	chance_m_vought	1
aerospace_engineer	ntr_contain6	krafft_arnold_ehricke	1
aerospace_engineer	ntr_contain6	claude_piel	1
aerospace_engineer	ntr_contain6	waldo_waterman	1
aerospace_engineer	ntr_contain6	rostislav_alexeyev	1
aerospace_engineer	ntr_contain6	willy_ley	1
aerospace_engineer	ntr_contain6	oskar_ursinus	1
aerospace_engineer	ntr_contain6	tadeusz_chylinski	1
aerospace_engineer	ntr_contain6	mikhail_gurevich	1
aerospace_engineer	ntr_contain6	walter_dornberger	1
aerospace_engineer	ntr_contain6	konstantin_tsiolkovsky	1
aerospace_engineer	ntr_contain6	clement_ader	1
aerospace_engineer	ntr_contain6	vladimir_barmin	1
aerospace_engineer	ntr_contain6	robert_h_goddard	1
aerospace_engineer	ntr_contain6	harry_hawker	1
aerospace_engineer	ntr_contain6	yuri_kondratyuk	1
aerospace_engineer	ntr_contain6	thomas_sopwith	1
aerospace_engineer	ntr_contain6	oleg_antonov	1
aerospace_engineer	ntr_contain6	dmitry_pavlovich_grigorovich	1
aerospace_engineer	ntr_contain6	stanley_hooker	1
aerospace_engineer	ntr_contain6	alexander_mozhayskiy	1
aerospace_engineer	ntr_contain6	robert_ludvigovich_bartini	1
aerospace_engineer	ntr_contain6	hugh_armstrong_robinson	1
aerospace_engineer	ntr_contain6	alexander_procofieff_de_seversky	1
aerospace_engineer	ntr_contain6	umberto_nobile	1
aerospace_engineer	ntr_contain6	robert_r_gilruth	1
aerospace_engineer	ntr_contain6	corradino_dascanio	1
aerospace_engineer	ntr_contain6	r_j_mitchell	1
aerospace_engineer	ntr_contain6	zygmunt_pulawski	1
aerospace_engineer	ntr_contain6	sergey_korolyov	1
aerospace_engineer	ntr_contain6	sergei_tumansky	1
aerospace_engineer	ntr_contain6	wernher_von_braun	1
aerospace_engineer	ntr_contain6	andrei_tupolev	1
aerospace_engineer	ntr_contain6	gaston_tissandier	1
aerospace_engineer	ntr_contain6	semyon_lavochkin	1
aerospace_engineer	ntr_contain6	kurt_tank	1
aerospace_engineer	ntr_contain6	juan_de_la_cierva	1
aerospace_engineer	ntr_contain6	john_thorp	1
aerospace_engineer	ntr_contain6	ernst_geissler	1
aerospace_engineer	ntr_contain6	nikolai_zhukovsky	1
aerospace_engineer	ntr_contain6	geoffrey_de_havilland	1
aerospace_engineer	ntr_contain6	willy_messerschmitt	1
aerospace_engineer	ntr_contain6	magnus_von_braun	1
aerospace_engineer	ntr_contain6	anatoly_georgievich_ufimtsev	1
aerospace_engineer	ntr_contain6	walter_hohmann	1
aerospace_engineer	ntr_contain6	adolf_busemann	1
aerospace_engineer	ntr_contain6	hugo_junkers	1
aerospace_engineer	ntr_contain6	ludwig_bolkow	1
aerospace_engineer	ntr_contain6	julius_hatry	1
aerospace_engineer	ntr_contain6	satish_dhawan	1
aerospace_engineer	ntr_contain6	glenn_curtiss	1
aerospace_engineer	ntr_contain6	tumansky	1
aerospace_engineer	ntr_contain6	eberhardt_rechtin	1
aerospace_engineer	ntr_contain6	paul_cornu	1
aerospace_engineer	ntr_contain6	henri_coanda	1
aerospace_engineer	ntr_contain6	louis_dunn	1
aerospace_engineer	ntr_contain6	assen_jordanoff	1
aerospace_engineer	ntr_contain6	konrad_dannenberg	1
aerospace_engineer	ntr_contain6	artem_mikoyan	1
aerospace_engineer	ntr_contain6	arthur_rudolph	1
aerospace_engineer	ntr_contain6	lawrence_hargrave	1
aerospace_engineer	ntr_contain6	mikhail_pomortsev	1
aerospace_engineer	ntr_contain6	gustave_whitehead	1
aerospace_engineer	ntr_contain6	robert_t_jones	1
aerospace_engineer	ntr_contain6	alexander_kartveli	1
aerospace_engineer	ntr_contain6	frederick_brant_rentschler	1
aerospace_engineer	ntr_contain6	clarence_johnson	1
aerospace_engineer	ntr_contain6	abe_silverstein	1
aerospace_engineer	ntr_contain6	albert_tissandier	1
aerospace_engineer	ntr_contain6	david_s_lewis_jr	1
aerospace_engineer	ntr_contain6	engelbert_zaschka	1
aerospace_engineer	ntr_contain6	jerzy_drzewiecki	1
aerospace_engineer	ntr_contain6	anton_flettner	1
aerospace_engineer	ntr_contain6	edgar_schmued	1
aerospace_engineer	ntr_contain6	hellmuth_hirth	1
aerospace_engineer	ntr_contain6	john_william_dunne	1
aerospace_engineer	ntr_contain6	ernst_stuhlinger	1
aerospace_engineer	ntr_contain6	henri_lachambre	1
aerospace_engineer	ntr_contain6	david_keith-lucas	1
aerospace_engineer	ntr_contain6	shvetsov	1
aerospace_engineer	ntr_contain6	rudolf_fizir	1
aerospace_engineer	ntr_contain6	pavel_sukhoi	1
aerospace_engineer	ntr_contain6	patrick_young_alexander	1
aerospace_engineer	ntr_contain6	richard_whitcomb	1
aerospace_engineer	ntr_contain6	vladimir_petlyakov	1
aerospace_engineer	ntr_contain6	kalpana_chawla	1
aerospace_engineer	ntr_contain6	henry_millicer	1
aerospace_engineer	ntr_contain6	henry_farman	1
aerospace_engineer	ntr_contain6	francesco_lana_de_terzi	1
aerospace_engineer	ntr_contain6	sergey_ilyushin	1
aerospace_engineer	ntr_contain6	james_smith_mcdonnell	1
aerospace_engineer	ntr_contain6	elsie_macgill	1
aerospace_engineer	ntr_contain6	alphonse_penaud	1
aerospace_engineer	ntr_contain6	frank_whittle	1
aerospace_engineer	ntr_contain6	igor_sikorsky	1
aerospace_engineer	ntr_contain6	hans_von_ohain	1
aerospace_engineer	ntr_contain6	henrich_focke	1
aerospace_engineer	ntr_contain6	hubert_scott-paine	1
aerospace_engineer	ntr_contain6	bruce_graham	0
aerospace_engineer	ntr_contain6	roy_chadwick	1
aerospace_engineer	ntr_contain6	karl_rapp	1
aerospace_engineer	ntr_contain6	jose_iturbi	0
aerospace_engineer	ntr_contain6	filippo_zappata	1
aerospace_engineer	ntr_contain6	robert_lusser	1
aerospace_engineer	ntr_contain6	gustav_otto	1
aerospace_engineer	ntr_contain6	garrett_p_serviss	0
aerospace_engineer	ntr_contain6	kim_milford	0
aerospace_engineer	ntr_contain6	herman_potocnik	1
aerospace_engineer	ntr_contain6	samuel_pierpont_langley	1
aerospace_engineer	ntr_contain6	gabriel_bethlen	0
aerospace_engineer	ntr_contain6	maurice_farman	1
aerospace_engineer	ntr_contain6	jack_baker	0
aerospace_engineer	ntr_contain6	slobodan_jovanovic	0
aerospace_engineer	ntr_contain6	sir_arthur_marshall	1
aerospace_engineer	ntr_contain6	alexandre_dumas_fils	0
aerospace_engineer	ntr_contain6	cotton_mather	0
aerospace_engineer	ntr_contain6	nikolay_kamov	1
aerospace_engineer	ntr_contain6	charton	0
aerospace_engineer	ntr_contain6	warren_zevon	0
aerospace_engineer	ntr_contain6	theodore_von_karman	1
aerospace_engineer	ntr_contain6	roy_fedden	1
aerospace_engineer	ntr_contain6	horatio_seymour	0
aerospace_engineer	ntr_contain6	anita_mui	0
aerospace_engineer	ntr_contain6	jean_louis_marie_poiseuille	0
aerospace_engineer	ntr_contain6	vladimir_mikhailovich_myasishchev	1
aerospace_engineer	ntr_contain6	richard_pearse	1
aerospace_engineer	ntr_contain6	lyman_trumbull	0
aerospace_engineer	ntr_contain6	liviu_librescu	1
aerospace_engineer	ntr_contain6	jane_roberts	0
afghanistan	ntr_contain5	nur_muhammad_taraki	1
afghanistan	ntr_contain5	malang_jan	1
afghanistan	ntr_contain5	sher_ali_khan	1
afghanistan	ntr_contain5	mohammed_nadir_shah	1
afghanistan	ntr_contain5	ahmed_shah_abdali	1
afghanistan	ntr_contain5	mohammad_yaqub_khan	1
afghanistan	ntr_contain5	habibullah_khan	1
afghanistan	ntr_contain5	babrak_karmal	1
afghanistan	ntr_contain5	amanullah_khan	1
afghanistan	ntr_contain5	rasul_amin	1
afghanistan	ntr_contain5	mohammad_najibullah	1
afghanistan	ntr_contain5	mohammed_daoud_khan	1
afghanistan	ntr_contain5	khushal_khan_khattak	1
afghanistan	ntr_contain5	dost_mohammad_khan	1
afghanistan	ntr_contain5	hafizullah_amin	1
afghanistan	ntr_contain5	meena_keshwar_kamal	1
afghanistan	ntr_contain5	abdur_rahman_khan	1
afghanistan	ntr_contain5	mohammed_zahir_shah	1
afghanistan	ntr_contain5	edward_j_debartolo_sr	0
afghanistan	ntr_contain5	jessie_redmon_fauset	0
afghanistan	ntr_contain5	ida_pauline_rolf	0
afghanistan	ntr_contain5	charlie_biddle	0
afghanistan	ntr_contain5	eddie_bracken	0
afghanistan	ntr_contain5	smith_thompson	0
afghanistan	ntr_contain5	leon_schiller	0
afghanistan	ntr_contain5	joe_louis	0
afghanistan	ntr_contain5	andy_bowen	0
afghanistan	ntr_contain5	vitezslav_nezval	0
afghanistan	ntr_contain5	timur_shah_durrani	1
afghanistan	ntr_contain5	antonio_jose_cavanilles	0
afghanistan	ntr_contain5	george_bahr	0
afghanistan	ntr_contain5	mae_busch	0
afghanistan	ntr_contain5	jesse_helms	0
afghanistan	ntr_contain5	hans_rothfels	0
afghanistan	ntr_contain5	john_courtney_murray	0
afghanistan	ntr_contain5	don_beddoe	0
afghanistan	ntr_contain5	george_victor_prince_of_waldeck_and_pyrmont	0
afghanistan	ntr_contain5	maria_zobniw	0
afghanistan	ntr_contain5	charles_carroll_of_carrollton	0
afghanistan	ntr_contain5	larry_cahan	0
afghanistan	ntr_contain5	george_m_robeson	0
afghanistan	ntr_contain5	john_lennard-jones	0
afghanistan	ntr_contain5	frederick_hopkins	0
afghanistan	ntr_contain5	inayatullah_khan	1
afghanistan	ntr_contain5	herman_melville	0
afghanistan	ntr_contain5	hasse_ekman	0
afghanistan	ntr_contain5	brett_whiteley	0
afghanistan	ntr_contain5	kumar_shri_duleepsinhji	0
african_american	ntr_contain5	granville_woods	1
african_american	ntr_contain5	john_a_lankford	1
african_american	ntr_contain5	crawford_goldsby	1
african_american	ntr_contain5	eva_peron	0
african_american	ntr_contain5	zip_the_pinhead	1
african_american	ntr_contain5	vincent_du_vigneaud	0
african_american	ntr_contain5	henry_macdonald	0
african_american	ntr_contain5	karl_thiersch	0
african_american	ntr_contain5	john_lautner	0
african_american	ntr_contain5	charles_triplett_oferrall	0
african_american	ntr_contain5	edmond_petty_fitzmaurice_1st_baron_fitzmaurice	0
african_american	ntr_contain5	henry_v_count_palatine_of_the_rhine	0
african_american	ntr_contain5	monica_dickens	0
african_american	ntr_contain5	lyon_playfair_1st_baron_playfair	0
african_american	ntr_contain5	david_atwood	0
african_american	ntr_contain5	clare_hoffman	0
african_american	ntr_contain5	nathan_francis_mossell	0
african_american	ntr_contain5	maurice_barrymore	0
african_american	ntr_contain5	bruno_paul	0
african_american	ntr_contain5	ludwig_boltzmann	0
african_american	ntr_contain5	nelson_algren	0
african_american	ntr_contain5	edward_eagar	0
african_american	ntr_contain5	paul_lazarsfeld	0
african_american	ntr_contain5	james_gordon_bennett_jr	0
african_american	ntr_contain5	chaim_gross	0
african_american	ntr_contain5	peter_fechter	0
african_american	ntr_contain5	valerius_cordus	0
african_american	ntr_contain5	charles_fitzroy_2nd_duke_of_grafton	0
african_american	ntr_contain5	jacob_cats	0
african_american	ntr_contain5	yueh_feng	0
african_american	ntr_contain5	jose_antonio_carrillo	0
african_american	ntr_contain5	richard_croker	0
african_methodist_episcopal_church	ntr_contain12	aris_t_allen	1
african_methodist_episcopal_church	ntr_contain12	richard_h_cain	1
african_methodist_episcopal_church	ntr_contain12	james_e_west_1951	1
african_methodist_episcopal_church	ntr_contain12	hiram_rhodes_revels	1
african_methodist_episcopal_church	ntr_contain12	frank_browne	0
african_methodist_episcopal_church	ntr_contain12	p_b_s_pinchback	1
african_methodist_episcopal_church	ntr_contain12	grand_ayatollah_hossein-ali_montazeri	0
african_methodist_episcopal_church	ntr_contain12	eugene_schmitz	0
african_methodist_episcopal_church	ntr_contain12	john_thompson_1845	0
african_methodist_episcopal_church	ntr_contain12	umaru_musa_yaradua	0
african_methodist_episcopal_church	ntr_contain12	tip_oneill	0
african_methodist_episcopal_church	ntr_contain12	hans_freudenthal	0
agnosticism	ntr_contain12	willem_drees	1
agnosticism	ntr_contain12	james_joyce	1
agnosticism	ntr_contain12	marie_curie	1
agnosticism	ntr_contain12	charles_templeton	1
agnosticism	ntr_contain12	friedrich_hayek	1
agnosticism	ntr_contain12	paul_erdos	1
agnosticism	ntr_contain12	jawaharlal_nehru	1
agnosticism	ntr_contain12	arthur_conan_doyle	1
agnosticism	ntr_contain12	thomas_hardy	1
agnosticism	ntr_contain12	grant_allen	1
agnosticism	ntr_contain12	miguel_torga	1
agnosticism	ntr_contain12	kurt_vonnegut	1
agnosticism	ntr_contain12	james_dahlman	1
agnosticism	ntr_contain12	hans_zinsser	1
agnosticism	ntr_contain12	john_gorton	1
agnosticism	ntr_contain12	edgardo_enriquez	1
agnosticism	ntr_contain12	felix_frankfurter	1
agnosticism	ntr_contain12	milton_friedman	1
agnosticism	ntr_contain12	serge_gainsbourg	1
agnosticism	ntr_contain12	h_p_lovecraft	1
agnosticism	ntr_contain12	clarence_darrow	1
agnosticism	ntr_contain12	thomas_huxley	1
agnosticism	ntr_contain12	charlie_chaplin	1
agnosticism	ntr_contain12	roh_moo-hyun	1
agnosticism	ntr_contain12	robert_anton_wilson	1
agnosticism	ntr_contain12	learned_hand	1
agnosticism	ntr_contain12	cecil_john_rhodes	1
agnosticism	ntr_contain12	ivan_turgenev	1
agnosticism	ntr_contain12	marjory_stoneman_douglas	1
agnosticism	ntr_contain12	olive_schreiner	1
agnosticism	ntr_contain12	william_stewart_halsted	1
agnosticism	ntr_contain12	studs_terkel	1
agnosticism	ntr_contain12	timothy_leary	1
agnosticism	ntr_contain12	h_l_mencken	1
agnosticism	ntr_contain12	michael_foster_1836	1
agnosticism	ntr_contain12	jose_batlle_y_ordonez	1
agnosticism	ntr_contain12	fred_hoyle	1
agnosticism	ntr_contain12	isaiah_berlin	1
agnosticism	ntr_contain12	stephen_jay_gould	1
agnosticism	ntr_contain12	clement_attlee	1
agnosticism	ntr_contain12	francois_mitterrand	1
agnosticism	ntr_contain12	arthur_c_clarke	1
agnosticism	ntr_contain12	leslie_stephen	1
agnosticism	ntr_contain12	jerry_andrus	1
agnosticism	ntr_contain12	a_bartlett_giamatti	1
agnosticism	ntr_contain12	arthur_rubinstein	1
agnosticism	ntr_contain12	robert_g_ingersoll	1
agnosticism	ntr_contain12	william_james	1
agnosticism	ntr_contain12	frederick_james_furnivall	1
agnosticism	ntr_contain12	erico_verissimo	1
agnosticism	ntr_contain12	ivica_racan	1
agnosticism	ntr_contain12	fawn_m_brodie	1
agnosticism	ntr_contain12	gene_roddenberry	1
agnosticism	ntr_contain12	joop_den_uyl	1
agnosticism	ntr_contain12	carl_sagan	1
agnosticism	ntr_contain12	john_collier	1
agnosticism	ntr_contain12	karl_popper	1
agnosticism	ntr_contain12	george_lincoln_rockwell	1
agnosticism	ntr_contain12	albert_einstein	1
agnosticism	ntr_contain12	habib_bourguiba	1
agnosticism	ntr_contain12	laurence_olivier	1
agnosticism	ntr_contain12	protagoras	1
agnosticism	ntr_contain12	emile_durkheim	1
agnosticism	ntr_contain12	alfred_kinsey	1
agnosticism	ntr_contain12	john_curtin	1
agnosticism	ntr_contain12	sybille_bedford	1
agnosticism	ntr_contain12	richard_pankhurst	1
agnosticism	ntr_contain12	timothy_mcveigh	1
agnosticism	ntr_contain12	herbert_spencer	1
agnosticism	ntr_contain12	shapour_bakhtiar	1
agnosticism	ntr_contain12	richard_wright_1908	1
agnosticism	ntr_contain12	ann_dunham	1
agnosticism	ntr_contain12	john_von_neumann	1
agnosticism	ntr_contain12	john_stuart_mill	1
agnosticism	ntr_contain12	frederick_hopkins	1
agnosticism	ntr_contain12	miguel_de_unamuno	1
agnosticism	ntr_contain12	julian_huxley	1
agnosticism	ntr_contain12	krzysztof_kieslowski	1
agnosticism	ntr_contain12	teofilo_braga	1
agnosticism	ntr_contain12	ralph_vaughan_williams	1
agnosticism	ntr_contain12	romulo_betancourt	1
agnosticism	ntr_contain12	bertrand_russell	1
agnosticism	ntr_contain12	lee_de_forest	1
agnosticism	ntr_contain12	george_eliot	1
agnosticism	ntr_contain12	rafael_urdaneta	0
agnosticism	ntr_contain12	francis_crick	1
agnosticism	ntr_contain12	robert_bolt	1
agnosticism	ntr_contain12	henry_labouchere	1
agnosticism	ntr_contain12	ture_nerman	0
agnosticism	ntr_contain12	david_o_mckay	0
agnosticism	ntr_contain12	mohamed_atta	0
agnosticism	ntr_contain12	mitch_hedberg	1
agnosticism	ntr_contain12	fernando_pessoa	1
agnosticism	ntr_contain12	hubert_harrison	1
agnosticism	ntr_contain12	charles_darwin	1
agnosticism	ntr_contain12	magnus_hirschfeld	0
agnosticism	ntr_contain12	frank_macfarlane_burnet	1
agnosticism	ntr_contain12	flora_robson	0
agnosticism	ntr_contain12	henry_sidgwick	1
agnosticism	ntr_contain12	e_m_forster	1
agnosticism	ntr_contain12	ali	0
agnosticism	ntr_contain12	samuel_beckett	1
agnosticism	ntr_contain12	hertha_marks_ayrton	1
agnosticism	ntr_contain12	lucy_stone	0
agnosticism	ntr_contain12	charles_maurras	1
agnosticism	ntr_contain12	charles_x_of_france	0
aids	ntr_contain11	stephen_d_hassenfeld	1
aids	ntr_contain11	paul_shenar	1
aids	ntr_contain11	lance_1962	1
aids	ntr_contain11	alison_gertz	1
aids	ntr_contain11	bernard_kabanda	1
aids	ntr_contain11	christopher_bernau	1
aids	ntr_contain11	john_holmes_1944	1
aids	ntr_contain11	arthur_j_bressan_jr	1
aids	ntr_contain11	david_b_feinberg	1
aids	ntr_contain11	lonnie_pitchford	1
aids	ntr_contain11	arthur_ashe	1
aids	ntr_contain11	robert_mapplethorpe	1
aids	ntr_contain11	jeffrey_wayne_cole	1
aids	ntr_contain11	thierry_paulin	1
aids	ntr_contain11	frankie_ruiz	1
aids	ntr_contain11	joey_yale	1
aids	ntr_contain11	hector_lavoe	1
aids	ntr_contain11	ricky_wilson	1
aids	ntr_contain11	robbin_crosby	1
aids	ntr_contain11	howard_ashman	1
aids	ntr_contain11	david_wojnarowicz	1
aids	ntr_contain11	john_boswell	1
aids	ntr_contain11	black_randy	1
aids	ntr_contain11	alvin_ailey	1
aids	ntr_contain11	gervase_jackson-stops	1
aids	ntr_contain11	nicky_crane	1
aids	ntr_contain11	ilka_tanya_payan	1
aids	ntr_contain11	al_parker	1
aids	ntr_contain11	diceman	1
aids	ntr_contain11	warren_sonbert	1
aids	ntr_contain11	lee_ryder	1
aids	ntr_contain11	ian_charleson	1
aids	ntr_contain11	ofra_haza	1
aids	ntr_contain11	michael_lupo	1
aids	ntr_contain11	antonio_variacoes	1
aids	ntr_contain11	arthur_russell	1
aids	ntr_contain11	ondrej_nepela	1
aids	ntr_contain11	james_kirkwood_jr	1
aids	ntr_contain11	sam_wagstaff	1
aids	ntr_contain11	althea_flynt	1
aids	ntr_contain11	lisa_de_leeuw	1
aids	ntr_contain11	chad_douglas	1
aids	ntr_contain11	fred_sadoff	1
aids	ntr_contain11	dallesandro_sam	1
aids	ntr_contain11	grethe_rask	1
aids	ntr_contain11	hibiscus_1949	1
aids	ntr_contain11	tommy_sexton	1
aids	ntr_contain11	alan_bowne	1
aids	ntr_contain11	paul_monette	1
aids	ntr_contain11	donny_the_punk	1
aids	ntr_contain11	perry_ellis	1
aids	ntr_contain11	randy_shilts	1
aids	ntr_contain11	christine_maggiore	1
aids	ntr_contain11	paddy_chew	1
aids	ntr_contain11	tom_fogerty	1
aids	ntr_contain11	tory_dent	1
aids	ntr_contain11	freddie_mercury	1
aids	ntr_contain11	essex_hemphill	1
aids	ntr_contain11	michel_foucault	1
aids	ntr_contain11	marc_stevens	1
aids	ntr_contain11	glenn_burke	1
aids	ntr_contain11	allan_bloom	1
aids	ntr_contain11	liberace	1
aids	ntr_contain11	matt_gunther	1
aids	ntr_contain11	jack_baker	1
aids	ntr_contain11	martin_stevens	1
aids	ntr_contain11	casey_donovan_1943	1
aids	ntr_contain11	max_robinson	1
aids	ntr_contain11	roy_cohn	1
aids	ntr_contain11	peter_allen	1
aids	ntr_contain11	kurt_raab	1
aids	ntr_contain11	angus_suttie	1
aids	ntr_contain11	leonard_frey	1
aids	ntr_contain11	stephen_w_burns	1
aids	ntr_contain11	alan_murphy	1
aids	ntr_contain11	rick_aviles	1
aids	ntr_contain11	eazy-e	1
aids	ntr_contain11	j_w_king	1
aids	ntr_contain11	michael_sundin	1
aids	ntr_contain11	steve_rubell	1
aids	ntr_contain11	merritt_butrick	1
aids	ntr_contain11	way_bandy	1
aids	ntr_contain11	pedro_zamora	1
aids	ntr_contain11	nkosi_johnson	1
aids	ntr_contain11	leonard_matlovich	1
aids	ntr_contain11	ed_savitz	1
aids	ntr_contain11	eliana_martinez	1
aids	ntr_contain11	amanda_blake	1
aids	ntr_contain11	youri_egorov	1
aids	ntr_contain11	eric_stryker	1
aids	ntr_contain11	howard_rollins	1
aids	ntr_contain11	philly_lutaaya	1
aids	ntr_contain11	peter_mcwilliams	1
aids	ntr_contain11	leigh_bowery	1
aids	ntr_contain11	robert_chesley	1
aids	ntr_contain11	cazuza	1
aids	ntr_contain11	tim_richmond	1
aids	ntr_contain11	kenny_everett	1
aids	ntr_contain11	stephen_stucker	1
aids	ntr_contain11	isaac_asimov	1
aids	ntr_contain11	ryan_white	1
aids	ntr_contain11	jermaine_stewart	1
aids	ntr_contain11	michael_jeter	1
aids	ntr_contain11	brad_davis	1
aids	ntr_contain11	chris_phatswe	1
aids	ntr_contain11	simon_nkoli	1
aids	ntr_contain11	cookie_mueller	1
aids	ntr_contain11	john_preston	1
aids	ntr_contain11	robert_reed	1
aids	ntr_contain11	emile_ardolino	1
aids	ntr_contain11	david_hampton	1
aids	ntr_contain11	dack_rambo	1
aids	ntr_contain11	nestor_almendros	1
aids	ntr_contain11	perry_watkins	1
aids	ntr_contain11	charles_ludlam	1
aids	ntr_contain11	xavier_fourcade	1
aids	ntr_contain11	carlos_almaraz	1
aids	ntr_contain11	michael_callen	1
aids	ntr_contain11	theodore_wilson	1
aids	ntr_contain11	harold_brodkey	1
aids	ntr_contain11	larry_kert	1
aids	ntr_contain11	gregory_scarpa_sr	1
aids	ntr_contain11	vincent_fourcade	1
aids	ntr_contain11	baltimora	1
aids	ntr_contain11	bruce_chatwin	1
aids	ntr_contain11	halston	1
aids	ntr_contain11	sylvester_james	1
aids	ntr_contain11	michael_bennett	1
aids	ntr_contain11	jon_king_1963	1
aids	ntr_contain11	vito_russo	1
aids	ntr_contain11	kenneth_nelson	1
aids	ntr_contain11	peter_hujar	1
aids	ntr_contain11	vincent_hanley	1
aids	ntr_contain11	stuart_challender	1
aids	ntr_contain11	ron_vawter	1
aids	ntr_contain11	willi_ninja	1
aids	ntr_contain11	claude_akins	0
aids	ntr_contain11	david_mccalden	1
aids	ntr_contain11	klaus_nomi	1
aids	ntr_contain11	antony_hamilton	1
aids	ntr_contain11	gia_carangi	1
aids	ntr_contain11	marlon_riggs	1
aids	ntr_contain11	ib_schonberg	0
aids	ntr_contain11	tony_richardson	1
aids	ntr_contain11	karen_dior	1
aids	ntr_contain11	fela_kuti	1
aids	ntr_contain11	georges_danton	0
aids	ntr_contain11	rudolf_nureyev	1
aids	ntr_contain11	craig_russell_1948	1
aids	ntr_contain11	rock_hudson	1
aids	ntr_contain11	derek_jarman	1
aids	ntr_contain11	keith_haring	1
aids	ntr_contain11	thomas_avena	1
aids	ntr_contain11	james_lyons	1
aids	ntr_contain11	ray_sharkey	1
aids	ntr_contain11	denholm_elliott	1
aids	ntr_contain11	jobriath	1
aids	ntr_contain11	john_gregory_dunne	0
aids	ntr_contain11	scott_ohara	1
aids	ntr_contain11	bob_franks	0
aids	ntr_contain11	tom_eyen	1
aids	ntr_contain11	murray_salem	1
aids	ntr_contain11	anthony_perkins	1
aids	ntr_contain11	william_bendix	0
aids	ntr_contain11	kuwasi_balagoon	1
aids	ntr_contain11	booker_t_washington	0
aids	ntr_contain11	peter_ivers	0
air_force_institute_of_technology	ntr_contain10	donn_f_eisele	1
air_force_institute_of_technology	ntr_contain10	gordon_cooper	1
air_force_institute_of_technology	ntr_contain10	robert_t_herres	1
air_force_institute_of_technology	ntr_contain10	gus_grissom	1
air_force_institute_of_technology	ntr_contain10	elizur_goodrich	0
air_force_institute_of_technology	ntr_contain10	robert_a_rushworth	1
air_force_institute_of_technology	ntr_contain10	ralph_w_gerard	0
airline_pilot	ntr_contain6	daniel_j_teelin	1
airline_pilot	ntr_contain6	william_j_oneill	1
airline_pilot	ntr_contain6	charles_l_cochran	1
airline_pilot	ntr_contain6	agnes_esterhazy	0
airline_pilot	ntr_contain6	karl_friedrich_abel	0
airline_pilot	ntr_contain6	sri_sultan_hamengkubuwono_ix	0
airline_pilot	ntr_contain6	malcolm_muggeridge	0
airline_pilot	ntr_contain6	pope_zachary	0
airline_pilot	ntr_contain6	john_lindsay	0
airline_pilot	ntr_contain6	miguel_zacarias	0
airline_pilot	ntr_contain6	william_howard_taft	0
airline_pilot	ntr_contain6	don_ameche	0
airline_pilot	ntr_contain6	joaquin_miller	0
airline_pilot	ntr_contain6	john_g_shedd	0
airline_pilot	ntr_contain6	ernst_kaltenbrunner	0
airline_pilot	ntr_contain6	phil_williams	0
airline_pilot	ntr_contain6	mungo_park	0
airline_pilot	ntr_contain6	daniel_balavoine	0
airline_pilot	ntr_contain6	jacob_moleschott	0
airline_pilot	ntr_contain6	william_burnside	0
airline_pilot	ntr_contain6	john_holmes_1944	0
airline_pilot	ntr_contain6	thomas_urquhart_1858	0
airline_pilot	ntr_contain6	jan_twardowski	0
airline_pilot	ntr_contain6	erik_bruhn	0
airplane_crash	ntr_contain11	otto_lilienthal	1
airplane_crash	ntr_contain11	mrs_elmer_j_mcatee	1
airplane_crash	ntr_contain11	homi_j_bhabha	1
airplane_crash	ntr_contain11	soundarya	1
airplane_crash	ntr_contain11	trafford_leigh-mallory	1
airplane_crash	ntr_contain11	valentino_mazzola	1
airplane_crash	ntr_contain11	grace_moore	1
airplane_crash	ntr_contain11	mohamed_amin	1
airplane_crash	ntr_contain11	mrs_ethel_w_larkin	1
airplane_crash	ntr_contain11	keith_green	1
airplane_crash	ntr_contain11	rocky_marciano	1
airplane_crash	ntr_contain11	lech_kaczynski	1
airplane_crash	ntr_contain11	t_reed	1
airplane_crash	ntr_contain11	joan_chamberlain	1
airplane_crash	ntr_contain11	an_chang_nam	1
airplane_crash	ntr_contain11	betty_ong	1
airplane_crash	ntr_contain11	wilfrid_b_israel	1
airplane_crash	ntr_contain11	lloyd_doesburg	1
airplane_crash	ntr_contain11	mr_regis_c_larkin	1
airplane_crash	ntr_contain11	patricia_robertson	1
airplane_crash	ntr_contain11	ronald_l_mair	1
airplane_crash	ntr_contain11	rene_barrientos	1
airplane_crash	ntr_contain11	steve_van_dorpel	1
airplane_crash	ntr_contain11	henry_b_williams	1
airplane_crash	ntr_contain11	mr_mulligan	1
airplane_crash	ntr_contain11	dzemal_bijedic	1
airplane_crash	ntr_contain11	rolf_kofink	1
airplane_crash	ntr_contain11	payne_stewart	1
airplane_crash	ntr_contain11	phil_greenberg	1
airplane_crash	ntr_contain11	george_w_collins	1
airplane_crash	ntr_contain11	dr_frederick_a_wolf	1
airplane_crash	ntr_contain11	daniel_m_lewin	1
airplane_crash	ntr_contain11	earl_k_roudybush	1
airplane_crash	ntr_contain11	lawrence_f_maher	1
airplane_crash	ntr_contain11	thurman_munson	1
airplane_crash	ntr_contain11	jerry_litton	1
airplane_crash	ntr_contain11	madhavrao_scindia	1
airplane_crash	ntr_contain11	cyprien_ntaryamira	1
airplane_crash	ntr_contain11	gilbert_gallegos	1
airplane_crash	ntr_contain11	sacadura_cabral	1
airplane_crash	ntr_contain11	edward_j_fasold	1
airplane_crash	ntr_contain11	robert_henry_english	1
airplane_crash	ntr_contain11	william_c_haines	1
airplane_crash	ntr_contain11	mr_a_helfferich	1
airplane_crash	ntr_contain11	infant_mullen	1
airplane_crash	ntr_contain11	goldie_anthony	1
airplane_crash	ntr_contain11	audie_murphy	1
airplane_crash	ntr_contain11	krystyna_bochenek	1
airplane_crash	ntr_contain11	mrs_a_helfferich	1
airplane_crash	ntr_contain11	john_t_lavoie	1
airplane_crash	ntr_contain11	mr_forest_rathbun_jr	1
airplane_crash	ntr_contain11	jorge_ibarguengoitia	1
airplane_crash	ntr_contain11	beryl_wallace	1
airplane_crash	ntr_contain11	daniel_j_teelin	1
airplane_crash	ntr_contain11	adolf_ii_prince_of_schaumburg_lippe	1
airplane_crash	ntr_contain11	roy_chadwick	1
airplane_crash	ntr_contain11	ernest_lundeen	1
airplane_crash	ntr_contain11	sanjay_gandhi	1
airplane_crash	ntr_contain11	knute_rockne	1
airplane_crash	ntr_contain11	mel_carnahan	1
airplane_crash	ntr_contain11	carl_eielson	1
airplane_crash	ntr_contain11	robert_r_kelleher	1
airplane_crash	ntr_contain11	bruce_f_hart	1
airplane_crash	ntr_contain11	prince_george_duke_of_kent	1
airplane_crash	ntr_contain11	ruben_kogeldans	1
airplane_crash	ntr_contain11	prince_gustav_adolf_duke_of_vasterbotten	1
airplane_crash	ntr_contain11	blanca_estela_pavon	1
airplane_crash	ntr_contain11	john_denver	1
airplane_crash	ntr_contain11	samuel_o_creasy	1
airplane_crash	ntr_contain11	john_tower	1
airplane_crash	ntr_contain11	paul_wellstone	1
airplane_crash	ntr_contain11	nick_stienstra	1
airplane_crash	ntr_contain11	emilio_mola	1
airplane_crash	ntr_contain11	k_godfrey	1
airplane_crash	ntr_contain11	j_coy	1
airplane_crash	ntr_contain11	bertram_ramsay	1
airplane_crash	ntr_contain11	laurence_owen	1
airplane_crash	ntr_contain11	ross_macpherson_smith	1
airplane_crash	ntr_contain11	henry_sandish	1
airplane_crash	ntr_contain11	leslie_m_genung	1
airplane_crash	ntr_contain11	eleanor_adronas	1
airplane_crash	ntr_contain11	randy_lee_gallegos	1
airplane_crash	ntr_contain11	mary_fish	1
airplane_crash	ntr_contain11	mrs_j_c_geiser	1
airplane_crash	ntr_contain11	boris_trajkovski	1
airplane_crash	ntr_contain11	hobey_baker	1
airplane_crash	ntr_contain11	roberto_clemente	1
airplane_crash	ntr_contain11	princess_cecilie_of_greece_and_denmark	1
airplane_crash	ntr_contain11	elfried_veldman	1
airplane_crash	ntr_contain11	carlos_gardel	1
airplane_crash	ntr_contain11	nile_kinnick	1
airplane_crash	ntr_contain11	bobby_wheezer_hutchins	1
airplane_crash	ntr_contain11	jacques_thibaud	1
airplane_crash	ntr_contain11	mike_todd	1
airplane_crash	ntr_contain11	mrs_robert_deters	1
airplane_crash	ntr_contain11	linda_gallegos	1
airplane_crash	ntr_contain11	bonny_hicks	1
airplane_crash	ntr_contain11	rudolph_a_neubauer	1
airplane_crash	ntr_contain11	elaine_bauman	1
airplane_crash	ntr_contain11	milton_link_jr	1
airplane_crash	ntr_contain11	ted_stevens	1
airplane_crash	ntr_contain11	rick_tolley	1
airplane_crash	ntr_contain11	j_doran	1
airplane_crash	ntr_contain11	jack_f_flynn	1
airplane_crash	ntr_contain11	przemyslaw_gosiewski	1
airplane_crash	ntr_contain11	pedro_infante	1
airplane_crash	ntr_contain11	nick_begich	1
airplane_crash	ntr_contain11	reinhard_furrer	1
airplane_crash	ntr_contain11	barbara_allen_rainey	1
airplane_crash	ntr_contain11	mr_j_c_geiser	1
airplane_crash	ntr_contain11	ethel_brown	1
airplane_crash	ntr_contain11	william_l_allen	1
airplane_crash	ntr_contain11	helen_hoblack	1
airplane_crash	ntr_contain11	mary_l_fortunito	1
airplane_crash	ntr_contain11	ricky_nelson	1
airplane_crash	ntr_contain11	lillian_e_brown	1
airplane_crash	ntr_contain11	specialist_five_albert_k_jones	1
airplane_crash	ntr_contain11	franciszek_g_gor	1
airplane_crash	ntr_contain11	maureen_f_duffy	1
airplane_crash	ntr_contain11	mr_s_hiritzo	1
airplane_crash	ntr_contain11	charlie_paddock	1
airplane_crash	ntr_contain11	jose_carlos_pace	1
airplane_crash	ntr_contain11	john_j_wafering	1
airplane_crash	ntr_contain11	al_holbert	1
airplane_crash	ntr_contain11	curtis_turner	1
airplane_crash	ntr_contain11	andrew_w_clark	1
airplane_crash	ntr_contain11	marilee_kivett	1
airplane_crash	ntr_contain11	roald_amundsen	1
airplane_crash	ntr_contain11	johanna_crossman	1
airplane_crash	ntr_contain11	maria_kaczynska	1
airplane_crash	ntr_contain11	virgall_joemankhan	1
airplane_crash	ntr_contain11	angel_rama	1
airplane_crash	ntr_contain11	gunnery_sergeant_john_e_mullin	1
airplane_crash	ntr_contain11	mrs_milton_link	1
airplane_crash	ntr_contain11	sonny_carter	1
airplane_crash	ntr_contain11	steve_chupac	1
airplane_crash	ntr_contain11	edith_ochs	1
airplane_crash	ntr_contain11	ron_brown	1
airplane_crash	ntr_contain11	hugo_leipniker	1
airplane_crash	ntr_contain11	stephan_easton	1
airplane_crash	ntr_contain11	grant_notley	1
airplane_crash	ntr_contain11	mr_r_haile	1
airplane_crash	ntr_contain11	ritchie_valens	1
airplane_crash	ntr_contain11	richard_charron	1
airplane_crash	ntr_contain11	noah_rosenzweig	1
airplane_crash	ntr_contain11	randy_rhoads	1
airplane_crash	ntr_contain11	richard_w_felton	1
airplane_crash	ntr_contain11	steve_gaines	1
airplane_crash	ntr_contain11	lt_george_murphy	1
airplane_crash	ntr_contain11	clarence_link	1
airplane_crash	ntr_contain11	judith_chupac	1
airplane_crash	ntr_contain11	helen_loise_carmarota	1
airplane_crash	ntr_contain11	florian_vijent	1
airplane_crash	ntr_contain11	roy_e_dickerson	1
airplane_crash	ntr_contain11	eleonore_of_solms_hohensolms_lich	1
airplane_crash	ntr_contain11	oveita_torres	1
airplane_crash	ntr_contain11	ricky_hendrick	1
airplane_crash	ntr_contain11	bill_barilko	1
airplane_crash	ntr_contain11	lothar_arnauld_de_la_periere	1
airplane_crash	ntr_contain11	robert_p_moyers	1
airplane_crash	ntr_contain11	de_lesseps_story_morrison	1
airplane_crash	ntr_contain11	chester_wilmot	1
airplane_crash	ntr_contain11	william_j_oneill	1
airplane_crash	ntr_contain11	mickey_leland	1
airplane_crash	ntr_contain11	ortwin_linger	1
airplane_crash	ntr_contain11	bimbo_odukoya	1
airplane_crash	ntr_contain11	jewell_cashkins	1
airplane_crash	ntr_contain11	jessica_dubroff	1
airplane_crash	ntr_contain11	merwyn_bjork	1
airplane_crash	ntr_contain11	anna_jantar	1
airplane_crash	ntr_contain11	barbara_jean_posthumus	1
airplane_crash	ntr_contain11	alan_kulwicki	1
airplane_crash	ntr_contain11	thaddeus_c_sweet	1
airplane_crash	ntr_contain11	artyom_borovik	1
airplane_crash	ntr_contain11	wladyslaw_sikorski	1
airplane_crash	ntr_contain11	prince_alexander_of_hesse_and_by_rhine_darmstadt	1
airplane_crash	ntr_contain11	david_hogan	1
airplane_crash	ntr_contain11	bernt_carlsson	1
airplane_crash	ntr_contain11	charles_w_page	1
airplane_crash	ntr_contain11	mushaf_ali_mir	1
airplane_crash	ntr_contain11	charles_l_cochran	1
airplane_crash	ntr_contain11	charles_e_mullen	1
airplane_crash	ntr_contain11	james_d_bettridge	1
airplane_crash	ntr_contain11	mrs_w_grimm	1
airplane_crash	ntr_contain11	peter_tomarken	1
airplane_crash	ntr_contain11	jerry_lee_roades	1
airplane_crash	ntr_contain11	john_b_lane	1
airplane_crash	ntr_contain11	frank_cuhel	1
airplane_crash	ntr_contain11	hansie_cronje	1
airplane_crash	ntr_contain11	mrs_j_mullen	1
airplane_crash	ntr_contain11	sergei_biriuzov	1
airplane_crash	ntr_contain11	aneline_waldron	1
airplane_crash	ntr_contain11	camilo_cienfuegos	1
airplane_crash	ntr_contain11	edward_b_gasser	1
airplane_crash	ntr_contain11	eric_ravilious	1
airplane_crash	ntr_contain11	vladimir_komarov	1
airplane_crash	ntr_contain11	shirley_fortunito	1
airplane_crash	ntr_contain11	thomas_p_duffy	1
airplane_crash	ntr_contain11	dr_carl_d_michalson	1
airplane_crash	ntr_contain11	kathleen_cavendish	1
airplane_crash	ntr_contain11	barbara_olson	1
airplane_crash	ntr_contain11	the_big_bopper	1
airplane_crash	ntr_contain11	charles_lauda	1
airplane_crash	ntr_contain11	juvenal_habyarimana	1
airplane_crash	ntr_contain11	otto_j_discher	1
airplane_crash	ntr_contain11	rudy_degenaar	1
airplane_crash	ntr_contain11	eve_meyer	1
airplane_crash	ntr_contain11	otis_redding	1
airplane_crash	ntr_contain11	janice_doherty	1
airplane_crash	ntr_contain11	francisco_sa_carneiro	1
airplane_crash	ntr_contain11	jean_claude_lauzon	1
airplane_crash	ntr_contain11	andro_knel	1
airplane_crash	ntr_contain11	alan_blumlein	1
airplane_crash	ntr_contain11	george_h_main	1
airplane_crash	ntr_contain11	romeo_menti	1
airplane_crash	ntr_contain11	graham_hill	1
airplane_crash	ntr_contain11	ramon_magsaysay	1
airplane_crash	ntr_contain11	marcel_dadi	1
airplane_crash	ntr_contain11	mr_w_grimm	1
airplane_crash	ntr_contain11	paris_kanellakis	1
airplane_crash	ntr_contain11	mrs_r_haile	1
airplane_crash	ntr_contain11	mary_e_campbell	1
airplane_crash	ntr_contain11	gary_laubstein	1
airplane_crash	ntr_contain11	guido_cantelli	1
airplane_crash	ntr_contain11	jose_sanjurjo	1
airplane_crash	ntr_contain11	joseph_claflin	1
airplane_crash	ntr_contain11	h_john_heinz_iii	1
airplane_crash	ntr_contain11	yuri_gagarin	1
airplane_crash	ntr_contain11	w_r_mcdevitt	1
airplane_crash	ntr_contain11	buddy_holly	1
airplane_crash	ntr_contain11	humberto_de_alencar_castelo_branco	1
airplane_crash	ntr_contain11	hale_boggs	1
airplane_crash	ntr_contain11	abraham_wald	1
airplane_crash	ntr_contain11	ryszard_kaczorowski	1
airplane_crash	ntr_contain11	carole_lombard	1
airplane_crash	ntr_contain11	clemintine_clarke	1
airplane_crash	ntr_contain11	joyce_b_chmiel	1
airplane_crash	ntr_contain11	lin_biao	1
airplane_crash	ntr_contain11	andy_scharmin	1
airplane_crash	ntr_contain11	georg_donatus_hereditary_grand_duke_of_hesse	1
airplane_crash	ntr_contain11	w_n_ness	1
airplane_crash	ntr_contain11	duncan_edwards	1
airplane_crash	ntr_contain11	samora_machel	1
airplane_crash	ntr_contain11	tony_lema	1
airplane_crash	ntr_contain11	marcel_cerdan	1
airplane_crash	ntr_contain11	jeanne_raben	1
airplane_crash	ntr_contain11	will_rogers	1
airplane_crash	ntr_contain11	wendel_fraser	1
airplane_crash	ntr_contain11	jerry_haatrecht	1
airplane_crash	ntr_contain11	samantha_smith	1
airplane_crash	ntr_contain11	robert_bargeron	1
airplane_crash	ntr_contain11	joseph_d_nelson	1
airplane_crash	ntr_contain11	mr_elmer_r_mcatee	1
airplane_crash	ntr_contain11	arvid_lindman	1
airplane_crash	ntr_contain11	melanie_thornton	1
airplane_crash	ntr_contain11	ronnie_van_zant	1
airplane_crash	ntr_contain11	symon_petlura	0
airplane_crash	ntr_contain11	carmela_mereno	1
airplane_crash	ntr_contain11	joan_crawford	0
airplane_crash	ntr_contain11	patsy_cline	1
airplane_crash	ntr_contain11	otho	0
airplane_crash	ntr_contain11	leslie_howard_1893	1
airplane_crash	ntr_contain11	esther_f_healy	1
airplane_crash	ntr_contain11	barthelemy_boganda	1
airplane_crash	ntr_contain11	ileen_getz	0
airplane_crash	ntr_contain11	mr_regis_ochs	1
airplane_crash	ntr_contain11	ed_cole	1
airplane_crash	ntr_contain11	glenn_miller	1
airplane_crash	ntr_contain11	salvtre_e_romansco	1
airplane_crash	ntr_contain11	prince_ludwig_of_hesse_and_by_rhine	1
airplane_crash	ntr_contain11	joseph_n_curran	1
airplane_crash	ntr_contain11	mrs_mary_hiritzo	1
airplane_crash	ntr_contain11	john_f_kennedy_jr	1
airplane_crash	ntr_contain11	gra_yna_g_sicka	1
airplane_crash	ntr_contain11	alison_des_forges	1
airplane_crash	ntr_contain11	christan_h_matthison	1
airplane_crash	ntr_contain11	w_c_simpson	1
airplane_crash	ntr_contain11	larry_mcdonald	1
airplane_crash	ntr_contain11	dag_hammarskjold	1
airplane_crash	ntr_contain11	thomas_a_walsh	1
airplane_crash	ntr_contain11	raymond_j_cassidy	1
airplane_crash	ntr_contain11	mikhail_lermontov	0
airplane_crash	ntr_contain11	aaliyah	1
airplane_crash	ntr_contain11	ginette_neveu	1
airplane_crash	ntr_contain11	bronson_m_cutting	1
airplane_crash	ntr_contain11	frits_goodings	1
airplane_crash	ntr_contain11	william_r_kolb	1
airplane_crash	ntr_contain11	m_wileman	1
airplane_crash	ntr_contain11	hoyt_vandenberg	0
airplane_crash	ntr_contain11	muhammad_zia-ul-haq	1
airplane_crash	ntr_contain11	ida_kaminska	0
airplane_crash	ntr_contain11	kyu_sakamoto	1
airplane_crash	ntr_contain11	haj_ali_razmara	0
airplane_crash	ntr_contain11	fred_patrick	1
al-azhar_university	ntr_contain10	muhammad_karam_shah_al-azhari	1
al-azhar_university	ntr_contain10	abdurrahman_wahid	1
al-azhar_university	ntr_contain10	muhammad_abduh	1
al-azhar_university	ntr_contain10	nasib_al_bitar	1
al-azhar_university	ntr_contain10	minoru_yamasaki	0
al-azhar_university	ntr_contain10	lipot_fejer	0
al-azhar_university	ntr_contain10	elmer_kelton	0
al-azhar_university	ntr_contain10	simeon_olcott	0
al-azhar_university	ntr_contain10	julius_nyerere	0
alabama_state_university	ntr_contain10	eugene_sawyer	1
alabama_state_university	ntr_contain10	rosa_parks	1
alabama_state_university	ntr_contain10	ralph_abernathy	1
alabama_state_university	ntr_contain10	david_mills_united_states	0
alabama_state_university	ntr_contain10	jack_wrangler	0
alabama_state_university	ntr_contain10	julia_child	0
alabama_state_university	ntr_contain10	roy_s_benson	0
alabama_state_university	ntr_contain10	leon_jaworski	0
albania	ntr_contain5	millosh_gjergj_nikolla	1
albania	ntr_contain5	pjeter_bogdani	1
albania	ntr_contain5	naim_frasheri	1
albania	ntr_contain5	fan_s_noli	1
albania	ntr_contain5	pashko_vasa	1
albania	ntr_contain5	musine_kokalari	1
albania	ntr_contain5	faik_konica	1
albania	ntr_contain5	enver_hoxha	1
albania	ntr_contain5	filip_shiroka	1
albania	ntr_contain5	muhammad_naasiruddeen_al-albaanee	1
albania	ntr_contain5	sami_frasheri	1
albania	ntr_contain5	zog_of_albania	1
albania	ntr_contain5	girolamo_de_rada	1
albania	ntr_contain5	ndre_mjeda	1
albania	ntr_contain5	dora_distria	1
albania	ntr_contain5	mother_teresa	1
albania	ntr_contain5	mehmet_shehu	1
albania	ntr_contain5	sergey_muromtsev	0
albania	ntr_contain5	bo_belinsky	0
albania	ntr_contain5	george_turner_1851	0
albania	ntr_contain5	oswald_avery	0
albania	ntr_contain5	sophie_carmen_eckhardt_gramatte	0
albania	ntr_contain5	aldo_silvani	0
albania	ntr_contain5	timothy_dwight_v	0
albania	ntr_contain5	fanny_cradock	0
albania	ntr_contain5	caterina_sforza	0
albania	ntr_contain5	abdyl_frasheri	1
albania	ntr_contain5	gustav_horn_af_bjorneborg	0
albania	ntr_contain5	robert_holdstock	0
albania	ntr_contain5	pesach_burstein	0
albania	ntr_contain5	joe_gans	0
albania	ntr_contain5	arthur_widmer	0
albania	ntr_contain5	max_palevsky	0
albania	ntr_contain5	augusto_boal	0
albania	ntr_contain5	alexander_beliaev	0
albania	ntr_contain5	donald_lee_hollowell	0
albania	ntr_contain5	william_stafford	0
albania	ntr_contain5	daniel_schwenter	0
albania	ntr_contain5	paul_lobe	0
albania	ntr_contain5	viktor_meyer	0
albania	ntr_contain5	henri_de_la_tour_dauvergne_vicomte_de_turenne	0
albania	ntr_contain5	jacques_henri_lartigue	0
albania	ntr_contain5	james_mcdougal_hart	0
albania	ntr_contain5	robert_h_goddard	0
albania	ntr_contain5	paul_klebnikov	0
albania	ntr_contain5	edgar_buckingham	0
albania	ntr_contain5	talbot_mercer_papineau	0
albania	ntr_contain5	dewey_f_bartlett	0
albania	ntr_contain5	james_barry_1795	0
albania	ntr_contain5	nargis	0
albania	ntr_contain5	franz_nopcsa_von_felso-szilvas	1
albania	ntr_contain5	joseph_joachim	0
albania	ntr_contain5	wilhelm_groener	0
albania	ntr_contain5	hans_chiari	0
albania	ntr_contain5	erskine_caldwell	0
albania	ntr_contain5	josephine_hutchinson	0
albany_law_school	ntr_contain10	w_sterling_cole	1
albany_law_school	ntr_contain10	frederick_walker_pitkin	1
albany_law_school	ntr_contain10	martin_h_glynn	1
albany_law_school	ntr_contain10	james_a_macalister	1
albany_law_school	ntr_contain10	edwin_h_conger	1
albany_law_school	ntr_contain10	john_franklin_fort	1
albany_law_school	ntr_contain10	william_mckinley	1
albany_law_school	ntr_contain10	robert_h_jackson	1
albany_law_school	ntr_contain10	russell_conwell	1
albany_law_school	ntr_contain10	frederick_townsend_martin	1
albany_law_school	ntr_contain10	william_paine_lord	1
albany_law_school	ntr_contain10	alton_b_parker	1
albany_law_school	ntr_contain10	william_e_miller	1
albany_law_school	ntr_contain10	david_josiah_brewer	1
albany_law_school	ntr_contain10	alma_richards	0
albany_medical_college	ntr_contain10	thomas_c_durant	1
albany_medical_college	ntr_contain10	adrian_john_ebell	1
albany_medical_college	ntr_contain10	theobald_smith	1
albany_medical_college	ntr_contain10	ferdinand_vandeveer_hayden	1
albany_medical_college	ntr_contain10	joseph_rotblat	0
albany_medical_college	ntr_contain10	francis_pharcellus_church	0
albany_medical_college	ntr_contain10	manolis_andronikos	0
albany_medical_college	ntr_contain10	jake_thackray	0
albany_medical_college	ntr_contain10	martin_l_clardy	0
albert_ludwigs_university_of_freiburg	ntr_contain10	hans_filbinger	1
albert_ludwigs_university_of_freiburg	ntr_contain10	alfred_saupe	1
albert_ludwigs_university_of_freiburg	ntr_contain10	martin_heidegger	1
albert_ludwigs_university_of_freiburg	ntr_contain10	hans_adolf_krebs	1
albert_ludwigs_university_of_freiburg	ntr_contain10	hans_f_k_gunther	1
albert_ludwigs_university_of_freiburg	ntr_contain10	joseph_goebbels	1
albert_ludwigs_university_of_freiburg	ntr_contain10	george_de_hevesy	1
albert_ludwigs_university_of_freiburg	ntr_contain10	ewald_christian_von_kleist	0
albert_ludwigs_university_of_freiburg	ntr_contain10	karl_wilhelm_feuerbach	1
albert_ludwigs_university_of_freiburg	ntr_contain10	jose_guilherme_merquior	0
albion_college	ntr_contain10	knute_nelson	1
albion_college	ntr_contain10	cassius_mcdonald_barnes	1
albion_college	ntr_contain10	edwin_b_winans	1
albion_college	ntr_contain10	prentiss_m_brown	1
albion_college	ntr_contain10	arthur_millspaugh	1
albion_college	ntr_contain10	j_harlen_bretz	1
albion_college	ntr_contain10	anna_howard_shaw	1
albion_college	ntr_contain10	w_frank_james	1
albion_college	ntr_contain10	prescott_bush	0
albion_college	ntr_contain10	benjamin_goodhue	0
albion_college	ntr_contain10	herbert_putnam	0
albion_college	ntr_contain10	pio_valenzuela	0
alcoholism	ntr_contain11	lucius_cornelius_sulla	1
alcoholism	ntr_contain11	jack_spicer	1
alcoholism	ntr_contain11	guy_burgess	1
alcoholism	ntr_contain11	tom_conway	1
alcoholism	ntr_contain11	george_best	1
alcoholism	ntr_contain11	kimveer_gill	0
alcoholism	ntr_contain11	django_reinhardt	0
alcoholism	ntr_contain11	nathuram_godse	0
alcoholism	ntr_contain11	tupac_shakur	0
alcoholism	ntr_contain11	john_taylor_1882	0
alcoholism	ntr_contain11	j_j_jackson	0
alcoholism	ntr_contain11	james_dunwoody_brownson_debow	0
alcorn_state_university	ntr_contain10	alex_haley	1
alcorn_state_university	ntr_contain10	john_george_phillips	1
alcorn_state_university	ntr_contain10	medgar_evers	1
alcorn_state_university	ntr_contain10	steve_mcnair	1
alcorn_state_university	ntr_contain10	paul_weyrich	0
alcorn_state_university	ntr_contain10	walter_kauzmann	0
alcorn_state_university	ntr_contain10	etta_moten_barnett	0
alcorn_state_university	ntr_contain10	maurice_james_dease	0
alcorn_state_university	ntr_contain10	clark_v_poling	0
algeria	ntr_contain5	albert_camus	1
algeria	ntr_contain5	mohammed_dib	1
algeria	ntr_contain5	kateb_yacine	1
algeria	ntr_contain5	frantz_fanon	1
algeria	ntr_contain5	lalla_fatma_nsoumer	1
algeria	ntr_contain5	paul_von_hindenburg	0
algeria	ntr_contain5	arthur_edward_waite	0
algeria	ntr_contain5	janos_bolyai	0
algeria	ntr_contain5	george_bonga	0
algeria	ntr_contain5	ostad_elahi	0
algeria	ntr_contain5	alexander_randall	0
algeria	ntr_contain5	iba_ndiaye	0
algeria	ntr_contain5	goffredo_petrassi	0
algeria	ntr_contain5	john_winston_jones	0
algeria	ntr_contain5	omar_d_conger	0
algeria	ntr_contain5	angel_alvarez	0
algeria	ntr_contain5	sally_eilers	0
algeria	ntr_contain5	william_hayward_pickering	0
algeria	ntr_contain5	wanda_klaff	0
algeria	ntr_contain5	thomas_gold	0
algeria	ntr_contain5	norman_painting	0
algeria	ntr_contain5	francesc_pujols	0
algeria	ntr_contain5	murray_head	0
algeria	ntr_contain5	john_beal	0
algeria	ntr_contain5	ossie_davis	0
algeria	ntr_contain5	mikhail_eisenstein	0
algeria	ntr_contain5	sidney_m_aronovitz	0
algeria	ntr_contain5	jack_t_kirby	0
algeria	ntr_contain5	robert_p_robinson	0
algeria	ntr_contain5	roger_putnam	0
algeria	ntr_contain5	joan_crawford	0
algeria	ntr_contain5	jan_brueghel_the_younger	0
algeria	ntr_contain5	henry_wheaton	0
algeria	ntr_contain5	r_k_narayan	0
aligarh_muslim_university	ntr_contain10	shamim_karhani	1
aligarh_muslim_university	ntr_contain10	taher_saifuddin	1
aligarh_muslim_university	ntr_contain10	ziauddin_ahmed	1
aligarh_muslim_university	ntr_contain10	saeed_rashid	1
aligarh_muslim_university	ntr_contain10	liaquat_ali_khan	1
aligarh_muslim_university	ntr_contain10	andre_weil	1
aligarh_muslim_university	ntr_contain10	khawaja_nazimuddin	1
aligarh_muslim_university	ntr_contain10	fazal_ilahi_chaudhry	1
aligarh_muslim_university	ntr_contain10	sultan_salahuddin_owaisi	1
aligarh_muslim_university	ntr_contain10	sheikh_abdullah	1
aligarh_muslim_university	ntr_contain10	maulana_shaukat_ali	1
aligarh_muslim_university	ntr_contain10	ayub_khan	1
aligarh_muslim_university	ntr_contain10	akhter_husain	1
aligarh_muslim_university	ntr_contain10	ghulam_muhammad	1
aligarh_muslim_university	ntr_contain10	m_a_g_osmani	1
aligarh_muslim_university	ntr_contain10	salimuzzaman_siddiqui	1
aligarh_muslim_university	ntr_contain10	raja_rao	1
aligarh_muslim_university	ntr_contain10	zakir_hussain_1897	1
aligarh_muslim_university	ntr_contain10	edgar_herschler	0
aligarh_muslim_university	ntr_contain10	helen_andelin	0
aligarh_muslim_university	ntr_contain10	mian_ghulam_jilani	1
all_souls_college_oxford	ntr_contain10	t_e_lawrence	1
all_souls_college_oxford	ntr_contain10	daniel_coke	1
all_souls_college_oxford	ntr_contain10	edward_harcourt	1
all_souls_college_oxford	ntr_contain10	magnus_eiriksson	0
all_souls_college_oxford	ntr_contain10	vasily_ilyich_safonov	0
all_souls_college_oxford	ntr_contain10	wayne_a_downing	0
allahabad_university	ntr_contain10	pandit_madan_mohan_malaviya	1
allahabad_university	ntr_contain10	chandra_shekhar	1
allahabad_university	ntr_contain10	maharishi_mahesh_yogi	1
allahabad_university	ntr_contain10	daulat_singh_kothari	1
allahabad_university	ntr_contain10	gulzarilal_nanda	1
allahabad_university	ntr_contain10	sardar_amir_azam_khan	1
allahabad_university	ntr_contain10	harivanshrai_bachchan	1
allahabad_university	ntr_contain10	ziauddin_ahmed	1
allahabad_university	ntr_contain10	herbert_s_gutowsky	0
allahabad_university	ntr_contain10	shankar_dayal_sharma	1
allahabad_university	ntr_contain10	patrick_peyton	0
allahabad_university	ntr_contain10	robert_wynn_carrington_1st_marquess_of_lincolnshire	0
allahabad_university	ntr_contain10	satyendra_narayan_sinha	1
allahabad_university	ntr_contain10	firaq_gorakhpuri	1
allegedly_murdered	ntr_contain11	haile_selassie_i_of_ethiopia	1
allegedly_murdered	ntr_contain11	pope_leo_v	1
allegedly_murdered	ntr_contain11	pope_adrian_iii	1
allegedly_murdered	ntr_contain11	giovanni_da_verrazano	1
allegedly_murdered	ntr_contain11	pope_john_x	1
allegedly_murdered	ntr_contain11	pope_benedict_xi	1
allegedly_murdered	ntr_contain11	pope_clement_ii	1
allegedly_murdered	ntr_contain11	pope_john_paul_i	1
allegedly_murdered	ntr_contain11	pope_stephen_vii	1
allegedly_murdered	ntr_contain11	roger_livesey	0
allegedly_murdered	ntr_contain11	mrs_a_helfferich	0
allegedly_murdered	ntr_contain11	pope_damasus_ii	1
allegedly_murdered	ntr_contain11	pope_sergius_iv	1
allegedly_murdered	ntr_contain11	jim_davis_1909	0
allegedly_murdered	ntr_contain11	don_herbert	0
allegedly_murdered	ntr_contain11	sammy_davis_jr	0
allegedly_murdered	ntr_contain11	kenneth_e_hagin	0
allegedly_murdered	ntr_contain11	ruth_warrick	0
allegheny_college	ntr_contain10	william_mckinley	1
allegheny_college	ntr_contain10	brad_will	1
allegheny_college	ntr_contain10	william_b_allison	1
allegheny_college	ntr_contain10	clarence_darrow	1
allegheny_college	ntr_contain10	budd_dwyer	1
allegheny_college	ntr_contain10	cyrus_k_holliday	1
allegheny_college	ntr_contain10	thomas_tipton	1
allegheny_college	ntr_contain10	frederic_william_maitland	0
allegheny_college	ntr_contain10	charles_leblond	0
allegheny_college	ntr_contain10	peter_may	0
allegheny_college	ntr_contain10	milton_friedman	0
almadina	ntr_contain10	murder_of_jasmine_fiore	1
almadina	ntr_contain10	mark_ritts	0
almadina	ntr_contain10	ann_richards	0
almadina	ntr_contain10	lutz_graf_schwerin_von_krosigk	0
alpha_kappa_alpha	ntr_contain6	lucy_diggs_slowe	1
alpha_kappa_alpha	ntr_contain6	norma_elizabeth_boyd	1
alpha_kappa_alpha	ntr_contain6	margaret_flagg_holmes	1
alpha_kappa_alpha	ntr_contain6	julia_evangeline_brooks	1
alpha_kappa_alpha	ntr_contain6	minnie_b_smith	1
alpha_kappa_alpha	ntr_contain6	nellie_pratt_russell	1
alpha_kappa_alpha	ntr_contain6	marie_woolfolk_taylor	1
alpha_kappa_alpha	ntr_contain6	lavinia_norman	1
alpha_kappa_alpha	ntr_contain6	joanna_mary_berry_shields	1
alpha_kappa_alpha	ntr_contain6	anna_easter_brown	1
alpha_kappa_alpha	ntr_contain6	max_fiedler	0
alpha_kappa_alpha	ntr_contain6	william_b_umstead	0
alpha_kappa_alpha	ntr_contain6	gladys_pyle	0
alpha_kappa_alpha	ntr_contain6	kim_dae_jung	0
alpha_kappa_alpha	ntr_contain6	carrie_snowden	1
alpha_kappa_alpha	ntr_contain6	karl_davidov	0
alpha_kappa_alpha	ntr_contain6	norman_mailer	0
alpha_kappa_alpha	ntr_contain6	harriet_josephine_terry	1
alpha_kappa_alpha	ntr_contain6	ahmet_ertegun	0
alpha_kappa_alpha	ntr_contain6	aaron_montgomery_ward	0
alpha_kappa_alpha	ntr_contain6	arthur_o_lewis	0
alpha_kappa_alpha	ntr_contain6	lorimer_johnston	0
alpha_kappa_alpha	ntr_contain6	antony_hamilton	0
alpha_kappa_alpha	ntr_contain6	heinrich_quincke	0
alpha_kappa_alpha	ntr_contain6	cary_travers_grayson	0
alpha_kappa_alpha	ntr_contain6	abraham_flexner	0
alzheimers_disease	ntr_contain11	sugar_ray_robinson	1
alzheimers_disease	ntr_contain11	ferenc_puskas	1
alzheimers_disease	ntr_contain11	evelyn_keyes	1
alzheimers_disease	ntr_contain11	bill_beutel	1
alzheimers_disease	ntr_contain11	eddie_albert	1
alzheimers_disease	ntr_contain11	thomas_savig_kleppe	1
alzheimers_disease	ntr_contain11	pietro_rava	1
alzheimers_disease	ntr_contain11	mabel_albertson	1
alzheimers_disease	ntr_contain11	mae_questel	1
alzheimers_disease	ntr_contain11	cornelius_warmerdam	1
alzheimers_disease	ntr_contain11	david_l_bazelon	1
alzheimers_disease	ntr_contain11	nedra_volz	1
alzheimers_disease	ntr_contain11	molly_picon	1
alzheimers_disease	ntr_contain11	george_meeker	1
alzheimers_disease	ntr_contain11	ruth_wallis	1
alzheimers_disease	ntr_contain11	duilio_loi	1
alzheimers_disease	ntr_contain11	charles_bronson	1
alzheimers_disease	ntr_contain11	paul_lindblad	1
alzheimers_disease	ntr_contain11	otto_preminger	1
alzheimers_disease	ntr_contain11	maureen_forrester	1
alzheimers_disease	ntr_contain11	enid_blyton	1
alzheimers_disease	ntr_contain11	william_proxmire	1
alzheimers_disease	ntr_contain11	george_oppen	1
alzheimers_disease	ntr_contain11	charlton_heston	1
alzheimers_disease	ntr_contain11	june_bronhill	1
alzheimers_disease	ntr_contain11	arlene_francis	1
alzheimers_disease	ntr_contain11	alberto_lattuada	1
alzheimers_disease	ntr_contain11	wally_phillips	1
alzheimers_disease	ntr_contain11	bernard_levin	1
alzheimers_disease	ntr_contain11	j_d_deblieux	1
alzheimers_disease	ntr_contain11	a_e_van_vogt	1
alzheimers_disease	ntr_contain11	tom_ohorgan	1
alzheimers_disease	ntr_contain11	carl_fontana	1
alzheimers_disease	ntr_contain11	howard_w_koch	1
alzheimers_disease	ntr_contain11	rita_hayworth	1
alzheimers_disease	ntr_contain11	don_lane	1
alzheimers_disease	ntr_contain11	willie_pep	1
alzheimers_disease	ntr_contain11	john_ostrom	1
alzheimers_disease	ntr_contain11	irwin_silber	1
alzheimers_disease	ntr_contain11	ernie_stautner	1
alzheimers_disease	ntr_contain11	philip_morris_klutznick	1
alzheimers_disease	ntr_contain11	norman_kaye	1
alzheimers_disease	ntr_contain11	floyd_patterson	1
alzheimers_disease	ntr_contain11	mitzi_cunliffe	1
alzheimers_disease	ntr_contain11	henrietta_valor	1
alzheimers_disease	ntr_contain11	bob_wilkins	1
alzheimers_disease	ntr_contain11	norma_shearer	1
alzheimers_disease	ntr_contain11	ayub_k_ommaya	1
alzheimers_disease	ntr_contain11	james_stockdale	1
alzheimers_disease	ntr_contain11	cyrus_vance	1
alzheimers_disease	ntr_contain11	esther_sandoval	1
alzheimers_disease	ntr_contain11	dana_andrews	1
alzheimers_disease	ntr_contain11	dorian_leigh	1
alzheimers_disease	ntr_contain11	paul_b_fay	1
alzheimers_disease	ntr_contain11	elizabeth_clare_prophet	1
alzheimers_disease	ntr_contain11	billie_bird	1
alzheimers_disease	ntr_contain11	harold_wilson	1
alzheimers_disease	ntr_contain11	johnny_dixon	1
alzheimers_disease	ntr_contain11	russ_meyer	1
alzheimers_disease	ntr_contain11	don_nicholson	1
alzheimers_disease	ntr_contain11	s_i_hayakawa	1
alzheimers_disease	ntr_contain11	ronald_reagan	1
alzheimers_disease	ntr_contain11	bill_mauldin	1
alzheimers_disease	ntr_contain11	herb_ellis	1
alzheimers_disease	ntr_contain11	romeo_leblanc	1
alzheimers_disease	ntr_contain11	james_doohan	1
alzheimers_disease	ntr_contain11	anthony_rolfe_johnson	1
alzheimers_disease	ntr_contain11	vincente_minnelli	1
alzheimers_disease	ntr_contain11	raymond_davis_jr	1
alzheimers_disease	ntr_contain11	joyce_wieland	1
alzheimers_disease	ntr_contain11	kaulza_de_arriaga	1
alzheimers_disease	ntr_contain11	sneaky_pete_kleinow	1
alzheimers_disease	ntr_contain11	t_b_irving	1
alzheimers_disease	ntr_contain11	robert_kearns	1
alzheimers_disease	ntr_contain11	james_stewart	1
alzheimers_disease	ntr_contain11	mervyn_leroy	1
alzheimers_disease	ntr_contain11	stanley_t_adams	1
alzheimers_disease	ntr_contain11	arthur_oconnell	1
alzheimers_disease	ntr_contain11	eddie_robinson_1919	1
alzheimers_disease	ntr_contain11	bettye_ackerman	1
alzheimers_disease	ntr_contain11	anne-catharina_vestly	1
alzheimers_disease	ntr_contain11	lowell_english	1
alzheimers_disease	ntr_contain11	burgess_meredith	1
alzheimers_disease	ntr_contain11	edward_h_levi	1
alzheimers_disease	ntr_contain11	william_colepaugh	1
alzheimers_disease	ntr_contain11	imogene_coca	1
alzheimers_disease	ntr_contain11	william_l_scott	1
alzheimers_disease	ntr_contain11	lila_kedrova	1
alzheimers_disease	ntr_contain11	paul_avrich	1
alzheimers_disease	ntr_contain11	milt_graff	1
alzheimers_disease	ntr_contain11	perry_como	1
alzheimers_disease	ntr_contain11	jeanne_cagney	0
alzheimers_disease	ntr_contain11	dennis_danell	0
alzheimers_disease	ntr_contain11	laura_la_plante	1
alzheimers_disease	ntr_contain11	allen_klein	1
alzheimers_disease	ntr_contain11	herbie_mann	0
alzheimers_disease	ntr_contain11	orville_freeman	1
alzheimers_disease	ntr_contain11	don_arden	1
alzheimers_disease	ntr_contain11	eugene_porky_lee	0
alzheimers_disease	ntr_contain11	willem_de_kooning	1
alzheimers_disease	ntr_contain11	evan_mecham	1
alzheimers_disease	ntr_contain11	william_h_marshall	1
alzheimers_disease	ntr_contain11	geraldine_fitzgerald	1
alzheimers_disease	ntr_contain11	david_ruffin	0
alzheimers_disease	ntr_contain11	ivor_dent	1
alzheimers_disease	ntr_contain11	enrico_caruso	0
alzheimers_disease	ntr_contain11	aaron_copland	1
alzheimers_disease	ntr_contain11	clair_burgener	1
alzheimers_disease	ntr_contain11	lili_damita	1
alzheimers_disease	ntr_contain11	pramod_mahajan	0
alzheimers_disease	ntr_contain11	gerard_reve	1
alzheimers_disease	ntr_contain11	edmond_obrien	1
alzheimers_disease	ntr_contain11	mel_stewart	1
alzheimers_disease	ntr_contain11	carinus	0
alzheimers_disease	ntr_contain11	ivan_goff	1
alzheimers_disease	ntr_contain11	leonard_nathan	1
alzheimers_disease	ntr_contain11	arthur_burks	1
alzheimers_disease	ntr_contain11	mary_hayley_bell	1
ambassador	ntr_contain6	bernardino_machado	1
ambassador	ntr_contain6	plutarch	1
ambassador	ntr_contain6	simon_renard	1
ambassador	ntr_contain6	knut_vollebaek	1
ambassador	ntr_contain6	richard_egan_1930	1
ambassador	ntr_contain6	alexander_hurley	0
ambassador	ntr_contain6	domenico_cirillo	0
ambassador	ntr_contain6	ed_dorn	0
ambassador	ntr_contain6	carl_zamloch	0
ambassador	ntr_contain6	camille_see	0
ambassador	ntr_contain6	helen_miller_shepard	0
ambassador	ntr_contain6	felix_dahn	0
ambassador	ntr_contain6	eduardo_dato_iradier	0
ambassador	ntr_contain6	viktor_frankl	0
ambassador	ntr_contain6	perry_como	0
ambassador	ntr_contain6	lonnie_pitchford	0
ambassador	ntr_contain6	john_william_waterhouse	0
ambassador	ntr_contain6	gavin_de_beer	0
ambassador	ntr_contain6	rory_gallagher	0
ambassador	ntr_contain6	hubert_joseph_walther_frere-orban	0
ambassador	ntr_contain6	heinrich_barkhausen	0
ambassador	ntr_contain6	tivadar_puskas	0
ambassador	ntr_contain6	robert_stanley_weir	0
ambassador	ntr_contain6	peter_lalor	0
ambassador	ntr_contain6	chic_hecht	0
ambassador	ntr_contain6	elmer_davis	0
ambassador	ntr_contain6	charles_maurras	0
ambassador	ntr_contain6	tommaso_palamidessi	0
ambassador	ntr_contain6	marcus_cassel	0
ambassador	ntr_contain6	edward_v_long	0
american_football_player	ntr_contain6	frank_sinkwich	1
american_football_player	ntr_contain6	jeff_komlo	1
american_football_player	ntr_contain6	joe_stydahar	1
american_football_player	ntr_contain6	william_afflis	1
american_football_player	ntr_contain6	willis_ward	1
american_football_player	ntr_contain6	ray_beck	1
american_football_player	ntr_contain6	ernie_stautner	1
american_football_player	ntr_contain6	al_blozis	1
american_football_player	ntr_contain6	curly_lambeau	1
american_football_player	ntr_contain6	gerald_ford	1
american_football_player	ntr_contain6	harry_agganis	1
american_football_player	ntr_contain6	al_lucas	1
american_football_player	ntr_contain6	joe_delaney	1
american_football_player	ntr_contain6	justin_strzelczyk	1
american_football_player	ntr_contain6	andre_waters	1
american_football_player	ntr_contain6	gaines_adams	1
american_football_player	ntr_contain6	jim_thorpe	1
american_football_player	ntr_contain6	bob_woodruff_1916	1
american_football_player	ntr_contain6	red_grange	1
american_football_player	ntr_contain6	mike_michalske	1
american_football_player	ntr_contain6	woody_hayes	1
american_football_player	ntr_contain6	brad_ecklund	1
american_football_player	ntr_contain6	howard_jones_1885	1
american_football_player	ntr_contain6	george_gipp	1
american_football_player	ntr_contain6	bernie_faloney	1
american_football_player	ntr_contain6	reggie_white	1
american_football_player	ntr_contain6	jeff_alm	1
american_football_player	ntr_contain6	frank_loria	1
american_football_player	ntr_contain6	bob_pellegrini	1
american_football_player	ntr_contain6	billy_ray_smith_sr	1
american_football_player	ntr_contain6	max_krause	1
american_football_player	ntr_contain6	charley_brewer	1
american_football_player	ntr_contain6	jack_kemp	1
american_football_player	ntr_contain6	jim_ricca	1
american_football_player	ntr_contain6	chris_cagle_1905	1
american_football_player	ntr_contain6	bobby_dodd	1
american_football_player	ntr_contain6	frank_leahy	1
american_football_player	ntr_contain6	tom_fears	1
american_football_player	ntr_contain6	chucky_mullins	1
american_football_player	ntr_contain6	john_maulbetsch	1
american_football_player	ntr_contain6	john_rauch	1
american_football_player	ntr_contain6	edgar_manske	1
american_football_player	ntr_contain6	reggie_roby	1
american_football_player	ntr_contain6	charlie_conerly	1
american_football_player	ntr_contain6	bob_westfall	1
american_football_player	ntr_contain6	sammy_baugh	1
american_football_player	ntr_contain6	lee_mcclung	1
american_football_player	ntr_contain6	earle_greasy_neale	1
american_football_player	ntr_contain6	julius_franks	1
american_football_player	ntr_contain6	eric_turner	1
american_football_player	ntr_contain6	gene_hickerson	1
american_football_player	ntr_contain6	mike_sebastian	1
american_football_player	ntr_contain6	ed_widseth	1
american_football_player	ntr_contain6	joe_guyon	1
american_football_player	ntr_contain6	dick_rifenburg	1
american_football_player	ntr_contain6	glenn_killinger	1
american_football_player	ntr_contain6	tom_landry	1
american_football_player	ntr_contain6	ernie_ladd	1
american_football_player	ntr_contain6	pappy_waldorf	1
american_football_player	ntr_contain6	harold_ballin	1
american_football_player	ntr_contain6	tom_harmon	1
american_football_player	ntr_contain6	robert_neyland	1
american_football_player	ntr_contain6	glenn_scobey_warner	1
american_football_player	ntr_contain6	kenny_washington	1
american_football_player	ntr_contain6	earl_blaik	1
american_football_player	ntr_contain6	daniel_r_ross	1
american_football_player	ntr_contain6	don_hutson	1
american_football_player	ntr_contain6	rick_bryan	1
american_football_player	ntr_contain6	bobby_layne	1
american_football_player	ntr_contain6	john_h_outland	1
american_football_player	ntr_contain6	marquise_hill	1
american_football_player	ntr_contain6	edward_j_king	1
american_football_player	ntr_contain6	bill_herchman	1
american_football_player	ntr_contain6	len_younce	1
american_football_player	ntr_contain6	cal_hubbard	1
american_football_player	ntr_contain6	cliff_battles	1
american_football_player	ntr_contain6	henry_two_bits_homan	1
american_football_player	ntr_contain6	kevin_butler_1985	1
american_football_player	ntr_contain6	jim_johnson	1
american_football_player	ntr_contain6	steve_furness	1
american_football_player	ntr_contain6	gene_upshaw	1
american_football_player	ntr_contain6	bob_hayes	1
american_football_player	ntr_contain6	jack_weller	1
american_football_player	ntr_contain6	brian_pillman	1
american_football_player	ntr_contain6	billy_wasmund	1
american_football_player	ntr_contain6	woody_strode	1
american_football_player	ntr_contain6	jack_ferrante	1
american_football_player	ntr_contain6	sean_taylor	1
american_football_player	ntr_contain6	weeb_ewbank	1
american_football_player	ntr_contain6	john_garlington	1
american_football_player	ntr_contain6	fritz_crisler	1
american_football_player	ntr_contain6	jerome_brown	1
american_football_player	ntr_contain6	charlie_justice	1
american_football_player	ntr_contain6	sid_gillman	1
american_football_player	ntr_contain6	dick_daugherty	1
american_football_player	ntr_contain6	john_pont	1
american_football_player	ntr_contain6	mike_donahue	1
american_football_player	ntr_contain6	carl_monroe	1
american_football_player	ntr_contain6	gomer_jones	1
american_football_player	ntr_contain6	darrent_williams	1
american_football_player	ntr_contain6	aaron_rodgers	1
american_football_player	ntr_contain6	ed_franco	1
american_football_player	ntr_contain6	bert_bell	1
american_football_player	ntr_contain6	paul_robeson	1
american_football_player	ntr_contain6	korey_stringer	1
american_football_player	ntr_contain6	bob_higgins	1
american_football_player	ntr_contain6	robert_mitinger	1
american_football_player	ntr_contain6	john_mckay	1
american_football_player	ntr_contain6	ralph_glaze	1
american_football_player	ntr_contain6	marquis_cooper	1
american_football_player	ntr_contain6	doc_blanchard	1
american_football_player	ntr_contain6	mike_holovak	1
american_football_player	ntr_contain6	gary_wood	1
american_football_player	ntr_contain6	justin_skaggs	1
american_football_player	ntr_contain6	les_richter	1
american_football_player	ntr_contain6	jack_concannon	1
american_football_player	ntr_contain6	bear_bryant	1
american_football_player	ntr_contain6	walter_payton	1
american_football_player	ntr_contain6	bob_reynolds	1
american_football_player	ntr_contain6	jack_jacobs	1
american_football_player	ntr_contain6	george_halas	1
american_football_player	ntr_contain6	lyle_alzado	1
american_football_player	ntr_contain6	mario_danelo	1
american_football_player	ntr_contain6	coy_bacon	1
american_football_player	ntr_contain6	knute_rockne	1
american_football_player	ntr_contain6	bobby_marshall	1
american_football_player	ntr_contain6	glenn_woodward_davis	1
american_football_player	ntr_contain6	robert_tex_william_richards_jr	1
american_football_player	ntr_contain6	louis_salmon	1
american_football_player	ntr_contain6	beattie_feathers	1
american_football_player	ntr_contain6	bob_dove	1
american_football_player	ntr_contain6	jim_parker	1
american_football_player	ntr_contain6	tony_momsen	1
american_football_player	ntr_contain6	lou_saban	1
american_football_player	ntr_contain6	vince_lombardi	1
american_football_player	ntr_contain6	joe_krol	1
american_football_player	ntr_contain6	jackie_parker	1
american_football_player	ntr_contain6	byron_white	1
american_football_player	ntr_contain6	dick_poillon	1
american_football_player	ntr_contain6	chic_harley	1
american_football_player	ntr_contain6	lamar_hunt	1
american_football_player	ntr_contain6	steve_owen_1898	1
american_football_player	ntr_contain6	oran_h_pape	1
american_football_player	ntr_contain6	al_loeb	1
american_football_player	ntr_contain6	ernie_davis	1
american_football_player	ntr_contain6	ernie_nevers	1
american_football_player	ntr_contain6	johnny_unitas	1
american_football_player	ntr_contain6	bud_wilkinson	1
american_football_player	ntr_contain6	gaynell_tinsley	1
american_football_player	ntr_contain6	emery_barnes	1
american_football_player	ntr_contain6	sid_wagner	1
american_football_player	ntr_contain6	bob_devaney	1
american_football_player	ntr_contain6	erk_russell	1
american_football_player	ntr_contain6	thomas_herrion	1
american_football_player	ntr_contain6	alphonse_tuffy_leemans	1
american_football_player	ntr_contain6	derrick_thomas	1
american_football_player	ntr_contain6	hap_moran	1
american_football_player	ntr_contain6	alan_ameche	1
american_football_player	ntr_contain6	james_pierce	1
american_football_player	ntr_contain6	jay_berwanger	1
american_football_player	ntr_contain6	damien_nash	1
american_football_player	ntr_contain6	benny_friedman	1
american_football_player	ntr_contain6	harry_newman	1
american_football_player	ntr_contain6	stan_jones_1931	1
american_football_player	ntr_contain6	guy_chamberlin	1
american_football_player	ntr_contain6	darrell_russell	1
american_football_player	ntr_contain6	bob_jeter	1
american_football_player	ntr_contain6	germany_schulz	1
american_football_player	ntr_contain6	rosey_brown	1
american_football_player	ntr_contain6	fred_lane	1
american_football_player	ntr_contain6	george_jewett	1
american_football_player	ntr_contain6	john_wayne	1
american_football_player	ntr_contain6	johnathan_goddard	1
american_football_player	ntr_contain6	carlos_lleras_restrepo	0
american_football_player	ntr_contain6	amos_alonzo_stagg	1
american_football_player	ntr_contain6	wilhelm_philipp_schimper	0
american_football_player	ntr_contain6	hryhori_skovoroda	0
american_football_player	ntr_contain6	steve_mcnair	1
american_football_player	ntr_contain6	knowlton_l_snake_ames	1
american_football_player	ntr_contain6	heinrich_friedrich_karl_reichsfreiherr_vom_und_zum_stein	0
american_football_player	ntr_contain6	bryan_pata	1
american_football_player	ntr_contain6	sid_luckman	1
american_football_player	ntr_contain6	john_mcnally	1
american_football_player	ntr_contain6	zhan_ziqian	0
american_football_player	ntr_contain6	john_ferraro	1
american_football_player	ntr_contain6	bennie_owen	1
american_football_player	ntr_contain6	bronko_nagurski	1
american_football_player	ntr_contain6	laza_ristovski	0
american_football_player	ntr_contain6	gustav_freytag	0
american_football_player	ntr_contain6	nipsey_russell	0
american_football_player	ntr_contain6	jay_defeo	0
american_football_player	ntr_contain6	edgar_wilson_nye	0
american_football_player	ntr_contain6	travis_claridge	1
american_football_player	ntr_contain6	billy_vessels	1
american_football_player	ntr_contain6	compton_mackenzie	0
american_football_player	ntr_contain6	lamar_lundy	1
american_football_player	ntr_contain6	jack_snow_1943	1
american_football_player	ntr_contain6	pat_tillman	1
american_football_player	ntr_contain6	john_henry_chamberlain	0
american_football_player	ntr_contain6	earl_dutch_clark	1
american_football_player	ntr_contain6	jack_lummus	1
american_football_player	ntr_contain6	ray_krouse	1
american_football_player	ntr_contain6	william_carlos_williams	0
american_football_player	ntr_contain6	jim_pace	1
american_football_player	ntr_contain6	william_wister_haines	0
american_football_player	ntr_contain6	dave_allerdice	1
american_football_player	ntr_contain6	endicott_peabody	1
american_football_player	ntr_contain6	ernest_gruening	0
american_football_player	ntr_contain6	bob_waterfield	1
american_football_player	ntr_contain6	norm_van_brocklin	1
american_football_player	ntr_contain6	kazimierz_nowak	0
american_football_player	ntr_contain6	knox_ramsey	1
american_football_player	ntr_contain6	marcus_cassel	1
american_football_player	ntr_contain6	balraj_sahni	0
american_football_player	ntr_contain6	luise_fleck	0
american_football_player	ntr_contain6	juan_de_la_cierva	0
american_university	ntr_contain10	alice_paul	1
american_university	ntr_contain10	william_c_sullivan	1
american_university	ntr_contain10	alfonso_arana	1
american_university	ntr_contain10	john_fahey_1939	1
american_university	ntr_contain10	juan_mari_bras	1
american_university	ntr_contain10	robert_byrd	1
american_university	ntr_contain10	james_tiptree_jr	1
american_university	ntr_contain10	carroll_a_campbell_jr	1
american_university	ntr_contain10	frederick_hart	1
american_university	ntr_contain10	petra_kelly	1
american_university	ntr_contain10	robert_devereux_2nd_earl_of_essex	0
american_university	ntr_contain10	john_mair	0
american_university	ntr_contain10	john_p_oneill	1
american_university	ntr_contain10	kobayashi_hideo	0
american_university_of_beirut	ntr_contain10	antun_saadeh	1
american_university_of_beirut	ntr_contain10	nazim_al-kudsi	1
american_university_of_beirut	ntr_contain10	mansour_f_armaly	1
american_university_of_beirut	ntr_contain10	frederick_john_robinson_1st_viscount_goderich	0
american_university_of_beirut	ntr_contain10	edward_smith_stanley_13th_earl_of_derby	0
american_university_of_beirut	ntr_contain10	james_crafts	0
american_university_of_beirut	ntr_contain10	frank_rosenblatt	0
american_university_of_beirut	ntr_contain10	charles_evans_hughes	0
amherst_college	ntr_contain10	charles_delano	1
amherst_college	ntr_contain10	william_austin_dickinson	1
amherst_college	ntr_contain10	benjamin_j_davis	1
amherst_college	ntr_contain10	justin_perkins	1
amherst_college	ntr_contain10	walter_wyman	1
amherst_college	ntr_contain10	francis_amasa_walker	1
amherst_college	ntr_contain10	harry_dalton	1
amherst_college	ntr_contain10	asa_lovejoy	1
amherst_college	ntr_contain10	calvin_coolidge	1
amherst_college	ntr_contain10	herbert_baxter_adams	1
amherst_college	ntr_contain10	john_bates_clark	1
amherst_college	ntr_contain10	william_h_lewis	1
amherst_college	ntr_contain10	arthur_sherburne_hardy	1
amherst_college	ntr_contain10	david_peck_todd	1
amherst_college	ntr_contain10	allen_t_treadway	1
amherst_college	ntr_contain10	frederick_h_gillett	1
amherst_college	ntr_contain10	orson_squire_fowler	1
amherst_college	ntr_contain10	robert_fagles	1
amherst_college	ntr_contain10	frank_c_partridge	1
amherst_college	ntr_contain10	john_whitney_hall	1
amherst_college	ntr_contain10	john_maurice_clark	1
amherst_college	ntr_contain10	benjamin_m_palmer	1
amherst_college	ntr_contain10	william_jacob_holland	1
amherst_college	ntr_contain10	charles_l_robinson	1
amherst_college	ntr_contain10	charles_r_drew	1
amherst_college	ntr_contain10	edward_clark_potter	1
amherst_college	ntr_contain10	william_s_clark	1
amherst_college	ntr_contain10	william_travers_jerome	1
amherst_college	ntr_contain10	caleb_r_layton	1
amherst_college	ntr_contain10	harlan_fiske_stone	1
amherst_college	ntr_contain10	frederic_dan_huntington	1
amherst_college	ntr_contain10	henry_t_rainey	1
amherst_college	ntr_contain10	james_furman_kemp	1
amherst_college	ntr_contain10	addison_brown	1
amherst_college	ntr_contain10	gilbert_hovey_grosvenor	1
amherst_college	ntr_contain10	toshikazu_kase	1
amherst_college	ntr_contain10	william_f_whiting	1
amherst_college	ntr_contain10	uchimura_kanzo	1
amherst_college	ntr_contain10	daniel_collamore_heath	1
amherst_college	ntr_contain10	dwight_morrow	1
amherst_college	ntr_contain10	horace_maynard	1
amherst_college	ntr_contain10	talcott_parsons	1
amherst_college	ntr_contain10	austin_flint	1
amherst_college	ntr_contain10	james_ewing	1
amherst_college	ntr_contain10	arthur_vining_davis	1
amherst_college	ntr_contain10	william_whiting_ii	1
amherst_college	ntr_contain10	thomas_eagleton	1
amherst_college	ntr_contain10	stephen_cole_kleene	1
amherst_college	ntr_contain10	gilbert_emery	1
amherst_college	ntr_contain10	william_rutherford_mead	1
amherst_college	ntr_contain10	alexander_h_bullock	1
amherst_college	ntr_contain10	james_merrill	1
amherst_college	ntr_contain10	charles_hamilton_houston	1
amherst_college	ntr_contain10	robert_purvis	1
amherst_college	ntr_contain10	john_j_mccloy	1
amherst_college	ntr_contain10	samuel_c_pomeroy	1
amherst_college	ntr_contain10	george_dupont_pratt	1
amherst_college	ntr_contain10	george_h_utter	1
amherst_college	ntr_contain10	galusha_a_grow	1
amherst_college	ntr_contain10	burgess_meredith	1
amherst_college	ntr_contain10	joseph_hardy_neesima	1
amherst_college	ntr_contain10	david_foster_wallace	1
amherst_college	ntr_contain10	william_bullock_clark	1
amherst_college	ntr_contain10	john_coolidge	1
amherst_college	ntr_contain10	lucius_f_c_garvin	1
amherst_college	ntr_contain10	clyde_fitch	1
amherst_college	ntr_contain10	george_p_lawrence	1
amherst_college	ntr_contain10	edward_ralph_may	1
amherst_college	ntr_contain10	elijah_coleman_bridgman	1
amherst_college	ntr_contain10	henry_way_kendall	1
amherst_college	ntr_contain10	clarence_birdseye	1
amherst_college	ntr_contain10	herbert_l_pratt	1
amherst_college	ntr_contain10	benjamin_kendall_emerson	1
amherst_college	ntr_contain10	robert_lansing	1
amherst_college	ntr_contain10	martin_russell_thayer	1
amherst_college	ntr_contain10	john_c_caldwell	1
amherst_college	ntr_contain10	henry_ward_beecher	1
amherst_college	ntr_contain10	hew_lorimer	0
amherst_college	ntr_contain10	tad_mosel	1
amherst_college	ntr_contain10	anton_alexander_graf_von_auersperg	0
amherst_college	ntr_contain10	melvil_dewey	1
amherst_college	ntr_contain10	william_shadrach_knox	1
amherst_college	ntr_contain10	julius_hawley_seelye	1
amherst_college	ntr_contain10	francis_w_rockwell	1
amherst_college	ntr_contain10	charles_hallock	1
amyotrophic_lateral_sclerosis	ntr_contain11	lou_gehrig	1
amyotrophic_lateral_sclerosis	ntr_contain11	thomas_mikolajcik	1
amyotrophic_lateral_sclerosis	ntr_contain11	axel_jensen	1
amyotrophic_lateral_sclerosis	ntr_contain11	tony_judt	1
amyotrophic_lateral_sclerosis	ntr_contain11	antony_hamilton	0
amyotrophic_lateral_sclerosis	ntr_contain11	gary_gilmore	0
amyotrophic_lateral_sclerosis	ntr_contain11	joanna_cook_moore	0
amyotrophic_lateral_sclerosis	ntr_contain11	jessamyn_west_1902	0
amyotrophic_lateral_sclerosis	ntr_contain11	graham_strachan	0
amyotrophic_lateral_sclerosis	ntr_contain11	beverly_roberts	0
amyotrophic_lateral_sclerosis	ntr_contain11	ali_alatas	0
amyotrophic_lateral_sclerosis	ntr_contain11	john_keats	0
amyotrophic_lateral_sclerosis	ntr_contain11	thomas_d_schall	0
amyotrophic_lateral_sclerosis	ntr_contain11	josef_mengele	0
amyotrophic_lateral_sclerosis	ntr_contain11	w_n_ness	0
amyotrophic_lateral_sclerosis	ntr_contain11	vissarion_belinsky	0
amyotrophic_lateral_sclerosis	ntr_contain11	ahmad_suradji	0
anatomist	ntr_contain6	giovanni_battista_morgagni	1
anatomist	ntr_contain6	alessandra_giliani	1
anatomist	ntr_contain6	bernhard_siegfried_albinus	1
anatomist	ntr_contain6	friedrich_gustav_jakob_henle	1
anatomist	ntr_contain6	grafton_elliot_smith	1
anatomist	ntr_contain6	albrecht_von_haller	1
anatomist	ntr_contain6	safdar_hashmi	0
anatomist	ntr_contain6	jean_cruveilhier	1
anatomist	ntr_contain6	raymond_dart	1
anatomist	ntr_contain6	alfonso_garcia_robles	0
anatomist	ntr_contain6	nicolas_steno	1
anatomist	ntr_contain6	moss_mabry	0
anatomist	ntr_contain6	jay_r_smith	0
anatomist	ntr_contain6	charles_studd	0
anatomist	ntr_contain6	leonardo_da_vinci	1
anatomist	ntr_contain6	friedrich_wilhelm_argelander	0
anatomist	ntr_contain6	anton_webern	0
anatomist	ntr_contain6	jeff_buckley	0
ancient_greece	ntr_contain5	pythagoras	1
ancient_greece	ntr_contain5	thales	1
ancient_greece	ntr_contain5	sappho	1
ancient_greece	ntr_contain5	plutarch	1
ancient_greece	ntr_contain5	anaximander	1
ancient_greece	ntr_contain5	john_glenn_beall_jr	0
ancient_greece	ntr_contain5	william_p_frye	0
ancient_greece	ntr_contain5	friedrich_ii_eugen_duke_of_wurttemberg	0
ancient_greece	ntr_contain5	binger_hermann	0
ancient_greece	ntr_contain5	therese_giehse	0
ancient_greece	ntr_contain5	domenico_scarlatti	0
ancient_greece	ntr_contain5	oakley_c_curtis	0
ancient_greece	ntr_contain5	robert_kajanus	0
ancient_greece	ntr_contain5	ayatollah_kazem_shariatmadari	0
ancient_greece	ntr_contain5	alexander_thomson	0
ancient_greece	ntr_contain5	edwin_morgan	0
ancient_greece	ntr_contain5	jeremy_francis_gilmer	0
ancient_greece	ntr_contain5	clair_burgener	0
ancient_greece	ntr_contain5	willi_ninja	0
ancient_greece	ntr_contain5	joel_teitelbaum	0
ancient_greece	ntr_contain5	plum_warner	0
ancient_greece	ntr_contain5	emil_jellinek	0
ancient_greece	ntr_contain5	edward_yang	0
ancient_greece	ntr_contain5	e_f_l_wood_1st_earl_of_halifax	0
ancient_greece	ntr_contain5	francisco_javier_clavijero	0
ancient_greece	ntr_contain5	richard_conte	0
ancient_greece	ntr_contain5	norman_armour	0
ancient_greece	ntr_contain5	wilhelmina_of_prussia_princess_of_orange	0
ancient_greece	ntr_contain5	rory_calhoun	0
ancient_greece	ntr_contain5	joseph_brodsky	0
ancient_greece	ntr_contain5	kenneth_nelson	0
ancient_greece	ntr_contain5	nikhil_banerjee	0
ancient_greece	ntr_contain5	alexander_gerschenkron	0
ancient_greece	ntr_contain5	paul_friedlander	0
ancient_greece	ntr_contain5	roscoe_b_woodruff	0
andover_newton_theological_school	ntr_contain10	george_h_atkinson	1
andover_newton_theological_school	ntr_contain10	george_trumbull_ladd	1
andover_newton_theological_school	ntr_contain10	george_frederick_magoun	1
andover_newton_theological_school	ntr_contain10	lorraine_hansberry	0
andover_newton_theological_school	ntr_contain10	edith_green	0
andover_newton_theological_school	ntr_contain10	john_warren_davis	0
andover_theological_seminary	ntr_contain10	george_frederick_magoun	1
andover_theological_seminary	ntr_contain10	george_h_atkinson	1
andover_theological_seminary	ntr_contain10	george_trumbull_ladd	1
andover_theological_seminary	ntr_contain10	francis_wayland	1
andover_theological_seminary	ntr_contain10	ken_kavanaugh	0
andover_theological_seminary	ntr_contain10	ludovic_kennedy	0
andover_theological_seminary	ntr_contain10	william_ballard_preston	0
andover_theological_seminary	ntr_contain10	vicary_gibbs	0
anglican_church_of_australia	ntr_contain12	e_h_coombe	1
anglican_church_of_australia	ntr_contain12	julie_bishop	1
anglican_church_of_australia	ntr_contain12	alfred_deakin	1
anglican_church_of_australia	ntr_contain12	stanley_bruce	1
anglican_church_of_australia	ntr_contain12	william_mcmahon	1
anglican_church_of_australia	ntr_contain12	alec_empire	0
anglican_church_of_australia	ntr_contain12	joseph_brown_matthews	0
anglican_church_of_australia	ntr_contain12	albert_g_porter	0
anglican_church_of_australia	ntr_contain12	moses_mendelssohn	0
anglican_church_of_australia	ntr_contain12	benjamin_robbins_curtis	0
anglican_church_of_australia	ntr_contain12	james_joseph_magennis	0
anglican_church_of_australia	ntr_contain12	harold_abrahams	0
anglican_church_of_australia	ntr_contain12	hubert_harrison	0
anglican_church_of_australia	ntr_contain12	victor_raul_haya_de_la_torre	0
anglican_church_of_australia	ntr_contain12	bhaktisvarupa_damodar_swami	0
anglican_church_of_australia	ntr_contain12	edmund_barton	1
anglican_church_of_australia	ntr_contain12	fred_akuffo	0
anglican_church_of_australia	ntr_contain12	louis_salmon	0
anglican_church_of_australia	ntr_contain12	joi_lansing	0
anglican_church_of_australia	ntr_contain12	pope_sergius_iv	0
anglican_church_of_australia	ntr_contain12	silas_wright	0
anglican_church_of_australia	ntr_contain12	bert_t_combs	0
anglican_communion	ntr_contain12	thomas_valpy_french	1
anglican_communion	ntr_contain12	janani_luwum	1
anglican_communion	ntr_contain12	augustine_washington	1
anglican_communion	ntr_contain12	khwaja_ahsanullah	0
anglican_communion	ntr_contain12	engelbert_dollfuss	0
anglican_communion	ntr_contain12	haji_mohammad_suharto	0
anglican_communion	ntr_contain12	joe_waggonner	0
anglican_communion	ntr_contain12	james_garrard	0
anglican_communion	ntr_contain12	william_ewart_gladstone	0
anglican_communion	ntr_contain12	ernesto_teodoro_moneta	0
anglican_communion	ntr_contain12	claude_simon	0
anglican_communion	ntr_contain12	gunning_bedford_sr	0
anglican_communion	ntr_contain12	ernst_dohm	0
anglican_communion	ntr_contain12	alberto_lattuada	0
anglicanism	ntr_contain12	robert_stanfield	1
anglicanism	ntr_contain12	samuel_scherschewsky	1
anglicanism	ntr_contain12	william_fox_1812	1
anglicanism	ntr_contain12	nathaniel_bliss	1
anglicanism	ntr_contain12	charles_cutler	1
anglicanism	ntr_contain12	richard_seddon	1
anglicanism	ntr_contain12	edward_blake	1
anglicanism	ntr_contain12	christopher_smart	1
anglicanism	ntr_contain12	robert_taft	1
anglicanism	ntr_contain12	alexander_tilloch_galt	1
anglicanism	ntr_contain12	dorothy_l_sayers	1
anglicanism	ntr_contain12	william_juxon	1
anglicanism	ntr_contain12	thomas_lucy	1
anglicanism	ntr_contain12	john_roland_lloyd_thomas	1
anglicanism	ntr_contain12	samuel_marsden	1
anglicanism	ntr_contain12	richard_bancroft	1
anglicanism	ntr_contain12	robert_poore_haythorne	1
anglicanism	ntr_contain12	henry_jerome_de_salis	1
anglicanism	ntr_contain12	john_butler_1728	1
anglicanism	ntr_contain12	john_willoughby_crawford	1
anglicanism	ntr_contain12	roland_allen	1
anglicanism	ntr_contain12	james_william_adams	1
anglicanism	ntr_contain12	thomas_meredith	1
anglicanism	ntr_contain12	r_h_tawney	1
anglicanism	ntr_contain12	j_j_thomson	1
anglicanism	ntr_contain12	john_whitgift	1
anglicanism	ntr_contain12	john_fell_1625	1
anglicanism	ntr_contain12	robert_bridges	1
anglicanism	ntr_contain12	john_douglas_hazen	1
anglicanism	ntr_contain12	arthur_sturgis_hardy	1
anglicanism	ntr_contain12	george_kerferd	1
anglicanism	ntr_contain12	john_shaw_burdon	1
anglicanism	ntr_contain12	adye_douglas	1
anglicanism	ntr_contain12	robertson_davies	1
anglicanism	ntr_contain12	george_w_randolph	1
anglicanism	ntr_contain12	anne_bronte	1
anglicanism	ntr_contain12	edmund_grindal	1
anglicanism	ntr_contain12	robert_baden_powell_1st_baron_baden_powell	1
anglicanism	ntr_contain12	samuel_tertius_galton	1
anglicanism	ntr_contain12	geoffrey_fisher	1
anglicanism	ntr_contain12	george_stanley	1
anglicanism	ntr_contain12	dante_gabriel_rossetti	1
anglicanism	ntr_contain12	william_byrd_ii	1
anglicanism	ntr_contain12	george_peacock	1
anglicanism	ntr_contain12	gilbert_white	1
anglicanism	ntr_contain12	arthur_morgan	1
anglicanism	ntr_contain12	william_butler_yeats	1
anglicanism	ntr_contain12	ronald_fisher	1
anglicanism	ntr_contain12	william_g_pollard	1
anglicanism	ntr_contain12	thomas_dewey	1
anglicanism	ntr_contain12	william_sancroft	1
anglicanism	ntr_contain12	thomas_herring	1
anglicanism	ntr_contain12	james_graves	1
anglicanism	ntr_contain12	john_lightfoot	1
anglicanism	ntr_contain12	edmund_nelson	1
anglicanism	ntr_contain12	robert_morris_1734	1
anglicanism	ntr_contain12	richard_meux_benson	1
anglicanism	ntr_contain12	john_cain	1
anglicanism	ntr_contain12	vincent_massey	1
anglicanism	ntr_contain12	john_locke	1
anglicanism	ntr_contain12	john_jacob_astor_vi	1
anglicanism	ntr_contain12	lewis_carroll	1
anglicanism	ntr_contain12	edward_white_benson	1
anglicanism	ntr_contain12	william_ridley	1
anglicanism	ntr_contain12	william_alley	1
anglicanism	ntr_contain12	william_rowan_hamilton	1
anglicanism	ntr_contain12	john_pearson_1612	1
anglicanism	ntr_contain12	saul_rae	1
anglicanism	ntr_contain12	alfred_tennyson_1st_baron_tennyson	1
anglicanism	ntr_contain12	rupert_guinness_2nd_earl_of_iveagh	1
anglicanism	ntr_contain12	raymond_massey	1
anglicanism	ntr_contain12	william_gilpin_1724	1
anglicanism	ntr_contain12	edward_guinness_1st_earl_of_iveagh	1
anglicanism	ntr_contain12	richard_hooker_1554	1
anglicanism	ntr_contain12	john_richard_green	1
anglicanism	ntr_contain12	thomas_malthus	1
anglicanism	ntr_contain12	george_vi_of_the_united_kingdom	1
anglicanism	ntr_contain12	samuel_vince	1
anglicanism	ntr_contain12	henry_francis_cary	1
anglicanism	ntr_contain12	robert_lyon_1812	1
anglicanism	ntr_contain12	edward_grey_1st_viscount_grey_of_fallodon	1
anglicanism	ntr_contain12	henry_john_cody	1
anglicanism	ntr_contain12	thomas_tenison	1
anglicanism	ntr_contain12	edward_barron_chandler	1
anglicanism	ntr_contain12	herbert_alexander_bruce	1
anglicanism	ntr_contain12	charles_augustus_briggs	1
anglicanism	ntr_contain12	george_drew	1
anglicanism	ntr_contain12	boyle_finniss	1
anglicanism	ntr_contain12	charlotte_elizabeth_tonna	1
anglicanism	ntr_contain12	edmund_berry_godfrey	1
anglicanism	ntr_contain12	hannah_more	1
anglicanism	ntr_contain12	abraham_bennet	1
anglicanism	ntr_contain12	bola_ige	1
anglicanism	ntr_contain12	isaac_milner	1
anglicanism	ntr_contain12	george_hume_steuart	1
anglicanism	ntr_contain12	harold_davidson	1
anglicanism	ntr_contain12	sharon_turner	1
anglicanism	ntr_contain12	frederick_maurice	1
anglicanism	ntr_contain12	harold_macmillan	1
anglicanism	ntr_contain12	william_gregor	1
anglicanism	ntr_contain12	john_farthing	1
anglicanism	ntr_contain12	coleman_young	1
anglicanism	ntr_contain12	harriet_lane	1
anglicanism	ntr_contain12	robert_milligan_mclane	1
anglicanism	ntr_contain12	percy_w_nelles	1
anglicanism	ntr_contain12	william_darwin_fox	1
anglicanism	ntr_contain12	madeleine_lengle	1
anglicanism	ntr_contain12	benjamin_chew	1
anglicanism	ntr_contain12	alfred_moore	1
anglicanism	ntr_contain12	colin_winter	1
anglicanism	ntr_contain12	roland_michener	1
anglicanism	ntr_contain12	richard_bourke_6th_earl_of_mayo	1
anglicanism	ntr_contain12	jeremy_taylor	1
anglicanism	ntr_contain12	lewis_bernstein_namier	1
anglicanism	ntr_contain12	frederick_calvert_6th_baron_baltimore	1
anglicanism	ntr_contain12	ellen_lewis_herndon_arthur	1
anglicanism	ntr_contain12	george_whitefield	1
anglicanism	ntr_contain12	aubrey_george_spencer	1
anglicanism	ntr_contain12	vera_brittain	1
anglicanism	ntr_contain12	edward_bouverie_pusey	1
anglicanism	ntr_contain12	sidney_sonnino	1
anglicanism	ntr_contain12	charles_inglis	1
anglicanism	ntr_contain12	samuel_harsnett	1
anglicanism	ntr_contain12	vere_ponsonby_9th_earl_of_bessborough	1
anglicanism	ntr_contain12	john_w_stevenson	1
anglicanism	ntr_contain12	benjamin_disraeli_1st_earl_of_beaconsfield	1
anglicanism	ntr_contain12	philip_larkin	1
anglicanism	ntr_contain12	florence_elsie_inman	1
anglicanism	ntr_contain12	matthew_hutton	1
anglicanism	ntr_contain12	princess_alice_duchess_of_gloucester	1
anglicanism	ntr_contain12	john_alden_dix	1
anglicanism	ntr_contain12	james_whitney	1
anglicanism	ntr_contain12	charles_mathias_jr	1
anglicanism	ntr_contain12	edmund_andros	1
anglicanism	ntr_contain12	john_graham_1st_viscount_of_dundee	1
anglicanism	ntr_contain12	randall_thomas_davidson	1
anglicanism	ntr_contain12	arthur_tooth	1
anglicanism	ntr_contain12	christopher_memminger	1
anglicanism	ntr_contain12	william_laud	1
anglicanism	ntr_contain12	cosmo_lang	1
anglicanism	ntr_contain12	stanford_e_parris	1
anglicanism	ntr_contain12	james_colledge_pope	1
anglicanism	ntr_contain12	burnet_r_maybank	1
anglicanism	ntr_contain12	william_wilberforce	1
anglicanism	ntr_contain12	john_pell	1
anglicanism	ntr_contain12	a_c_benson	1
anglicanism	ntr_contain12	cathy_wayne	1
anglicanism	ntr_contain12	william_wake	1
anglicanism	ntr_contain12	frederic_thesiger_1st_viscount_chelmsford	1
anglicanism	ntr_contain12	graham_berry	1
anglicanism	ntr_contain12	alfred_perceval_graves	1
anglicanism	ntr_contain12	cary_grant	1
anglicanism	ntr_contain12	charles_simeon	1
anglicanism	ntr_contain12	william_p_fessenden	1
anglicanism	ntr_contain12	henry_chadwick_1920	1
anglicanism	ntr_contain12	john_burton_cleland	1
anglicanism	ntr_contain12	john_wilson_croker	1
anglicanism	ntr_contain12	william_mulock	1
anglicanism	ntr_contain12	john_david_eaton	1
anglicanism	ntr_contain12	franklin_murphy	1
anglicanism	ntr_contain12	gladwyn_jebb_1st_baron_gladwyn	1
anglicanism	ntr_contain12	lai_kew_chai	1
anglicanism	ntr_contain12	wendell_willkie	1
anglicanism	ntr_contain12	kamehameha_iv	1
anglicanism	ntr_contain12	henry_grattan	1
anglicanism	ntr_contain12	frances_seymour_duchess_of_somerset	1
anglicanism	ntr_contain12	william_perkins	1
anglicanism	ntr_contain12	samuel_richardson	1
anglicanism	ntr_contain12	brian_dickson	1
anglicanism	ntr_contain12	morris_maddocks	1
anglicanism	ntr_contain12	frederick_temple	1
anglicanism	ntr_contain12	james_hannington	1
anglicanism	ntr_contain12	caesar_litton_falkiner	1
anglicanism	ntr_contain12	charles_wesley	1
anglicanism	ntr_contain12	prince_arthur_duke_of_connaught_and_strathearn	1
anglicanism	ntr_contain12	william_johnstone_ritchie	1
anglicanism	ntr_contain12	augustus_short	1
anglicanism	ntr_contain12	john_flamsteed	1
anglicanism	ntr_contain12	john_pordage	1
anglicanism	ntr_contain12	isaac_barrow	1
anglicanism	ntr_contain12	wilfred_campbell	1
anglicanism	ntr_contain12	george_mackinnon_wrong	1
anglicanism	ntr_contain12	derek_pattinson	1
anglicanism	ntr_contain12	montie_ritchie	1
anglicanism	ntr_contain12	louis_macneice	1
anglicanism	ntr_contain12	thomas_arnold	1
anglicanism	ntr_contain12	jonathan_swift	1
anglicanism	ntr_contain12	alexander_campbell_1822	1
anglicanism	ntr_contain12	william_temple	1
anglicanism	ntr_contain12	john_norman_davidson_kelly	1
anglicanism	ntr_contain12	william_thomson_1st_baron_kelvin	1
anglicanism	ntr_contain12	peter_muhlenberg	1
anglicanism	ntr_contain12	john_smyth	1
anglicanism	ntr_contain12	bess_truman	1
anglicanism	ntr_contain12	thomas_laird_kennedy	1
anglicanism	ntr_contain12	nathaniel_woodard	1
anglicanism	ntr_contain12	eli_lilly	1
anglicanism	ntr_contain12	thomas_wilson_1663	1
anglicanism	ntr_contain12	william_percy_french	1
anglicanism	ntr_contain12	cab_calloway	1
anglicanism	ntr_contain12	edmund_allen_meredith	1
anglicanism	ntr_contain12	william_mcmahon	1
anglicanism	ntr_contain12	jane_austen	1
anglicanism	ntr_contain12	frank_w_higgins	1
anglicanism	ntr_contain12	henry_east_havergal	1
anglicanism	ntr_contain12	robert_emmet	1
anglicanism	ntr_contain12	arthur_penrhyn_stanley	1
anglicanism	ntr_contain12	henry_more	1
anglicanism	ntr_contain12	samuel_chase	1
anglicanism	ntr_contain12	philip_fysh	1
anglicanism	ntr_contain12	henry_scadding	1
anglicanism	ntr_contain12	robert_beaven	1
anglicanism	ntr_contain12	walter_guinness_1st_baron_moyne	1
anglicanism	ntr_contain12	gerald_l_baliles	1
anglicanism	ntr_contain12	queen_emma_of_hawaii	1
anglicanism	ntr_contain12	john_black_aird	1
anglicanism	ntr_contain12	cushman_davis	1
anglicanism	ntr_contain12	henri-gustave_joly_de_lotbiniere	1
anglicanism	ntr_contain12	stamford_raffles	1
anglicanism	ntr_contain12	richard_kleindienst	1
anglicanism	ntr_contain12	harry_marshall_erskine_evans	1
anglicanism	ntr_contain12	william_boyd_carpenter	1
anglicanism	ntr_contain12	joseph_barber_lightfoot	1
anglicanism	ntr_contain12	stanley_matthews	1
anglicanism	ntr_contain12	major_james_coldwell	1
anglicanism	ntr_contain12	edward_colston	1
anglicanism	ntr_contain12	cecil_frances_humphreys_alexander	1
anglicanism	ntr_contain12	elbridge_gerry	1
anglicanism	ntr_contain12	william_kingdon_clifford	1
anglicanism	ntr_contain12	william_whewell	1
anglicanism	ntr_contain12	john_s_beckett	1
anglicanism	ntr_contain12	thomas_osborne_davis	1
anglicanism	ntr_contain12	edward_carson_baron_carson	1
anglicanism	ntr_contain12	trevor_huddleston	1
anglicanism	ntr_contain12	charles_wood_2nd_viscount_halifax	1
anglicanism	ntr_contain12	john_heylyn	1
anglicanism	ntr_contain12	alexander_cambridge_1st_earl_of_athlone	1
anglicanism	ntr_contain12	charles_villiers_stanford	1
anglicanism	ntr_contain12	ashton_oxenden	1
anglicanism	ntr_contain12	william_whiston	1
anglicanism	ntr_contain12	f_r_scott	1
anglicanism	ntr_contain12	john_keble	1
anglicanism	ntr_contain12	horace_white	1
anglicanism	ntr_contain12	jefferson_davis	1
anglicanism	ntr_contain12	william_henry_barnum	1
anglicanism	ntr_contain12	herbert_macaulay	1
anglicanism	ntr_contain12	josefina_de_vasconcellos	1
anglicanism	ntr_contain12	caroline_chisholm	1
anglicanism	ntr_contain12	anthony_wood	1
anglicanism	ntr_contain12	john_foster_mccreight	1
anglicanism	ntr_contain12	simon_patrick	1
anglicanism	ntr_contain12	henry_dudeney	1
anglicanism	ntr_contain12	emily_murphy	1
anglicanism	ntr_contain12	y_s_rajasekhara_reddy	1
anglicanism	ntr_contain12	william_h_seward	1
anglicanism	ntr_contain12	ernest_william_barnes	1
anglicanism	ntr_contain12	charlotte_lee_lady_baltimore	1
anglicanism	ntr_contain12	w_h_auden	1
anglicanism	ntr_contain12	clement_attlee	1
anglicanism	ntr_contain12	ozias_thurston_linley	1
anglicanism	ntr_contain12	william_paley	1
anglicanism	ntr_contain12	cicely_saunders	1
anglicanism	ntr_contain12	hugh_reginald_haweis	1
anglicanism	ntr_contain12	hyman_g_rickover	1
anglicanism	ntr_contain12	thomas_hobbes	1
anglicanism	ntr_contain12	douglas_abbott	1
anglicanism	ntr_contain12	c_d_howe	1
anglicanism	ntr_contain12	william_randolph	1
anglicanism	ntr_contain12	e_w_marland	1
anglicanism	ntr_contain12	maurice_scollard_baldwin	1
anglicanism	ntr_contain12	edward_heath	1
anglicanism	ntr_contain12	alexander_heriot_mackonochie	1
anglicanism	ntr_contain12	archibald_alison	1
anglicanism	ntr_contain12	maria_francesca_rossetti	1
anglicanism	ntr_contain12	peregrine_maitland	1
anglicanism	ntr_contain12	vincent_astor	1
anglicanism	ntr_contain12	howard_w_smith	1
anglicanism	ntr_contain12	henry_sewell	1
anglicanism	ntr_contain12	richard_young_1843	1
anglicanism	ntr_contain12	john_egan	1
anglicanism	ntr_contain12	john_wesley	1
anglicanism	ntr_contain12	gilbert_sheldon	1
anglicanism	ntr_contain12	francis_bacon	1
anglicanism	ntr_contain12	sir_arthur_forwood_1st_baronet	1
anglicanism	ntr_contain12	john_williams_1582	1
anglicanism	ntr_contain12	john_alsop	1
anglicanism	ntr_contain12	james_patterson_1833	1
anglicanism	ntr_contain12	charles_sladen	1
anglicanism	ntr_contain12	george_horne	1
anglicanism	ntr_contain12	sam_steele	1
anglicanism	ntr_contain12	gilbert_hunter_doble	1
anglicanism	ntr_contain12	harold_alexander_1st_earl_alexander_of_tunis	1
anglicanism	ntr_contain12	herbert_kitchener_1st_earl_kitchener	1
anglicanism	ntr_contain12	thomas_gage	1
anglicanism	ntr_contain12	robert_raikes	1
anglicanism	ntr_contain12	james_thomas_milton_anderson	1
anglicanism	ntr_contain12	henry_venn	1
anglicanism	ntr_contain12	janani_luwum	1
anglicanism	ntr_contain12	john_charles_ryle	1
anglicanism	ntr_contain12	john_douglas_1828	1
anglicanism	ntr_contain12	tony_benn	1
anglicanism	ntr_contain12	john_trapp	1
anglicanism	ntr_contain12	arthur_guinness	1
anglicanism	ntr_contain12	thomas_d_schall	1
anglicanism	ntr_contain12	henry_pybus_bell-irving	1
anglicanism	ntr_contain12	richard_cox_1500	1
anglicanism	ntr_contain12	edward_peake	1
anglicanism	ntr_contain12	william_daniel_conybeare	1
anglicanism	ntr_contain12	wesley_fletcher_orr	1
anglicanism	ntr_contain12	george_jehoshaphat_mountain	1
anglicanism	ntr_contain12	john_mason_neale	1
anglicanism	ntr_contain12	louis_leakey	1
anglicanism	ntr_contain12	george_baring_3rd_earl_of_cromer	1
anglicanism	ntr_contain12	millard_tydings	1
anglicanism	ntr_contain12	reverend_canon_ivan_corea	1
anglicanism	ntr_contain12	aemilius_jarvis	1
anglicanism	ntr_contain12	george_gabriel_stokes	1
anglicanism	ntr_contain12	robert_gascoyne_cecil_3rd_marquess_of_salisbury	1
anglicanism	ntr_contain12	robert_baldwin	1
anglicanism	ntr_contain12	william_overton_callis	1
anglicanism	ntr_contain12	charles_calvert_5th_baron_baltimore	1
anglicanism	ntr_contain12	richard_brinsley_sheridan	1
anglicanism	ntr_contain12	richard_robinson_1st_baron_rokeby	1
anglicanism	ntr_contain12	john_bradford	1
anglicanism	ntr_contain12	eric_ambler	1
anglicanism	ntr_contain12	john_c_fremont	1
anglicanism	ntr_contain12	thomas_babington_macaulay_1st_baron_macaulay	1
anglicanism	ntr_contain12	henry_fox_1st_baron_holland	1
anglicanism	ntr_contain12	charlotte_bronte	1
anglicanism	ntr_contain12	edward_bickersteth	1
anglicanism	ntr_contain12	nichola_goddard	1
anglicanism	ntr_contain12	alan_paton	1
anglicanism	ntr_contain12	mahlon_dickerson	1
anglicanism	ntr_contain12	john_stevens_henslow	1
anglicanism	ntr_contain12	henry_baker_tristram	1
anglicanism	ntr_contain12	mary_anning	1
anglicanism	ntr_contain12	benjamin_whichcote	1
anglicanism	ntr_contain12	henry_scott_holland	1
anglicanism	ntr_contain12	william_pinkney_whyte	1
anglicanism	ntr_contain12	robert_john_eden_3rd_baron_auckland	1
anglicanism	ntr_contain12	josephine_butler	1
anglicanism	ntr_contain12	james_fairman_fielder	1
anglicanism	ntr_contain12	john_ernest_bode	1
anglicanism	ntr_contain12	lennox_robinson	1
anglicanism	ntr_contain12	john_strachan	1
anglicanism	ntr_contain12	oliver_goldsmith	1
anglicanism	ntr_contain12	john_adams_dix	1
anglicanism	ntr_contain12	louis_mountbatten_1st_earl_mountbatten_of_burma	1
anglicanism	ntr_contain12	julius_sterling_morton	1
anglicanism	ntr_contain12	robert_b_meyner	1
anglicanism	ntr_contain12	thomas_gaisford	1
anglicanism	ntr_contain12	john_butler_yeats	1
anglicanism	ntr_contain12	james_mcgill	1
anglicanism	ntr_contain12	howard_ferguson	1
anglicanism	ntr_contain12	charles_kingsley	1
anglicanism	ntr_contain12	george_grant	1
anglicanism	ntr_contain12	bram_stoker	1
anglicanism	ntr_contain12	john_montagu_4th_earl_of_sandwich	1
anglicanism	ntr_contain12	malcolm_lowry	1
anglicanism	ntr_contain12	james_oglethorpe	1
anglicanism	ntr_contain12	dr_william_smith	1
anglicanism	ntr_contain12	john_washington	1
anglicanism	ntr_contain12	william_robinson_clark	1
anglicanism	ntr_contain12	timothy_rees	1
anglicanism	ntr_contain12	cyril_jackson	1
anglicanism	ntr_contain12	frederick_w_a_g_haultain	1
anglicanism	ntr_contain12	joseph_george_cumming	1
anglicanism	ntr_contain12	healey_willan	1
anglicanism	ntr_contain12	samuel_smith_1756	1
anglicanism	ntr_contain12	john_jebb	1
anglicanism	ntr_contain12	charles_dickens	1
anglicanism	ntr_contain12	adelbert_ames	1
anglicanism	ntr_contain12	e_h_shepard	1
anglicanism	ntr_contain12	barbara_palmer_1st_duchess_of_cleveland	1
anglicanism	ntr_contain12	andrew_w_mellon	1
anglicanism	ntr_contain12	billy_bishop	1
anglicanism	ntr_contain12	john_norquay	1
anglicanism	ntr_contain12	walter_edward_foster	1
anglicanism	ntr_contain12	j_p_morgan_jr	1
anglicanism	ntr_contain12	george_keith	1
anglicanism	ntr_contain12	william_buckland	1
anglicanism	ntr_contain12	stanley_baldwin	1
anglicanism	ntr_contain12	matthew_crooks_cameron	1
anglicanism	ntr_contain12	thomas_lynch_raymond	1
anglicanism	ntr_contain12	samuel_johnson	1
anglicanism	ntr_contain12	baden_powell	1
anglicanism	ntr_contain12	william_fargo	1
anglicanism	ntr_contain12	zachary_macaulay	1
anglicanism	ntr_contain12	samuel_ajayi_crowther	1
anglicanism	ntr_contain12	edward_samuel_rogers	1
anglicanism	ntr_contain12	henry_martyn	1
anglicanism	ntr_contain12	christina_rossetti	1
anglicanism	ntr_contain12	terence_oneill	1
anglicanism	ntr_contain12	william_rush_merriam	1
anglicanism	ntr_contain12	r_s_thomas	1
anglicanism	ntr_contain12	charles_gore	1
anglicanism	ntr_contain12	george_exton_lloyd	1
anglicanism	ntr_contain12	william_carpenter_bompas	1
anglicanism	ntr_contain12	katy_french	1
anglicanism	ntr_contain12	thomas_newton	1
anglicanism	ntr_contain12	william_henry_bragg	1
anglicanism	ntr_contain12	robert_crichton_wyllie	1
anglicanism	ntr_contain12	william_charles_cotton	1
anglicanism	ntr_contain12	frances_ridley_havergal	1
anglicanism	ntr_contain12	john_archibald_campbell	1
anglicanism	ntr_contain12	richard_howell	1
anglicanism	ntr_contain12	robert_gordon_rogers	1
anglicanism	ntr_contain12	henry_stanberry	1
anglicanism	ntr_contain12	george_berkeley	1
anglicanism	ntr_contain12	robert_boyle	1
anglicanism	ntr_contain12	t_s_eliot	1
anglicanism	ntr_contain12	michael_ramsey	1
anglicanism	ntr_contain12	john_updike	1
anglicanism	ntr_contain12	olinthus_gregory	1
anglicanism	ntr_contain12	george_cornelius_gorham	1
anglicanism	ntr_contain12	james_woodforde	1
anglicanism	ntr_contain12	diana_princess_of_wales	1
anglicanism	ntr_contain12	edmund_burke	1
anglicanism	ntr_contain12	eric_williams	1
anglicanism	ntr_contain12	boyle_roche	1
anglicanism	ntr_contain12	ursula_mcconnel	1
anglicanism	ntr_contain12	thomas_heath_haviland	1
anglicanism	ntr_contain12	francis_bond_head	1
anglicanism	ntr_contain12	cyril_radcliffe_1st_viscount_radcliffe	1
anglicanism	ntr_contain12	frances_sheridan	1
anglicanism	ntr_contain12	julian_byng_1st_viscount_byng_of_vimy	1
anglicanism	ntr_contain12	jaja_wachuku	1
anglicanism	ntr_contain12	thomas_secker	1
anglicanism	ntr_contain12	arthur_lakes	1
anglicanism	ntr_contain12	mei_quong_tart	1
anglicanism	ntr_contain12	byron_white	1
anglicanism	ntr_contain12	william_howley	1
anglicanism	ntr_contain12	marie_dressler	1
anglicanism	ntr_contain12	john_keats	1
anglicanism	ntr_contain12	george_hees	1
anglicanism	ntr_contain12	larry_bagnell	1
anglicanism	ntr_contain12	charles_scrivener	1
anglicanism	ntr_contain12	robert_machray	1
anglicanism	ntr_contain12	henry_alford	1
anglicanism	ntr_contain12	robert_william_bilton_hornby	1
anglicanism	ntr_contain12	robert_marsden_hope	1
anglicanism	ntr_contain12	mazo_de_la_roche	1
anglicanism	ntr_contain12	harold_holt	1
anglicanism	ntr_contain12	thomas_b_costain	1
anglicanism	ntr_contain12	henry_addington_1st_viscount_sidmouth	1
anglicanism	ntr_contain12	benedict_calvert_4th_baron_baltimore	1
anglicanism	ntr_contain12	charles_thomas_longley	1
anglicanism	ntr_contain12	george_herbert	1
anglicanism	ntr_contain12	alexander_peacock	1
anglicanism	ntr_contain12	thruston_ballard_morton	1
anglicanism	ntr_contain12	maria_edgeworth	1
anglicanism	ntr_contain12	henry_francis_lyte	1
anglicanism	ntr_contain12	sydney_smith	1
anglicanism	ntr_contain12	walter_weston	1
anglicanism	ntr_contain12	charles_manners-sutton	1
anglicanism	ntr_contain12	capt_christopher_levett	1
anglicanism	ntr_contain12	george_orwell	1
anglicanism	ntr_contain12	louis_henry_davies	1
anglicanism	ntr_contain12	joseph_addison	1
anglicanism	ntr_contain12	samuel_pepys	1
anglicanism	ntr_contain12	thomas_cleeve	1
anglicanism	ntr_contain12	george_washington	1
anglicanism	ntr_contain12	william_webb_ellis	1
anglicanism	ntr_contain12	sir_arthur_sullivan	1
anglicanism	ntr_contain12	eric_waldram_kemp	1
anglicanism	ntr_contain12	adam_sedgwick	1
anglicanism	ntr_contain12	william_stukeley	1
anglicanism	ntr_contain12	henry_owen	1
anglicanism	ntr_contain12	james_edward_cowell_welldon	1
anglicanism	ntr_contain12	james_f_byrnes	1
anglicanism	ntr_contain12	christian_pozer	1
anglicanism	ntr_contain12	amos_edwin_botsford	1
anglicanism	ntr_contain12	thomas_cranmer	1
anglicanism	ntr_contain12	charles_roe	1
anglicanism	ntr_contain12	winston_churchill	1
anglicanism	ntr_contain12	john_gouriet	1
anglicanism	ntr_contain12	george_anthony_walkem	1
anglicanism	ntr_contain12	john_donne	1
anglicanism	ntr_contain12	thomas_jones_1756	1
anglicanism	ntr_contain12	william_nicholson_1816	1
anglicanism	ntr_contain12	thomas_cromwell_1st_earl_of_essex	1
anglicanism	ntr_contain12	john_a_macdonald	1
anglicanism	ntr_contain12	archibald_campbell_tait	1
anglicanism	ntr_contain12	william_dodd	1
anglicanism	ntr_contain12	james_rolph	1
anglicanism	ntr_contain12	chad_varah	1
anglicanism	ntr_contain12	benjamin_g_humphreys	1
anglicanism	ntr_contain12	william_oughtred	1
anglicanism	ntr_contain12	walter_evans_edge	1
anglicanism	ntr_contain12	lancelot_holland	1
anglicanism	ntr_contain12	arnold_j_toynbee	1
anglicanism	ntr_contain12	thomas_hughes	1
anglicanism	ntr_contain12	thain_wendell_macdowell	1
anglicanism	ntr_contain12	thomas_gisbourne	1
anglicanism	ntr_contain12	robert_hawker	1
anglicanism	ntr_contain12	benjamin_guinness	1
anglicanism	ntr_contain12	edward_carpenter	1
anglicanism	ntr_contain12	john_bird_sumner	1
anglicanism	ntr_contain12	nevill_francis_mott	1
anglicanism	ntr_contain12	charles_dewey_day	1
anglicanism	ntr_contain12	fred_andrew_seaton	1
anglicanism	ntr_contain12	frederick_cornwallis	1
anglicanism	ntr_contain12	robert_borden	1
anglicanism	ntr_contain12	james_ussher	1
anglicanism	ntr_contain12	william_francis_butler	1
anglicanism	ntr_contain12	john_newton_1725	1
anglicanism	ntr_contain12	richard_levett	1
anglicanism	ntr_contain12	david_lack	1
anglicanism	ntr_contain12	emily_bronte	1
anglicanism	ntr_contain12	benjamin_britten	1
anglicanism	ntr_contain12	prescott_bush	1
anglicanism	ntr_contain12	edwin_h_dodgson	1
anglicanism	ntr_contain12	richard_chenevix_trench	1
anglicanism	ntr_contain12	anthony_trollope	1
anglicanism	ntr_contain12	dolph_briscoe	1
anglicanism	ntr_contain12	john_abbott	1
anglicanism	ntr_contain12	bushrod_washington	1
anglicanism	ntr_contain12	james_shaw	1
anglicanism	ntr_contain12	charles_stewart_parnell	1
anglicanism	ntr_contain12	richard_william_church	1
anglicanism	ntr_contain12	charles_stewart_1868	1
anglicanism	ntr_contain12	william_harvey	1
anglicanism	ntr_contain12	john_potter	1
anglicanism	ntr_contain12	elizabeth_bowen	1
anglicanism	ntr_contain12	benjamin_robbins_curtis	1
anglicanism	ntr_contain12	william_ralph_inge	1
anglicanism	ntr_contain12	irene_parlby	1
anglicanism	ntr_contain12	erskine_hamilton_childers	1
anglicanism	ntr_contain12	william_haines_1810	1
anglicanism	ntr_contain12	edmund_kennedy	1
anglicanism	ntr_contain12	thomas_nettleship_staley	1
anglicanism	ntr_contain12	walter_cronkite	1
anglicanism	ntr_contain12	john_william_burgon	1
anglicanism	ntr_contain12	james_butler_knill_kelly	1
anglicanism	ntr_contain12	thomas_reibey	1
anglicanism	ntr_contain12	richard_busby	1
anglicanism	ntr_contain12	robert_runcie	1
anglicanism	ntr_contain12	c_s_lewis	1
anglicanism	ntr_contain12	benjamin_jowett	1
anglicanism	ntr_contain12	william_cowper	1
anglicanism	ntr_contain12	martha_washington	1
anglicanism	ntr_contain12	tom_denning_baron_denning	1
anglicanism	ntr_contain12	percy_dearmer	1
anglicanism	ntr_contain12	levi_p_morton	1
anglicanism	ntr_contain12	joshua_benjamin_jeyaretnam	1
anglicanism	ntr_contain12	mieczyslaw_rakowski	0
anglicanism	ntr_contain12	flannery_oconnor	0
anglicanism	ntr_contain12	arthur_wellesley_1st_duke_of_wellington	1
anglicanism	ntr_contain12	thurgood_marshall	1
anglicanism	ntr_contain12	george_salmon	1
anglicanism	ntr_contain12	rudyard_kipling	1
anglicanism	ntr_contain12	thomas_bavin	1
anglicanism	ntr_contain12	john_millington_synge	1
anglicanism	ntr_contain12	george_turner_1851	1
anglicanism	ntr_contain12	leonard_percy_de_wolfe_tilley	1
anglicanism	ntr_contain12	isaac_newton	1
anglicanism	ntr_contain12	william_ewart_gladstone	1
anglicanism	ntr_contain12	henry_parry_liddon	1
anglicanism	ntr_contain12	benjamin_thompson	1
anglicanism	ntr_contain12	richard_bland_lee	1
anglicanism	ntr_contain12	william_makepeace_thackeray	1
anglicanism	ntr_contain12	charles_darwin	1
anglicanism	ntr_contain12	miguel_de_unamuno	0
anglicanism	ntr_contain12	robert_herbert	1
anglicanism	ntr_contain12	robert_stephen_hawker	1
anglicanism	ntr_contain12	malcolm_dixon	1
anglicanism	ntr_contain12	anne_boleyn	1
anglicanism	ntr_contain12	ali_al-rida	0
anglicanism	ntr_contain12	george_abbot	1
anglicanism	ntr_contain12	alice_spencer	1
anglicanism	ntr_contain12	szolem_mandelbrojt	0
anglicanism	ntr_contain12	walter_hume_long_1st_viscount_long	1
anglicanism	ntr_contain12	john_ponet	1
anglicanism	ntr_contain12	john_osborne	1
anglicanism	ntr_contain12	margaret_taylor	1
anglicanism	ntr_contain12	j_p_morgan	1
anglicanism	ntr_contain12	hardwicke_rawnsley	1
anglicanism	ntr_contain12	richard_wurmbrand	1
anglicanism	ntr_contain12	flora_robson	1
anglicanism	ntr_contain12	frederick_falkiner	1
anglicanism	ntr_contain12	sir_william_johnson_1st_baronet	1
anglicanism	ntr_contain12	john_betjeman	1
anglicanism	ntr_contain12	john_thynne_4th_marquess_of_bath	1
anglicanism	ntr_contain12	matthew_parker	1
anglicanism	ntr_contain12	clement_freud	1
anglicanism	ntr_contain12	james_iredell	1
anglicanism	ntr_contain12	laurence_sterne	1
anglicanism	ntr_contain12	sean_ocasey	1
anglicanism	ntr_contain12	david_hartley	1
anglicanism	ntr_contain12	charlotte_mary_yonge	1
anglicanism	ntr_contain12	henry_a_wallace	1
anglicanism	ntr_contain12	richard_graves_macdonnell	1
anglicanism	ntr_contain12	william_wordsworth	1
anglicanism	ntr_contain12	william_henry_flower	1
anglicanism	ntr_contain12	james_glenn_beall	1
anglicanism	ntr_contain12	thomas_browne	1
anglicanism	ntr_contain12	carroll_a_campbell_jr	1
anglicanism	ntr_contain12	masayoshi_ohira	1
anglicanism	ntr_contain12	lloyd_lowndes_jr	1
anglicanism	ntr_contain12	marie_of_edinburgh	1
anglicanism	ntr_contain12	francisco_javier_alegre	0
anglicanism	ntr_contain12	anthony_barber_baron_barber	1
anglicanism	ntr_contain12	john_q_a_brackett	0
anglicanism	ntr_contain12	sheridan_le_fanu	1
anglicanism	ntr_contain12	aubrey_beardsley	0
anglicanism	ntr_contain12	canon_john_collins	1
anglicanism	ntr_contain12	ross_barnett	0
anglicanism	ntr_contain12	stafford_cripps	1
anglicanism	ntr_contain12	james_francis	1
anglicanism	ntr_contain12	james_challis	1
anglicanism	ntr_contain12	gunapala_piyasena_malalasekera	0
anglicanism	ntr_contain12	guglielmo_marconi	1
anglicanism	ntr_contain12	trusten_polk	1
anglicanism	ntr_contain12	edmond_halley	1
anglicanism	ntr_contain12	james_hutchison_cockburn	0
anglicanism	ntr_contain12	robert_hooke	1
anglicanism	ntr_contain12	terri_schiavo	0
anglicanism	ntr_contain12	elizabeth_i_of_england	1
anglicanism	ntr_contain12	john_coleridge_patteson	1
anglicanism	ntr_contain12	archibald_wavell_1st_earl_wavell	1
anglicanism	ntr_contain12	samuel_taylor_coleridge	1
anglicanism	ntr_contain12	john_grindrod	1
anglicanism	ntr_contain12	evelyn_underhill	1
anglicanism	ntr_contain12	patrick_bronte	1
anglicanism	ntr_contain12	edith_pargeter	1
anglicanism	ntr_contain12	george_ferguson_bowen	1
anglicanism	ntr_contain12	henry_baldwin	1
anglicanism	ntr_contain12	charles_c_stratton	1
anglo-catholicism	ntr_contain12	e_f_l_wood_1st_earl_of_halifax	1
anglo-catholicism	ntr_contain12	frank_swettenham	1
anglo-catholicism	ntr_contain12	charles_wood_2nd_viscount_halifax	1
anglo-catholicism	ntr_contain12	michel_debre	0
anglo-catholicism	ntr_contain12	benjamin_thompson	0
anglo-catholicism	ntr_contain12	louise_borgia	0
anglo-catholicism	ntr_contain12	tom_c_clark	0
anglo-catholicism	ntr_contain12	aziz_ezzat_pasha	0
anglo-catholicism	ntr_contain12	miguel_torga	0
anglo-catholicism	ntr_contain12	eduard_bok	0
anglo-catholicism	ntr_contain12	octaviano_ambrosio_larrazolo	0
anglo-catholicism	ntr_contain12	murray_rothbard	0
anglo-saxon_polytheism	ntr_contain12	eadbald_of_kent	1
anglo-saxon_polytheism	ntr_contain12	penda_of_mercia	1
anglo-saxon_polytheism	ntr_contain12	ethelbert_of_kent	1
anglo-saxon_polytheism	ntr_contain12	rocky_marciano	0
anglo-saxon_polytheism	ntr_contain12	robert_bolt	0
anglo-saxon_polytheism	ntr_contain12	muhammad_zia-ul-haq	0
anglo-saxon_polytheism	ntr_contain12	andor_lilienthal	0
anglo-saxon_polytheism	ntr_contain12	timothy_michael_healy	0
anglo-saxon_polytheism	ntr_contain12	john_thomas_caine	0
anglo-saxon_polytheism	ntr_contain12	daniel_johnson_sr	0
anglo-saxon_polytheism	ntr_contain12	khan_abdul_ghaffar_khan	0
anglo-saxon_polytheism	ntr_contain12	luca_signorelli	0
anglo-saxon_polytheism	ntr_contain12	roger_ludlow	0
anglo-saxon_polytheism	ntr_contain12	nargis	0
anglo-saxon_polytheism	ntr_contain12	harry_van_arsdale_jr	0
anglo-saxon_polytheism	ntr_contain12	adolph_frank	0
anglo-saxon_polytheism	ntr_contain12	romulo_betancourt	0
anglo-saxon_polytheism	ntr_contain12	norris_cotton	0
anglo-saxon_polytheism	ntr_contain12	heydar_aliyev	0
angola	ntr_contain5	jacinto_joao	1
angola	ntr_contain5	analia_de_victoria_pereira	1
angola	ntr_contain5	agostinho_neto	1
angola	ntr_contain5	kundan_singh_kush	0
angola	ntr_contain5	peter_minuit	0
angola	ntr_contain5	edward_plunkett_18th_baron_dunsany	0
angola	ntr_contain5	wade_h_haislip	0
angola	ntr_contain5	theodore_monod	0
angola	ntr_contain5	humphrey_duke_of_gloucester	0
angola	ntr_contain5	jabez_lamar_monroe_curry	0
angola	ntr_contain5	gian_carlo_menotti	0
angola	ntr_contain5	georg_purbach	0
angola	ntr_contain5	anna_elizabeth_klumpke	0
angola	ntr_contain5	beau_brummell	0
angola	ntr_contain5	carol_vitale	0
angola	ntr_contain5	mieczyslaw_cardinal_ledochowski	0
angola	ntr_contain5	arthur_lipsett	0
angola	ntr_contain5	william_brydon	0
angola	ntr_contain5	robert_r_reid	0
angola	ntr_contain5	grover_cleveland	0
angola	ntr_contain5	monica_dickens	0
animal_attack	ntr_contain11	alexander_i_of_greece	1
animal_attack	ntr_contain11	kenton_joel_carnegie_wolf_attack	1
animal_attack	ntr_contain11	diane_whipple	1
animal_attack	ntr_contain11	jean_batten	1
animal_attack	ntr_contain11	nikola_zrinski	1
animal_attack	ntr_contain11	timothy_treadwell	1
animal_attack	ntr_contain11	steve_irwin	1
animal_attack	ntr_contain11	cleopatra_vii_of_egypt	1
animal_attack	ntr_contain11	ada_clare	1
animal_attack	ntr_contain11	robert_de_vere_duke_of_ireland	1
animal_attack	ntr_contain11	philip_iv_of_france	1
animal_attack	ntr_contain11	patsy_cline	0
animal_attack	ntr_contain11	pat_sheehan	0
animal_attack	ntr_contain11	george_sanders	0
animal_attack	ntr_contain11	barthelemy_boganda	0
animal_attack	ntr_contain11	rowland_hussey_macy	0
animal_attack	ntr_contain11	james_a_noe	0
animal_attack	ntr_contain11	michael_landon	0
animal_attack	ntr_contain11	darius_iii_of_persia	0
animal_attack	ntr_contain11	carl_betz	0
animal_attack	ntr_contain11	johnny_warren	0
animal_attack	ntr_contain11	laird_cregar	0
animal_attack	ntr_contain11	leonard_nathan	0
animal_attack	ntr_contain11	michael_hammer	0
animator	ntr_contain6	earl_hurd	1
animator	ntr_contain6	ed_love	1
animator	ntr_contain6	joe_ranft	1
animator	ntr_contain6	payut_ngaokrachang	1
animator	ntr_contain6	friz_freleng	1
animator	ntr_contain6	faith_hubley	1
animator	ntr_contain6	milt_kahl	1
animator	ntr_contain6	milt_gross	1
animator	ntr_contain6	iwao_takamoto	1
animator	ntr_contain6	robert_mckimson	1
animator	ntr_contain6	kazuo_komatsubara	1
animator	ntr_contain6	satoshi_kon	1
animator	ntr_contain6	emile_cohl	1
animator	ntr_contain6	dick_lundy	1
animator	ntr_contain6	grim_natwick	1
animator	ntr_contain6	george_pal	1
animator	ntr_contain6	tex_avery	1
animator	ntr_contain6	william_hanna	1
animator	ntr_contain6	bill_tytla	1
animator	ntr_contain6	bob_clampett	1
animator	ntr_contain6	osamu_tezuka	1
animator	ntr_contain6	ryan_larkin	1
animator	ntr_contain6	walt_kelly	1
animator	ntr_contain6	al_eugster	1
animator	ntr_contain6	chuck_jones	1
animator	ntr_contain6	norman_mclaren	1
animator	ntr_contain6	joseph_barbera	1
animator	ntr_contain6	dr_seuss	1
animator	ntr_contain6	walter_lantz	1
animator	ntr_contain6	tatsuo_yoshida	1
animator	ntr_contain6	don_r_christensen	1
animator	ntr_contain6	ted_sears	1
animator	ntr_contain6	joshua_meador	1
animator	ntr_contain6	kihachir_kawamoto	1
animator	ntr_contain6	ward_kimball	1
animator	ntr_contain6	art_babbitt	1
animator	ntr_contain6	h_e_t_haultain	0
animator	ntr_contain6	mc_breed	0
animator	ntr_contain6	luna_leopold	0
animator	ntr_contain6	jack_mercer	1
animator	ntr_contain6	manuel_maria_ponce	0
animator	ntr_contain6	joseph_ruttenberg	0
animator	ntr_contain6	john_vachon	0
animator	ntr_contain6	john_eliot_1604	0
animator	ntr_contain6	winsor_mccay	1
animator	ntr_contain6	jared_y_sanders_sr	0
animator	ntr_contain6	sayat-nova	0
animator	ntr_contain6	shapurji_saklatvala	0
animator	ntr_contain6	parley_baer	0
animator	ntr_contain6	riza_tevfik_bolukbasi	0
animator	ntr_contain6	jacques_pierre_brissot	0
animator	ntr_contain6	thomas_addis_emmet	0
animator	ntr_contain6	richard_tregaskis	0
animator	ntr_contain6	etienne_gaboury	0
animator	ntr_contain6	frank_tashlin	1
animator	ntr_contain6	hendrik_pieter_nicolaas_muller	0
animator	ntr_contain6	walt_disney	1
animator	ntr_contain6	ub_iwerks	1
animator	ntr_contain6	john_ryan_1921	1
animator	ntr_contain6	daniel_balavoine	0
animator	ntr_contain6	franciscus_donders	0
ankara_university	ntr_contain10	necati_cumali	1
ankara_university	ntr_contain10	tahsin_ozguc	1
ankara_university	ntr_contain10	adnan_menderes	1
ankara_university	ntr_contain10	edward_rowe_snow	0
announcer	ntr_contain6	gene_wood	1
announcer	ntr_contain6	jay_stewart	1
announcer	ntr_contain6	johnny_jacobs	1
announcer	ntr_contain6	ed_mcmahon	1
announcer	ntr_contain6	gene_vincent	0
announcer	ntr_contain6	konstanty_kalinowski	0
announcer	ntr_contain6	banesh_hoffmann	0
announcer	ntr_contain6	rabindranath_tagore	0
announcer	ntr_contain6	gene_rayburn	1
announcer	ntr_contain6	joseph_caldwell	0
announcer	ntr_contain6	harold_pinter	0
announcer	ntr_contain6	gioseppe_caimo	0
announcer	ntr_contain6	pontus_hulten	0
announcer	ntr_contain6	camillo_golgi	0
announcer	ntr_contain6	carlos_ruiz_tagle	0
anthropologist	ntr_contain6	grover_krantz	1
anthropologist	ntr_contain6	francis_clark_howell	1
anthropologist	ntr_contain6	oscar_lewis	1
anthropologist	ntr_contain6	david_zolotarev	1
anthropologist	ntr_contain6	benjamin_whorf	1
anthropologist	ntr_contain6	julian_steward	1
anthropologist	ntr_contain6	edward_burnett_tylor	1
anthropologist	ntr_contain6	marvin_harris	1
anthropologist	ntr_contain6	robert_ripley	1
anthropologist	ntr_contain6	horatio_hale	1
anthropologist	ntr_contain6	edward_w_moser	1
anthropologist	ntr_contain6	w_j_mcgee	1
anthropologist	ntr_contain6	melville_j_herskovits	1
anthropologist	ntr_contain6	grafton_elliot_smith	1
anthropologist	ntr_contain6	elsie_clews_parsons	1
anthropologist	ntr_contain6	john_ogbu	1
anthropologist	ntr_contain6	florentino_ameghino	1
anthropologist	ntr_contain6	vladimir_bogoraz	1
anthropologist	ntr_contain6	dian_fossey	1
anthropologist	ntr_contain6	mary_leakey	1
anthropologist	ntr_contain6	gertrude_blom	1
anthropologist	ntr_contain6	edward_s_morse	1
anthropologist	ntr_contain6	william_bascom	1
anthropologist	ntr_contain6	clark_wissler	1
anthropologist	ntr_contain6	lewis_h_morgan	1
anthropologist	ntr_contain6	edward_t_hall	1
anthropologist	ntr_contain6	harry_hoijer	1
anthropologist	ntr_contain6	al-biruni	1
anthropologist	ntr_contain6	ruth_landes	1
anthropologist	ntr_contain6	hugo_o_engelmann	1
anthropologist	ntr_contain6	francis_la_flesche	1
anthropologist	ntr_contain6	zora_neale_hurston	1
anthropologist	ntr_contain6	franz_boas	1
anthropologist	ntr_contain6	william_graham_sumner	1
anthropologist	ntr_contain6	william_foote_whyte	1
anthropologist	ntr_contain6	margaret_murray	1
anthropologist	ntr_contain6	carlos_castaneda	1
anthropologist	ntr_contain6	clinton_hart_merriam	1
anthropologist	ntr_contain6	james_deetz	1
anthropologist	ntr_contain6	henri_breuil	1
anthropologist	ntr_contain6	j_walter_fewkes	1
anthropologist	ntr_contain6	nicholai_miklukho-maklai	1
anthropologist	ntr_contain6	elizabeth_katharine_dopp	1
anthropologist	ntr_contain6	wilson_dallam_wallis	1
anthropologist	ntr_contain6	clyde_kluckhohn	1
anthropologist	ntr_contain6	ann_dunham	1
anthropologist	ntr_contain6	morris_edward_opler	1
anthropologist	ntr_contain6	ralph_linton	1
anthropologist	ntr_contain6	paul_radin	1
anthropologist	ntr_contain6	livingston_farrand	1
anthropologist	ntr_contain6	donald_laycock	1
anthropologist	ntr_contain6	vasily_bartold	1
anthropologist	ntr_contain6	anne_chapman	1
anthropologist	ntr_contain6	zelia_nuttall	1
anthropologist	ntr_contain6	leslie_white	1
anthropologist	ntr_contain6	lucy_mair	1
anthropologist	ntr_contain6	mark_zborowski	1
anthropologist	ntr_contain6	alfred_l_kroeber	1
anthropologist	ntr_contain6	stepan_krasheninnikov	1
anthropologist	ntr_contain6	george_bird_grinnell	1
anthropologist	ntr_contain6	frederick_starr	1
anthropologist	ntr_contain6	margaret_mead	1
anthropologist	ntr_contain6	clifford_geertz	1
anthropologist	ntr_contain6	robert_ardrey	1
anthropologist	ntr_contain6	edward_sapir	1
anthropologist	ntr_contain6	stanley_marion_garn	1
anthropologist	ntr_contain6	nikolay_yakovlevich_danilevsky	1
anthropologist	ntr_contain6	afanasy_shchapov	1
anthropologist	ntr_contain6	dmitry_nikolayevich_anuchin	1
anthropologist	ntr_contain6	johann_jakob_bachofen	1
anthropologist	ntr_contain6	leopold_von_schrenck	1
anthropologist	ntr_contain6	carleton_s_coon	1
anthropologist	ntr_contain6	derek_freeman	1
anthropologist	ntr_contain6	georges_bataille	1
anthropologist	ntr_contain6	marvin_opler	1
anthropologist	ntr_contain6	william_z_ripley	1
anthropologist	ntr_contain6	maksim_kovalevsky	1
anthropologist	ntr_contain6	sidney_robertson_cowell	1
anthropologist	ntr_contain6	alan_dundes	1
anthropologist	ntr_contain6	wilton_m_krogman	1
anthropologist	ntr_contain6	alice_cunningham_fletcher	1
anthropologist	ntr_contain6	tim_asch	1
anthropologist	ntr_contain6	edgar_lee_hewett	1
anthropologist	ntr_contain6	william_henry_holmes	1
anthropologist	ntr_contain6	ruth_benedict	1
anthropologist	ntr_contain6	porphyry	0
anthropologist	ntr_contain6	ajith_kumar	0
anthropologist	ntr_contain6	william_w_chapman	0
anthropologist	ntr_contain6	jennifer_lash	0
anthropologist	ntr_contain6	lisa_a_barnett	0
anthropologist	ntr_contain6	ashley_montagu	1
anthropologist	ntr_contain6	aden_abdullah_osman_daar	0
anthropologist	ntr_contain6	randolph_stow	1
anthropologist	ntr_contain6	david_rittenhouse	0
anthropologist	ntr_contain6	christian_doppler	0
anthropologist	ntr_contain6	will_rogers	0
anthropologist	ntr_contain6	eugene_pallette	0
anthropologist	ntr_contain6	david_leslie_1953	0
anthropologist	ntr_contain6	john_w_taylor	0
anthropologist	ntr_contain6	rudolf_christoph_eucken	0
anthropologist	ntr_contain6	elizabeth_warnock_fernea	1
anthropologist	ntr_contain6	frank_piasecki	0
anthropologist	ntr_contain6	maria_czaplicka	1
anthropologist	ntr_contain6	henry_schoolcraft	1
anthropologist	ntr_contain6	john_witherspoon	0
anthropologist	ntr_contain6	raymond_dart	1
antioch_college	ntr_contain10	olympia_brown	1
antioch_college	ntr_contain10	isaac_r_sherwood	1
antioch_college	ntr_contain10	mia_zapata	1
antioch_college	ntr_contain10	stephen_jay_gould	1
antioch_college	ntr_contain10	clifford_geertz	1
antioch_college	ntr_contain10	coretta_scott_king	1
antioch_college	ntr_contain10	aloyisus_leon_higginbotham_jr	1
antioch_college	ntr_contain10	joseph_h_ball	1
antioch_college	ntr_contain10	elizabeth_clare_prophet	1
antioch_college	ntr_contain10	j_warren_keifer	1
antioch_college	ntr_contain10	elihu_s_williams	1
antioch_college	ntr_contain10	rod_serling	1
antioch_college	ntr_contain10	americus_v_rice	1
antioch_college	ntr_contain10	alfred_mirsky	0
antioch_college	ntr_contain10	joseph_campbell	0
antioch_college	ntr_contain10	arthur_harden	0
antioch_college	ntr_contain10	herb_gardner	1
antioch_college	ntr_contain10	jan_tinbergen	0
antioch_college	ntr_contain10	hugh_ferriss	0
antiquarian	ntr_contain6	thomas_pennant	1
antiquarian	ntr_contain6	anthony_wood	1
antiquarian	ntr_contain6	augustus_le_plongeon	1
antiquarian	ntr_contain6	charles_oconor	1
antiquarian	ntr_contain6	james_planche	1
antiquarian	ntr_contain6	wilfrid_michael_voynich	1
antiquarian	ntr_contain6	thomas_phillipps	1
antiquarian	ntr_contain6	steve_clark	0
antiquarian	ntr_contain6	fernando_lopes_graca	0
antiquarian	ntr_contain6	samuel_ferguson	1
antiquarian	ntr_contain6	angel_herrera_oria	0
antiquarian	ntr_contain6	sir_peter_leycester_1st_baronet	1
antiquarian	ntr_contain6	elliott_m_braxton	0
antiquarian	ntr_contain6	lawrence_bell	0
antiquarian	ntr_contain6	zachary_taylor	0
antiquarian	ntr_contain6	gary_morton	0
antiquarian	ntr_contain6	alexander_porter	0
antiquarian	ntr_contain6	james_boswell	0
antiquarian	ntr_contain6	hudson_taylor	0
antiquarian	ntr_contain6	jules_valles	0
antiquarian	ntr_contain6	colvin_r_de_silva	0
antiquarian	ntr_contain6	roy_drusky	0
aortic_aneurysm	ntr_contain11	george_c_scott	1
aortic_aneurysm	ntr_contain11	albert_einstein	1
aortic_aneurysm	ntr_contain11	vladek_sheybal	1
aortic_aneurysm	ntr_contain11	sheree_winton	0
aortic_aneurysm	ntr_contain11	allen_ludden	0
aortic_aneurysm	ntr_contain11	paul_castellano	0
aortic_aneurysm	ntr_contain11	trevor_howard	0
aortic_aneurysm	ntr_contain11	billy_the_kid	0
aortic_aneurysm	ntr_contain11	dorothy_burgess	0
aortic_aneurysm	ntr_contain11	orville_redenbacher	0
aortic_aneurysm	ntr_contain11	louis_rukeyser	0
aortic_aneurysm	ntr_contain11	alison_des_forges	0
aortic_aneurysm	ntr_contain11	leo_genn	0
aortic_aneurysm	ntr_contain11	gilbert_harding	0
aortic_aneurysm	ntr_contain11	saskia_van_uylenburg	0
aortic_aneurysm	ntr_contain11	charles_jean_marie_barbaroux	0
aortic_aneurysm	ntr_contain11	john_g_adolfi	0
aortic_aneurysm	ntr_contain11	thomas_gainsborough	0
aortic_aneurysm	ntr_contain11	claude_jade	0
aortic_aneurysm	ntr_contain11	pope_sixtus_ii	0
apoplexy	ntr_contain11	charles_le_gendre	1
apoplexy	ntr_contain11	william_h_prescott	1
apoplexy	ntr_contain11	j_stuart_blackton	0
apoplexy	ntr_contain11	jayne_mansfield	0
apoplexy	ntr_contain11	pat_roach	0
apoplexy	ntr_contain11	fernando_lamas	0
apoplexy	ntr_contain11	bert_convy	0
apoplexy	ntr_contain11	paul_rand	0
apothecary	ntr_contain6	robert_giffard_de_moncel	1
apothecary	ntr_contain6	nostradamus	1
apothecary	ntr_contain6	john_g_downey	1
apothecary	ntr_contain6	jack_kerouac	0
apothecary	ntr_contain6	conrad_busken-huet	0
apothecary	ntr_contain6	n_t_rama_rao	0
apothecary	ntr_contain6	kay_walsh	0
apothecary	ntr_contain6	oliver_wolcott_gibbs	0
apothecary	ntr_contain6	david_eccles	0
apothecary	ntr_contain6	kenny_dorham	0
apothecary	ntr_contain6	jean-leon_gerome	0
apothecary	ntr_contain6	anthony_kimmins	0
apothecary	ntr_contain6	abram_stevens_hewitt	0
apothecary	ntr_contain6	angelina_weld_grimke	0
apothecary	ntr_contain6	grace_aguilar	0
apothecary	ntr_contain6	airey_neave	0
archaeologist	ntr_contain6	henri_breuil	1
archaeologist	ntr_contain6	humfry_payne	1
archaeologist	ntr_contain6	william_henry_holmes	1
archaeologist	ntr_contain6	alfred_l_kroeber	1
archaeologist	ntr_contain6	richard_wetherill	1
archaeologist	ntr_contain6	austen_henry_layard	1
archaeologist	ntr_contain6	luther_cressman	1
archaeologist	ntr_contain6	sylvanus_morley	1
archaeologist	ntr_contain6	augustus_le_plongeon	1
archaeologist	ntr_contain6	charles_brian_montagu_mcburney	1
archaeologist	ntr_contain6	matthew_stirling	1
archaeologist	ntr_contain6	adolph_francis_alphonse_bandelier	1
archaeologist	ntr_contain6	zelia_nuttall	1
archaeologist	ntr_contain6	frederick_h_chapin	1
archaeologist	ntr_contain6	william_f_albright	1
archaeologist	ntr_contain6	daniel_garrison_brinton	1
archaeologist	ntr_contain6	kathleen_kenyon	1
archaeologist	ntr_contain6	alfred_v_kidder	1
archaeologist	ntr_contain6	e_g_squier	1
archaeologist	ntr_contain6	neil_judd	1
archaeologist	ntr_contain6	carl_blegen	1
archaeologist	ntr_contain6	thomas_jefferson	1
archaeologist	ntr_contain6	arthur_pope	1
archaeologist	ntr_contain6	sara_yorke_stevenson	1
archaeologist	ntr_contain6	j_walter_fewkes	1
archaeologist	ntr_contain6	james_henry_breasted	1
archaeologist	ntr_contain6	jj_johnson	0
archaeologist	ntr_contain6	william_thomas	0
archaeologist	ntr_contain6	eddie_guerrero	0
archaeologist	ntr_contain6	fernando_lamas	0
archaeologist	ntr_contain6	gertrud_elisabeth_mara	0
archaeologist	ntr_contain6	willis_lamb	0
archaeologist	ntr_contain6	frans_blom	1
archaeologist	ntr_contain6	horiguchi_daigaku	0
archaeologist	ntr_contain6	james_pinckney_henderson	0
archaeologist	ntr_contain6	sun_yat-sen	0
archaeologist	ntr_contain6	andre_norton	0
archaeologist	ntr_contain6	karl_benz	0
archaeologist	ntr_contain6	luigi_palma_di_cesnola	1
archaeologist	ntr_contain6	chris_kenner	0
archaeologist	ntr_contain6	edgar_lee_hewett	1
archaeologist	ntr_contain6	igor_markevitch	0
archaeologist	ntr_contain6	prosper_merimee	1
archaeologist	ntr_contain6	james_barber	0
archaeologist	ntr_contain6	william_mulloy	1
archbishop	ntr_contain6	john_grindrod	1
archbishop	ntr_contain6	gleb_botkin	1
archbishop	ntr_contain6	robert_cardinal_coffy	1
archbishop	ntr_contain6	theodor_cardinal_innitzer	1
archbishop	ntr_contain6	manuel_castro_ruiz	1
archbishop	ntr_contain6	mamie_smith	0
archbishop	ntr_contain6	samuel_bell	0
archbishop	ntr_contain6	karl_oenike	0
archbishop	ntr_contain6	arthur_alexander	0
archbishop	ntr_contain6	jerry_yulsman	0
archbishop	ntr_contain6	john_eliot	0
archbishop	ntr_contain6	sigmund_freud	0
archbishop	ntr_contain6	james_f_trotter	0
archbishop	ntr_contain6	richard_haydn	0
archbishop	ntr_contain6	r_m_hare	0
archbishop	ntr_contain6	boris_zhitkov	0
archbishop	ntr_contain6	giovanni_di_bicci_de_medici	0
archbishop	ntr_contain6	elemore_morgan_jr	0
archbishop	ntr_contain6	reinhold_gliere	0
archbishop	ntr_contain6	peter_laughner	0
archbishop	ntr_contain6	earl_dutch_clark	0
archbishop	ntr_contain6	henry_more	0
archbishop	ntr_contain6	jonathan_edwards	0
archbishop	ntr_contain6	bill_owen	0
archbishop	ntr_contain6	thea_von_harbou	0
archbishop	ntr_contain6	richey_james_edwards	0
archbishop	ntr_contain6	james_gordon_bennett_jr	0
archbishop	ntr_contain6	narayan_sanyal	0
archeologist	ntr_contain6	mary_leakey	1
archeologist	ntr_contain6	j_eric_s_thompson	1
archeologist	ntr_contain6	robert_koldewey	1
archeologist	ntr_contain6	henri_frankfort	1
archeologist	ntr_contain6	marija_gimbutas	1
archeologist	ntr_contain6	ervin_cerny	1
archeologist	ntr_contain6	melvin_dixon	0
archeologist	ntr_contain6	isaac_isaacs	0
archeologist	ntr_contain6	johann_nathanael_lieberkuhn	0
archeologist	ntr_contain6	will_keith_kellogg	0
archeologist	ntr_contain6	lloyd_richards	0
archeologist	ntr_contain6	bernie_mac	0
archeologist	ntr_contain6	james_baldwin	0
archeologist	ntr_contain6	morton_downey	0
archeologist	ntr_contain6	charmaine_dragun	0
archeologist	ntr_contain6	ambrose_bierce	0
archeologist	ntr_contain6	raimund_abraham	0
archeologist	ntr_contain6	carl_schurz	0
archeologist	ntr_contain6	del_shannon	0
archeologist	ntr_contain6	ludwig_mies_van_der_rohe	0
archeologist	ntr_contain6	johnny_coulon	0
archeologist	ntr_contain6	thomas_malthus	0
archeologist	ntr_contain6	giambattista_vico	0
archeologist	ntr_contain6	p_g_wodehouse	0
architect	ntr_contain6	henry_hobson_richardson	1
architect	ntr_contain6	frederick_william_von_erdmannsdorff	1
architect	ntr_contain6	miguel_angel_de_quevedo	1
architect	ntr_contain6	william_of_wykeham	1
architect	ntr_contain6	hans_poelzig	1
architect	ntr_contain6	mateus_fernandes	1
architect	ntr_contain6	hassan_fathy	1
architect	ntr_contain6	alfred_rosenberg	1
architect	ntr_contain6	leone_battista_alberti	1
architect	ntr_contain6	frederick_william_cumberland	1
architect	ntr_contain6	andrea_pisano	1
architect	ntr_contain6	john_francis_bentley	1
architect	ntr_contain6	charles_barry	1
architect	ntr_contain6	john_wolfe-barry	1
architect	ntr_contain6	giuseppe_valadier	1
architect	ntr_contain6	james_gibbs	1
architect	ntr_contain6	hans_van_steenwinckel	1
architect	ntr_contain6	robert_swain_peabody	1
architect	ntr_contain6	john_hawes	1
architect	ntr_contain6	reginald_blomfield	1
architect	ntr_contain6	charles_robert_cockerell	1
architect	ntr_contain6	kaare_klint	1
architect	ntr_contain6	du_an_jurkovi	1
architect	ntr_contain6	charles_rennie_mackintosh	1
architect	ntr_contain6	thouret	1
architect	ntr_contain6	rudolf_steiner	1
architect	ntr_contain6	ivan_de_collong	1
architect	ntr_contain6	maxwell_fry	1
architect	ntr_contain6	nathan_kelley	1
architect	ntr_contain6	claude_fayette_bragdon	1
architect	ntr_contain6	martino_longhi_the_younger	1
architect	ntr_contain6	colin_archer	1
architect	ntr_contain6	ange-jacques_gabriel	1
architect	ntr_contain6	charles_follen_mckim	1
architect	ntr_contain6	william_john_macquorn_rankine	1
architect	ntr_contain6	philip_rhodes	1
architect	ntr_contain6	hugh_stubbins_jr	1
architect	ntr_contain6	friedrich_adler_1827	1
architect	ntr_contain6	jorg_von_halsbach	1
architect	ntr_contain6	jacob_wrey_mould	1
architect	ntr_contain6	henry_sproatt	1
architect	ntr_contain6	william_tite	1
architect	ntr_contain6	friedrich_august_stuler	1
architect	ntr_contain6	sanderson_miller	1
architect	ntr_contain6	max_cetto	1
architect	ntr_contain6	henry_janeway_hardenbergh	1
architect	ntr_contain6	patrick_keely	1
architect	ntr_contain6	ercole_manfredi	1
architect	ntr_contain6	horace_jones	1
architect	ntr_contain6	kenton_couse	1
architect	ntr_contain6	benno_janssen	1
architect	ntr_contain6	alphonse_balat	1
architect	ntr_contain6	william_halsey_wood	1
architect	ntr_contain6	charles_a_platt	1
architect	ntr_contain6	robert_mallet_stevens	1
architect	ntr_contain6	joseph_gwilt	1
architect	ntr_contain6	john_lautner	1
architect	ntr_contain6	josef_gocar	1
architect	ntr_contain6	john_wellborn_root	1
architect	ntr_contain6	hazen_sise	1
architect	ntr_contain6	ellen_biddle_shipman	1
architect	ntr_contain6	joseph_allen_stein	1
architect	ntr_contain6	robert_mills	1
architect	ntr_contain6	joseph_urban	1
architect	ntr_contain6	robert_taylor_1714	1
architect	ntr_contain6	andreyan_zakharov	1
architect	ntr_contain6	nahum_barnet	1
architect	ntr_contain6	william_augustus_edwards	1
architect	ntr_contain6	carl_christoffer_gjorwell	1
architect	ntr_contain6	andrey_voronikhin	1
architect	ntr_contain6	vladislav_gorodetsky	1
architect	ntr_contain6	matthaus_daniel_poppelmann	1
architect	ntr_contain6	elmer_grey	1
architect	ntr_contain6	joseph_goldsborough_bruff	1
architect	ntr_contain6	george_corson	1
architect	ntr_contain6	william_wilkins_1778	1
architect	ntr_contain6	leslie_green	1
architect	ntr_contain6	philip_hardwick	1
architect	ntr_contain6	andre_godard	1
architect	ntr_contain6	william_morris	1
architect	ntr_contain6	antonio_palacios	1
architect	ntr_contain6	pierre_francois_leonard_fontaine	1
architect	ntr_contain6	bennie_gonzales	1
architect	ntr_contain6	william_rutherford_mead	1
architect	ntr_contain6	willard_t_sears	1
architect	ntr_contain6	pierre_bruno_bourla	1
architect	ntr_contain6	ong_teng_cheong	1
architect	ntr_contain6	john_hubbard_sturgis	1
architect	ntr_contain6	robert_lorimer	1
architect	ntr_contain6	giacomo_del_duca	1
architect	ntr_contain6	bernard_zehrfuss	1
architect	ntr_contain6	carlo_rossi	1
architect	ntr_contain6	peter_harrison	1
architect	ntr_contain6	robert_stacy_judd	1
architect	ntr_contain6	emile_andre	1
architect	ntr_contain6	antoni_wiwulski	1
architect	ntr_contain6	max_frisch	1
architect	ntr_contain6	enrico_marconi	1
architect	ntr_contain6	johann_friedrich_hoger	1
architect	ntr_contain6	franz_heinrich_schwechten	1
architect	ntr_contain6	santi_gucci	1
architect	ntr_contain6	charles_amos_cummings	1
architect	ntr_contain6	bartolomeo_bon	1
architect	ntr_contain6	marie_joseph_peyre	1
architect	ntr_contain6	louis_bourgeois	1
architect	ntr_contain6	harry_elte	1
architect	ntr_contain6	jules_saulnier	1
architect	ntr_contain6	carlos_raul_villanueva	1
architect	ntr_contain6	hart_wood	1
architect	ntr_contain6	mario_salvadori	1
architect	ntr_contain6	francis_fassett	1
architect	ntr_contain6	david_ewart	1
architect	ntr_contain6	johann_carl_friedrich_dauthe	1
architect	ntr_contain6	jane_drew	1
architect	ntr_contain6	william_flockton	1
architect	ntr_contain6	camillo-guarino_guarini	1
architect	ntr_contain6	antonio_visentini	1
architect	ntr_contain6	william_le_baron_jenney	1
architect	ntr_contain6	alexander_tamanian	1
architect	ntr_contain6	abbot_suger	1
architect	ntr_contain6	henry_hornbostel	1
architect	ntr_contain6	pavel_janak	1
architect	ntr_contain6	jean_prouve	1
architect	ntr_contain6	yeoville_thomason	1
architect	ntr_contain6	mario_pani	1
architect	ntr_contain6	francesco_di_giorgio	1
architect	ntr_contain6	ferdinando_sanfelice	1
architect	ntr_contain6	cristoforo_solari	1
architect	ntr_contain6	howard_van_doren_shaw	1
architect	ntr_contain6	agostino_barelli	1
architect	ntr_contain6	george_b_post	1
architect	ntr_contain6	george_strickland_kingston	1
architect	ntr_contain6	francis_fowke	1
architect	ntr_contain6	sam_stephenson	1
architect	ntr_contain6	jean_bullant	1
architect	ntr_contain6	herbert_james_rowse	1
architect	ntr_contain6	alexander_wittek	1
architect	ntr_contain6	james_hoey_craigie	1
architect	ntr_contain6	william_w_boyington	1
architect	ntr_contain6	karl_von_fischer	1
architect	ntr_contain6	j_a_chatwin	1
architect	ntr_contain6	michael_gottlieb_bindesboll	1
architect	ntr_contain6	paul_wallot	1
architect	ntr_contain6	colen_campbell	1
architect	ntr_contain6	uno_ullberg	1
architect	ntr_contain6	david_gilly	1
architect	ntr_contain6	michele_sanmichele	1
architect	ntr_contain6	thomas_rogers_kimball	1
architect	ntr_contain6	paul_tournon	1
architect	ntr_contain6	leon_benois	1
architect	ntr_contain6	aristotile_fioravanti	1
architect	ntr_contain6	matteo_civitali	1
architect	ntr_contain6	ferdinand_kramer	1
architect	ntr_contain6	johann_caspar_bagnato	1
architect	ntr_contain6	walton_danforth_stowell	1
architect	ntr_contain6	george_bahr	1
architect	ntr_contain6	bruno_paul	1
architect	ntr_contain6	mario_palanti	1
architect	ntr_contain6	giuseppe_jappelli	1
architect	ntr_contain6	clemens_holzmeister	1
architect	ntr_contain6	william_j_dodd	1
architect	ntr_contain6	otto_eugene_adams	1
architect	ntr_contain6	francois_mansart	1
architect	ntr_contain6	alexey_shchusev	1
architect	ntr_contain6	bartolommeo_berrecci	1
architect	ntr_contain6	erik_bryggman	1
architect	ntr_contain6	vitruvius	1
architect	ntr_contain6	walter_b_chambers	1
architect	ntr_contain6	claude_nicolas_ledoux	1
architect	ntr_contain6	wolf_huber	1
architect	ntr_contain6	edwin_lutyens	1
architect	ntr_contain6	austin_eldon_knowlton	1
architect	ntr_contain6	giovanni_giocondo	1
architect	ntr_contain6	jacques-francois_blondel	1
architect	ntr_contain6	nicola_sabbatini	1
architect	ntr_contain6	frank_harte	1
architect	ntr_contain6	james_augustus_suydam	1
architect	ntr_contain6	giovanni_battista_di_quadro	1
architect	ntr_contain6	emil_fahrenkamp	1
architect	ntr_contain6	james_riely_gordon	1
architect	ntr_contain6	henri_van_dievoet	1
architect	ntr_contain6	otto_wagner	1
architect	ntr_contain6	galeazzo_alessi	1
architect	ntr_contain6	horatio_greenough	1
architect	ntr_contain6	vasily_stasov	1
architect	ntr_contain6	leonhard_dientzenhofer	1
architect	ntr_contain6	kurokawa_kisho	1
architect	ntr_contain6	vladimir_tatlin	1
architect	ntr_contain6	charles_bage	1
architect	ntr_contain6	willis_polk	1
architect	ntr_contain6	wassili_luckhardt	1
architect	ntr_contain6	frederick_g_scheibler_jr	1
architect	ntr_contain6	joseph_emanuel_fischer_von_erlach	1
architect	ntr_contain6	emery_roth	1
architect	ntr_contain6	pietro_rosa	1
architect	ntr_contain6	leopold_eidlitz	1
architect	ntr_contain6	ivan_vladislavovich_zholtovsky	1
architect	ntr_contain6	emile_aillaud	1
architect	ntr_contain6	hugh_ferriss	1
architect	ntr_contain6	james_wyatt	1
architect	ntr_contain6	henry_grow	1
architect	ntr_contain6	henry_john_klutho	1
architect	ntr_contain6	poul_henningsen	1
architect	ntr_contain6	gabriel_baranovskii	1
architect	ntr_contain6	gerrit_van_arkel	1
architect	ntr_contain6	frederick_j_osterling	1
architect	ntr_contain6	eduardo_catalano	1
architect	ntr_contain6	kilian_ignac_dientzenhofer	1
architect	ntr_contain6	alfred_friedrich_bluntschli	1
architect	ntr_contain6	ludwig_forster	1
architect	ntr_contain6	george_ashlin	1
architect	ntr_contain6	clarence_w_w_mayhew	1
architect	ntr_contain6	jan_zachwatowicz	1
architect	ntr_contain6	alessandro_pasqualini	1
architect	ntr_contain6	detlef_lienau	1
architect	ntr_contain6	robin_boyd	1
architect	ntr_contain6	giulio_campi	1
architect	ntr_contain6	peter_ellis	1
architect	ntr_contain6	a_e_doyle	1
architect	ntr_contain6	john_mylne	1
architect	ntr_contain6	william_lescaze	1
architect	ntr_contain6	detmar_blow	1
architect	ntr_contain6	arnolfo_di_cambio	1
architect	ntr_contain6	arthur_h_vinal	1
architect	ntr_contain6	christian_jank	1
architect	ntr_contain6	bruce_goff	1
architect	ntr_contain6	william_strickland	1
architect	ntr_contain6	victor_steinbrueck	1
architect	ntr_contain6	juste_lisch	1
architect	ntr_contain6	s_george_curry	1
architect	ntr_contain6	enrico_zuccalli	1
architect	ntr_contain6	philip_powell	1
architect	ntr_contain6	cornelis_floris_de_vriendt	1
architect	ntr_contain6	josef_hoffmann	1
architect	ntr_contain6	albert_chase_mcarthur	1
architect	ntr_contain6	boris_iofan	1
architect	ntr_contain6	stanislaw_witkiewicz	1
architect	ntr_contain6	inigo_jones	1
architect	ntr_contain6	john_laird	1
architect	ntr_contain6	huguet	1
architect	ntr_contain6	harry_weese	1
architect	ntr_contain6	cai_xiang	1
architect	ntr_contain6	alessandro_galilei	1
architect	ntr_contain6	joseph_effner	1
architect	ntr_contain6	wirt_c_rowland	1
architect	ntr_contain6	louis_le_vau	1
architect	ntr_contain6	caspar_frederik_harsdorff	1
architect	ntr_contain6	nicodemus_tessin_the_elder	1
architect	ntr_contain6	carl_johan_cronstedt	1
architect	ntr_contain6	edmund_anscombe	1
architect	ntr_contain6	robert_reamer	1
architect	ntr_contain6	ithiel_town	1
architect	ntr_contain6	maxwell_bates	1
architect	ntr_contain6	jan_santini_aichel	1
architect	ntr_contain6	thomas_edward_collcutt	1
architect	ntr_contain6	oskar_marmorek	1
architect	ntr_contain6	willard_straight	1
architect	ntr_contain6	robert_napier	1
architect	ntr_contain6	matteo_pertsch	1
architect	ntr_contain6	misha_black	1
architect	ntr_contain6	robert_atkinson	1
architect	ntr_contain6	teofil_zebrawski	1
architect	ntr_contain6	john_douglas_architect	1
architect	ntr_contain6	gamaliel_king	1
architect	ntr_contain6	el_lissitzky	1
architect	ntr_contain6	philip_charles_hardwick	1
architect	ntr_contain6	jean_rodolphe_perronet	1
architect	ntr_contain6	franti_ek_bilek	1
architect	ntr_contain6	werner_m_moser	1
architect	ntr_contain6	lucien_weissenburger	1
architect	ntr_contain6	le_corbusier	1
architect	ntr_contain6	manuel_de_araujo_porto_alegre	1
architect	ntr_contain6	ivan_vurnik	1
architect	ntr_contain6	william_fife	1
architect	ntr_contain6	ferdinand_boberg	1
architect	ntr_contain6	henry_murphy	1
architect	ntr_contain6	henry_flitcroft	1
architect	ntr_contain6	harrison_albright	1
architect	ntr_contain6	bernardo_morando	1
architect	ntr_contain6	john_james	1
architect	ntr_contain6	vincent_harris	1
architect	ntr_contain6	john_wood_the_elder	1
architect	ntr_contain6	joseph_poelaert	1
architect	ntr_contain6	viktor_sul_i	1
architect	ntr_contain6	claude_perrault	1
architect	ntr_contain6	george_a_converse	1
architect	ntr_contain6	filippo_barigioni	1
architect	ntr_contain6	vittorio_meano	1
architect	ntr_contain6	margarete_schutte-lihotzky	1
architect	ntr_contain6	henry_vincent_hubbard	1
architect	ntr_contain6	james_stuart_1713	1
architect	ntr_contain6	eupalinos	1
architect	ntr_contain6	david_owen_dryden	1
architect	ntr_contain6	mimar_kemaleddin_bey	1
architect	ntr_contain6	auguste_perret	1
architect	ntr_contain6	jan_zawiejski	1
architect	ntr_contain6	robert_smythson	1
architect	ntr_contain6	salomon_de_bray	1
architect	ntr_contain6	daniel_marot	1
architect	ntr_contain6	alexander_mackenzie	1
architect	ntr_contain6	hector_guimard	1
architect	ntr_contain6	johann_georg_specht	1
architect	ntr_contain6	hugh_may	1
architect	ntr_contain6	alexander_beer	1
architect	ntr_contain6	batty_langley	1
architect	ntr_contain6	daniel_specklin	1
architect	ntr_contain6	edward_w_donn_jr	1
architect	ntr_contain6	francis_kimball	1
architect	ntr_contain6	diego_de_riano	1
architect	ntr_contain6	carl_haller_von_hallerstein	1
architect	ntr_contain6	c_c_kemble	1
architect	ntr_contain6	william_of_volpiano	1
architect	ntr_contain6	lorenzo_vazquez_de_segovia	1
architect	ntr_contain6	auguste_de_montferrand	1
architect	ntr_contain6	giancarlo_de_carlo	1
architect	ntr_contain6	thomas_karsten	1
architect	ntr_contain6	scopas	1
architect	ntr_contain6	pierre_paul_puget	1
architect	ntr_contain6	william_a_boring	1
architect	ntr_contain6	hannes_meyer	1
architect	ntr_contain6	thomas_sully_1855	1
architect	ntr_contain6	marcel_breuer	1
architect	ntr_contain6	buckminster_fuller	1
architect	ntr_contain6	wilson_eyre	1
architect	ntr_contain6	lieven_de_key	1
architect	ntr_contain6	nikita_lazarev	1
architect	ntr_contain6	george_devey	1
architect	ntr_contain6	myron_hunt	1
architect	ntr_contain6	pietro_belluschi	1
architect	ntr_contain6	friedrich_von_schmidt	1
architect	ntr_contain6	antoni_gaudi	1
architect	ntr_contain6	carlo_lurago	1
architect	ntr_contain6	edward_lovett_pearce	1
architect	ntr_contain6	edward_francis_searles	1
architect	ntr_contain6	john_m_lyle	1
architect	ntr_contain6	walter_netsch	1
architect	ntr_contain6	gian_lorenzo_bernini	1
architect	ntr_contain6	phil_bolger	1
architect	ntr_contain6	francis_sullivan	1
architect	ntr_contain6	harold_van_buren_magonigle	1
architect	ntr_contain6	john_mccomb_jr	1
architect	ntr_contain6	antonio_da_sangallo_the_elder	1
architect	ntr_contain6	daniel_asher_alexander	1
architect	ntr_contain6	hans_krumpper	1
architect	ntr_contain6	earl_flansburgh	1
architect	ntr_contain6	arthur_john_hope	1
architect	ntr_contain6	douglas_ellington	1
architect	ntr_contain6	georg_hermann_nicolai	1
architect	ntr_contain6	ignaz_wechselmann	1
architect	ntr_contain6	ivan_starov	1
architect	ntr_contain6	clarence_h_johnston_sr	1
architect	ntr_contain6	john_penfold	1
architect	ntr_contain6	brentwood_s_tolan	1
architect	ntr_contain6	samuel_pepys_cockerell	1
architect	ntr_contain6	john_m_van_osdel	1
architect	ntr_contain6	francois_de_cuvillies	1
architect	ntr_contain6	januarius_zick	1
architect	ntr_contain6	carl_ferdinand_langhans	1
architect	ntr_contain6	max_fabiani	1
architect	ntr_contain6	leendert_van_der_vlugt	1
architect	ntr_contain6	bertram_goodhue	1
architect	ntr_contain6	kenzo_tange	1
architect	ntr_contain6	matvey_kazakov	1
architect	ntr_contain6	donato_bramante	1
architect	ntr_contain6	nicodemus_tessin_the_younger	1
architect	ntr_contain6	alexander_zelenko	1
architect	ntr_contain6	carlo_fontana	1
architect	ntr_contain6	joachim_visconti	1
architect	ntr_contain6	r_harold_zook	1
architect	ntr_contain6	roberto_burle_marx	1
architect	ntr_contain6	rogelio_salmona	1
architect	ntr_contain6	eden_smith	1
architect	ntr_contain6	bartolomeo_della_gatta	1
architect	ntr_contain6	jacques_noel_sane	1
architect	ntr_contain6	harry_shapland_colt	1
architect	ntr_contain6	john_f_felt	1
architect	ntr_contain6	kirtland_cutter	1
architect	ntr_contain6	b_marcus_priteca	1
architect	ntr_contain6	erik_palmstedt	1
architect	ntr_contain6	harry_redfern	1
architect	ntr_contain6	matthew_brettingham	1
architect	ntr_contain6	wilhelm_kreis	1
architect	ntr_contain6	gordon_kaufmann	1
architect	ntr_contain6	william_bidlake	1
architect	ntr_contain6	carl_harleman	1
architect	ntr_contain6	jan_stuyt	1
architect	ntr_contain6	erno_goldfinger	1
architect	ntr_contain6	archibald_simpson	1
architect	ntr_contain6	harold_brakspear	1
architect	ntr_contain6	jacques_du_broeucq	1
architect	ntr_contain6	william_talman_1650	1
architect	ntr_contain6	simon_ungers	1
architect	ntr_contain6	alexander_brullov	1
architect	ntr_contain6	george_kessler	1
architect	ntr_contain6	w_h_weeks	1
architect	ntr_contain6	mary_colter	1
architect	ntr_contain6	percy_thomas	1
architect	ntr_contain6	ernest_flagg	1
architect	ntr_contain6	leonardo_da_vinci	1
architect	ntr_contain6	eugene_viollet-le-duc	1
architect	ntr_contain6	roger_pratt	1
architect	ntr_contain6	basil_spence	1
architect	ntr_contain6	hendrik_petrus_berlage	1
architect	ntr_contain6	john_hejduk	1
architect	ntr_contain6	franti_ek_lydie_gahura	1
architect	ntr_contain6	ferdinando_fuga	1
architect	ntr_contain6	james_hoban	1
architect	ntr_contain6	edgar_wood	1
architect	ntr_contain6	a_w_tillinghast	1
architect	ntr_contain6	karl_friedrich_schinkel	1
architect	ntr_contain6	norman_jaffe	1
architect	ntr_contain6	jorn_utzon	1
architect	ntr_contain6	bobby_jones	1
architect	ntr_contain6	frantisek_maxmilian_kanka	1
architect	ntr_contain6	eugene-etienne_tache	1
architect	ntr_contain6	robert_de_cotte	1
architect	ntr_contain6	zsigmond_quittner	1
architect	ntr_contain6	christian_heinrich_grosch	1
architect	ntr_contain6	vladimir_yourkevitch	1
architect	ntr_contain6	alexander_pomerantsev	1
architect	ntr_contain6	richard_jupp	1
architect	ntr_contain6	richard_norman_shaw	1
architect	ntr_contain6	francesco_maria_richini	1
architect	ntr_contain6	charles_holden	1
architect	ntr_contain6	sven_markelius	1
architect	ntr_contain6	josef_mocker	1
architect	ntr_contain6	james_trubshaw	1
architect	ntr_contain6	axel_anderberg	1
architect	ntr_contain6	raffaele_stern	1
architect	ntr_contain6	ferenc_reitter	1
architect	ntr_contain6	todd_tibbals	1
architect	ntr_contain6	lawrence_halprin	1
architect	ntr_contain6	frederick_law_olmsted	1
architect	ntr_contain6	walter_gropius	1
architect	ntr_contain6	gerard_desargues	1
architect	ntr_contain6	edward_maufe	1
architect	ntr_contain6	andrea_bregno	1
architect	ntr_contain6	william_harrison_cowlishaw	1
architect	ntr_contain6	kole_idromeno	1
architect	ntr_contain6	baldassare_peruzzi	1
architect	ntr_contain6	theodor_fischer	1
architect	ntr_contain6	egon_moller_nielsen	1
architect	ntr_contain6	stanford_white	1
architect	ntr_contain6	hidalgo_moya	1
architect	ntr_contain6	androuet_du_cerceau	1
architect	ntr_contain6	peder_vilhelm_jensen_klint	1
architect	ntr_contain6	clough_williams-ellis	1
architect	ntr_contain6	theodate_pope_riddle	1
architect	ntr_contain6	jean_baptiste_mathey	1
architect	ntr_contain6	john_m_donaldson	1
architect	ntr_contain6	pierre_lescot	1
architect	ntr_contain6	jean-jacques_lequeu	1
architect	ntr_contain6	h_chandler_egan	1
architect	ntr_contain6	giovanni_battista_vaccarini	1
architect	ntr_contain6	martin_stern_jr	1
architect	ntr_contain6	charles_baillairge	1
architect	ntr_contain6	serge_chermayeff	1
architect	ntr_contain6	alexander_mcmillan_welch	1
architect	ntr_contain6	chrystian_piotr_aigner	1
architect	ntr_contain6	john_latenser_sr	1
architect	ntr_contain6	george_henry_griebel	1
architect	ntr_contain6	joachim_carvallo	1
architect	ntr_contain6	robert_findlay	1
architect	ntr_contain6	jacques_ignace_hittorff	1
architect	ntr_contain6	david_hoadley	1
architect	ntr_contain6	j_s_siren	1
architect	ntr_contain6	starr_kempf	1
architect	ntr_contain6	william_a_thompson	1
architect	ntr_contain6	camillo_sitte	1
architect	ntr_contain6	a_h_mackmurdo	1
architect	ntr_contain6	carl_gotthard_langhans	1
architect	ntr_contain6	johann_lukas_von_hildebrandt	1
architect	ntr_contain6	juan_bautista_de_toledo	1
architect	ntr_contain6	walter_hohmann	1
architect	ntr_contain6	john_george_howard	1
architect	ntr_contain6	peter_anton_von_verschaffelt	1
architect	ntr_contain6	john_galen_howard	1
architect	ntr_contain6	henry_austin_1804	1
architect	ntr_contain6	george_d_mason	1
architect	ntr_contain6	george_fazio	1
architect	ntr_contain6	freake	1
architect	ntr_contain6	jacob_b_bakema	1
architect	ntr_contain6	jacques_benedict	1
architect	ntr_contain6	daniel_burnham	1
architect	ntr_contain6	gridley_james_fox_bryant	1
architect	ntr_contain6	giotto_di_bondone	1
architect	ntr_contain6	peter_celsing	1
architect	ntr_contain6	hermann_bolle	1
architect	ntr_contain6	pierre_jeanneret	1
architect	ntr_contain6	pier_luigi_nervi	1
architect	ntr_contain6	william_ralph_emerson	1
architect	ntr_contain6	salomon_de_brosse	1
architect	ntr_contain6	nicolai_eigtved	1
architect	ntr_contain6	louis_kahn	1
architect	ntr_contain6	johann_dientzenhofer	1
architect	ntr_contain6	donald_ray_sechrest	1
architect	ntr_contain6	nicolau_chanterene	1
architect	ntr_contain6	nicolau_nasoni	1
architect	ntr_contain6	piet_kramer	1
architect	ntr_contain6	michal_elwiro_andriolli	1
architect	ntr_contain6	filippo_terzi	1
architect	ntr_contain6	diego_siloe	1
architect	ntr_contain6	johann_joseph_couven	1
architect	ntr_contain6	carlo_maderno	1
architect	ntr_contain6	lamont_young_1851	1
architect	ntr_contain6	titus_de_bobula	1
architect	ntr_contain6	yakov_chernikhov	1
architect	ntr_contain6	antonio_corazzi	1
architect	ntr_contain6	giles_gilbert_scott	1
architect	ntr_contain6	gyula_partos	1
architect	ntr_contain6	nicolas_de_pigage	1
architect	ntr_contain6	edward_buehler_delk	1
architect	ntr_contain6	lewis_nockalls_cottingham	1
architect	ntr_contain6	eizens_laube	1
architect	ntr_contain6	germain_boffrand	1
architect	ntr_contain6	ragnar_ostberg	1
architect	ntr_contain6	theodore_ballu	1
architect	ntr_contain6	giambattista_nolli	1
architect	ntr_contain6	otto_bartning	1
architect	ntr_contain6	joseph_esherick	1
architect	ntr_contain6	leif_grung	1
architect	ntr_contain6	ernest_born	1
architect	ntr_contain6	frederick_clarendon	1
architect	ntr_contain6	silvanus_trevail	1
architect	ntr_contain6	giacomo_quarenghi	1
architect	ntr_contain6	vasili_bazhenov	1
architect	ntr_contain6	joseph_bove	1
architect	ntr_contain6	bruno_schmitz	1
architect	ntr_contain6	william_tubby	1
architect	ntr_contain6	andre_lurcat	1
architect	ntr_contain6	joseph_paxton	1
architect	ntr_contain6	james_buchanan_eads	1
architect	ntr_contain6	friedrich_gilly	1
architect	ntr_contain6	barry_byrne	1
architect	ntr_contain6	christian_frederik_hansen	1
architect	ntr_contain6	george_godwin	1
architect	ntr_contain6	jules_hardouin_mansart	1
architect	ntr_contain6	illarion_ivanov_schitz	1
architect	ntr_contain6	aarno_ruusuvuori	1
architect	ntr_contain6	sidney_lovell	1
architect	ntr_contain6	willie_park_jnr	1
architect	ntr_contain6	august_orth	1
architect	ntr_contain6	sune_lindstrom	1
architect	ntr_contain6	e_fay_jones	1
architect	ntr_contain6	francisco_salamone	1
architect	ntr_contain6	friedrich_ludwig_von_sckell	1
architect	ntr_contain6	peter_behrens	1
architect	ntr_contain6	william_hosking	1
architect	ntr_contain6	lorenzetto	1
architect	ntr_contain6	john_cliffe_watts	1
architect	ntr_contain6	donald_ross	1
architect	ntr_contain6	robert_mylne	1
architect	ntr_contain6	laurie_baker	1
architect	ntr_contain6	giovanni_buscaglione	1
architect	ntr_contain6	alejandro_chataing	1
architect	ntr_contain6	der_scutt	1
architect	ntr_contain6	nader_khalili	1
architect	ntr_contain6	pierre_charles_lenfant	1
architect	ntr_contain6	herbert_manzoni	1
architect	ntr_contain6	august_von_voit	1
architect	ntr_contain6	ian_hamilton_finlay	1
architect	ntr_contain6	richard_cromwell_carpenter	1
architect	ntr_contain6	ettore_sottsass	1
architect	ntr_contain6	e_w_pugin	1
architect	ntr_contain6	enric_miralles	1
architect	ntr_contain6	george_dance_the_younger	1
architect	ntr_contain6	richard_neutra	1
architect	ntr_contain6	arthur_joseph_davis	1
architect	ntr_contain6	josep_puig_i_cadafalch	1
architect	ntr_contain6	max_bill	1
architect	ntr_contain6	thomas_j_tolan	1
architect	ntr_contain6	beatrix_farrand	1
architect	ntr_contain6	adolf_cluss	1
architect	ntr_contain6	vyacheslav_oltarzhevsky	1
architect	ntr_contain6	herbert_baker	1
architect	ntr_contain6	banister_fletcher	1
architect	ntr_contain6	emily_helen_butterfield	1
architect	ntr_contain6	giulio_lasso	1
architect	ntr_contain6	joseph_storey	1
architect	ntr_contain6	hans_scharoun	1
architect	ntr_contain6	alexander_kaminsky	1
architect	ntr_contain6	bernardo_buontalenti	1
architect	ntr_contain6	george_fowler_jones	1
architect	ntr_contain6	charles_eliot	1
architect	ntr_contain6	samuel_mcintire	1
architect	ntr_contain6	gustav_stickley	1
architect	ntr_contain6	ludwig_wittgenstein	1
architect	ntr_contain6	olaus_rudbeck	1
architect	ntr_contain6	erwin_von_steinbach	1
architect	ntr_contain6	leandro_locsin	1
architect	ntr_contain6	lluis_domenech_i_montaner	1
architect	ntr_contain6	john_shaw_jr	1
architect	ntr_contain6	franko_luin	1
architect	ntr_contain6	antal_szkalnitzky	1
architect	ntr_contain6	julian_abele	1
architect	ntr_contain6	jakob_prandtauer	1
architect	ntr_contain6	robert_matthew	1
architect	ntr_contain6	edmund_m_wheelwright	1
architect	ntr_contain6	adolf_rading	1
architect	ntr_contain6	orazio_torriani	1
architect	ntr_contain6	gino_pollini	1
architect	ntr_contain6	richard_morris_hunt	1
architect	ntr_contain6	william_pitt	1
architect	ntr_contain6	bernardo_zenale	1
architect	ntr_contain6	hugo_haring	1
architect	ntr_contain6	william_kent	1
architect	ntr_contain6	sinan	1
architect	ntr_contain6	calvert_vaux	1
architect	ntr_contain6	charles_de_wailly	1
architect	ntr_contain6	harlan_thomas	1
architect	ntr_contain6	eliel_saarinen	1
architect	ntr_contain6	heinrich_ernst_schirmer	1
architect	ntr_contain6	james_gillespie_graham	1
architect	ntr_contain6	wells_coates	1
architect	ntr_contain6	anton_alberts	1
architect	ntr_contain6	andrea_palladio	1
architect	ntr_contain6	herbert_collins	1
architect	ntr_contain6	edmund_kirby	1
architect	ntr_contain6	goldsworthy_gurney	1
architect	ntr_contain6	ernst_sagebiel	1
architect	ntr_contain6	geza_maroti	1
architect	ntr_contain6	simon_lake	1
architect	ntr_contain6	georg_andreas_bockler	1
architect	ntr_contain6	ralph_erskine	1
architect	ntr_contain6	angiolo_mazzoni	1
architect	ntr_contain6	ventura_rodriguez	1
architect	ntr_contain6	walter_sykes_george	1
architect	ntr_contain6	john_von_collas	1
architect	ntr_contain6	manuel_tolsa	1
architect	ntr_contain6	nathan_clifford_ricker	1
architect	ntr_contain6	benedikt_rejt	1
architect	ntr_contain6	raymond_m_kennedy	1
architect	ntr_contain6	e_j_lennox	1
architect	ntr_contain6	giacomo_leoni	1
architect	ntr_contain6	alexander_vesnin	1
architect	ntr_contain6	edmund_sharpe	1
architect	ntr_contain6	arthur_erickson	1
architect	ntr_contain6	jan_kaplicky	1
architect	ntr_contain6	tachu_naito	1
architect	ntr_contain6	lewis_cubitt	1
architect	ntr_contain6	benjamin_f_isherwood	1
architect	ntr_contain6	thomas_cecil_howitt	1
architect	ntr_contain6	jean-baptiste_alexandre_le_blond	1
architect	ntr_contain6	thomas_rowe	1
architect	ntr_contain6	sverre_fehn	1
architect	ntr_contain6	john_eberson	1
architect	ntr_contain6	christopher_wren	1
architect	ntr_contain6	thomas_duff	1
architect	ntr_contain6	dominikus_zimmermann	1
architect	ntr_contain6	horace_cleveland	1
architect	ntr_contain6	frederick_gibberd	1
architect	ntr_contain6	giuseppe_puini	1
architect	ntr_contain6	nicholas_revett	1
architect	ntr_contain6	georgy_krutikov	1
architect	ntr_contain6	ernesto_basile	1
architect	ntr_contain6	norman_bel_geddes	1
architect	ntr_contain6	joze_plecnik	1
architect	ntr_contain6	william_walcot	1
architect	ntr_contain6	paul_bellot	1
architect	ntr_contain6	horia_creanga	1
architect	ntr_contain6	julian_oktawian_zachariewicz_lwigrod	1
architect	ntr_contain6	bertrand_goldberg	1
architect	ntr_contain6	erik_asmussen	1
architect	ntr_contain6	albert_tissandier	1
architect	ntr_contain6	marcello_piacentini	1
architect	ntr_contain6	giuseppe_vasi	1
architect	ntr_contain6	john_ostell	1
architect	ntr_contain6	claude_beelman	1
architect	ntr_contain6	edward_durell_stone	1
architect	ntr_contain6	paulus_moreelse	1
architect	ntr_contain6	viktor_aleksandrovic_vesnin	1
architect	ntr_contain6	john_notman	1
architect	ntr_contain6	aldo_rossi	1
architect	ntr_contain6	adolph_strauch	1
architect	ntr_contain6	thomas_hamilton	1
architect	ntr_contain6	h_chalton_bradshaw	1
architect	ntr_contain6	herbert_bayer	1
architect	ntr_contain6	brigitte_dortschy	1
architect	ntr_contain6	robert_van_t_hoff	1
architect	ntr_contain6	michel_de_klerk	1
architect	ntr_contain6	heinrich_von_ferstel	1
architect	ntr_contain6	paul_philippe_cret	1
architect	ntr_contain6	giuseppe_sacconi	1
architect	ntr_contain6	friedrich_weinbrenner	1
architect	ntr_contain6	frits_peutz	1
architect	ntr_contain6	giovanni_battista_soria	1
architect	ntr_contain6	bernardo_rossellino	1
architect	ntr_contain6	jacques_carlu	1
architect	ntr_contain6	alfred_bossom	1
architect	ntr_contain6	gunnar_asplund	1
architect	ntr_contain6	pellegrino_tibaldi	1
architect	ntr_contain6	john_burnett_parkin	1
architect	ntr_contain6	howard_dwight_smith	1
architect	ntr_contain6	john_gwynn	1
architect	ntr_contain6	john_loughborough_pearson	1
architect	ntr_contain6	antoine_derizet	1
architect	ntr_contain6	josef_stenback	1
architect	ntr_contain6	ihsan_danish	1
architect	ntr_contain6	thomas_allom	1
architect	ntr_contain6	john_s_van_bergen	1
architect	ntr_contain6	alexey_dushkin	1
architect	ntr_contain6	josef_zitek	1
architect	ntr_contain6	august_endell	1
architect	ntr_contain6	edward_clark_1822	1
architect	ntr_contain6	alden_b_dow	1
architect	ntr_contain6	luis_barragan	1
architect	ntr_contain6	karl_ernstberger	1
architect	ntr_contain6	emil_krali_ek	1
architect	ntr_contain6	josef_franke	1
architect	ntr_contain6	thomas_telford	1
architect	ntr_contain6	simon_rodia	1
architect	ntr_contain6	j_george_stewart	1
architect	ntr_contain6	kate_sessions	1
architect	ntr_contain6	isaac_newton_phelps-stokes	1
architect	ntr_contain6	francis_r_heakes	1
architect	ntr_contain6	matthias_steinl	1
architect	ntr_contain6	montgomery_c_meigs	1
architect	ntr_contain6	tielman_van_gameren	1
architect	ntr_contain6	edward_middleton_barry	1
architect	ntr_contain6	giuseppe_sardi	1
architect	ntr_contain6	geoffrey_bawa	1
architect	ntr_contain6	james_gamble_rogers	1
architect	ntr_contain6	liang_sicheng	1
architect	ntr_contain6	john_isaac_thornycroft	1
architect	ntr_contain6	alessandro_specchi	1
architect	ntr_contain6	giuliano_da_sangallo	1
architect	ntr_contain6	william_sutherland_maxwell	1
architect	ntr_contain6	vojtech_kubasta	1
architect	ntr_contain6	edward_tuckerman_potter	1
architect	ntr_contain6	rudolph_weaver	1
architect	ntr_contain6	lars_sonck	1
architect	ntr_contain6	oskar_kaufmann	1
architect	ntr_contain6	turpin_bannister	1
architect	ntr_contain6	bartolomeo_rastrelli	1
architect	ntr_contain6	elliott_woods	1
architect	ntr_contain6	arturo_caprotti	1
architect	ntr_contain6	geoffrey_jellicoe	1
architect	ntr_contain6	adalberto_libera	1
architect	ntr_contain6	viktor_hartmann	1
architect	ntr_contain6	szymon_bogumil_zug	1
architect	ntr_contain6	hans_van_steenwinckel_the_elder	1
architect	ntr_contain6	herbert_tudor_buckland	1
architect	ntr_contain6	gudjon_samuelsson	1
architect	ntr_contain6	john_nash	1
architect	ntr_contain6	guy_lowell	1
architect	ntr_contain6	abolhassan_etessami	1
architect	ntr_contain6	david_todd	1
architect	ntr_contain6	ralph_tubbs	1
architect	ntr_contain6	george_temple_poole	1
architect	ntr_contain6	joseph_lyman_silsbee	1
architect	ntr_contain6	baldassarre_lanci	1
architect	ntr_contain6	floyd_naramore	1
architect	ntr_contain6	el_greco	1
architect	ntr_contain6	santino_solari	1
architect	ntr_contain6	joseph_hansom	1
architect	ntr_contain6	francis_greenway	1
architect	ntr_contain6	thomas_w_lamb	1
architect	ntr_contain6	richard_riemerschmid	1
architect	ntr_contain6	charles_downing_lay	1
architect	ntr_contain6	odon_lechner	1
architect	ntr_contain6	welton_becket	1
architect	ntr_contain6	jean_baptiste_schacre	1
architect	ntr_contain6	william_symonds	1
architect	ntr_contain6	john_belcher	1
architect	ntr_contain6	ivan_fomin	1
architect	ntr_contain6	raymond_hood	1
architect	ntr_contain6	jean_michel_chevotet	1
architect	ntr_contain6	eduard_cuypers	1
architect	ntr_contain6	edward_blore	1
architect	ntr_contain6	eugen_sacharias	1
architect	ntr_contain6	waddy_butler_wood	1
architect	ntr_contain6	robert_rowand_anderson	1
architect	ntr_contain6	bruce_price	1
architect	ntr_contain6	charles_louis_clerisseau	1
architect	ntr_contain6	max_berg	1
architect	ntr_contain6	lorenzo_mongiardino	1
architect	ntr_contain6	ephraim_francis_baldwin	1
architect	ntr_contain6	oneil_ford	1
architect	ntr_contain6	walter_dorwin_teague	1
architect	ntr_contain6	eben_ezra_roberts	1
architect	ntr_contain6	edward_h_bennett	1
architect	ntr_contain6	gheorghe_asachi	1
architect	ntr_contain6	william_winde	1
architect	ntr_contain6	villard_de_honnecourt	1
architect	ntr_contain6	edmund_beckett_1st_baron_grimthorpe	1
architect	ntr_contain6	daniel_alexander	1
architect	ntr_contain6	ferdinand_von_arnim	1
architect	ntr_contain6	james_ingo_freed	1
architect	ntr_contain6	raymond_unwin	1
architect	ntr_contain6	frederick_marrable	1
architect	ntr_contain6	william_burges	1
architect	ntr_contain6	john_vanbrugh	1
architect	ntr_contain6	hans_price	1
architect	ntr_contain6	johann_otto_von_spreckelsen	1
architect	ntr_contain6	james_gandon	1
architect	ntr_contain6	lorenzo_maitani	1
architect	ntr_contain6	martin_haller	1
architect	ntr_contain6	josep_lluis_sert	1
architect	ntr_contain6	thomas_cubitt	1
architect	ntr_contain6	john_carr	1
architect	ntr_contain6	jacques-germain_soufflot	1
architect	ntr_contain6	pierre-louis_moreau-desproux	1
architect	ntr_contain6	ralph_hancock	1
architect	ntr_contain6	egon_eiermann	1
architect	ntr_contain6	eileen_gray	1
architect	ntr_contain6	francesco_primaticcio	1
architect	ntr_contain6	william_critchlow_harris	1
architect	ntr_contain6	vecchietta	1
architect	ntr_contain6	douglas_orr	1
architect	ntr_contain6	albert_schickedanz	1
architect	ntr_contain6	gordon_w_lloyd	1
architect	ntr_contain6	andreas_schluter	1
architect	ntr_contain6	harry_bell_measures	1
architect	ntr_contain6	william_henry_playfair	1
architect	ntr_contain6	rudolf_wels	1
architect	ntr_contain6	ivan_mashkov	1
architect	ntr_contain6	hermann_friedrich_waesemann	1
architect	ntr_contain6	robert_hooke	1
architect	ntr_contain6	trost_trost	1
architect	ntr_contain6	matthias_of_arras	1
architect	ntr_contain6	albert_anis	1
architect	ntr_contain6	gilbert_stanley_underwood	1
architect	ntr_contain6	joseph_sunlight	1
architect	ntr_contain6	olev_siinmaa	1
architect	ntr_contain6	thomas_s_tait	1
architect	ntr_contain6	gabriel_davioud	1
architect	ntr_contain6	antonin_nechodoma	1
architect	ntr_contain6	john_haviland	1
architect	ntr_contain6	frank_matcham	1
architect	ntr_contain6	paul_schultze-naumburg	1
architect	ntr_contain6	oliver_percy_bernard	1
architect	ntr_contain6	gherardo_silvani	1
architect	ntr_contain6	eladio_dieste	1
architect	ntr_contain6	george_arthur_crump	1
architect	ntr_contain6	berthold_lubetkin	1
architect	ntr_contain6	alfred_caldwell	1
architect	ntr_contain6	jacobus_oud	1
architect	ntr_contain6	george_a_fuller	1
architect	ntr_contain6	thomas_graham_jackson	1
architect	ntr_contain6	vladimir_ubic	1
architect	ntr_contain6	arduino_berlam	1
architect	ntr_contain6	kivas_tully	1
architect	ntr_contain6	william_froude	1
architect	ntr_contain6	jacques_hermant	1
architect	ntr_contain6	juan_de_herrera	1
architect	ntr_contain6	hippolyte_blanc	1
architect	ntr_contain6	edvard_ravnikar	1
architect	ntr_contain6	rosario_gagliardi	1
architect	ntr_contain6	vincenzo_sinatra	1
architect	ntr_contain6	louis-emile_bertin	1
architect	ntr_contain6	c_j_phipps	1
architect	ntr_contain6	francesco_borromini	1
architect	ntr_contain6	sigurd_lewerentz	1
architect	ntr_contain6	victor_laloux	1
architect	ntr_contain6	timothy_l_pflueger	1
architect	ntr_contain6	george_gilbert_scott	1
architect	ntr_contain6	asher_benjamin	1
architect	ntr_contain6	thomas_seaton_scott	1
architect	ntr_contain6	joseph_furttenbach	1
architect	ntr_contain6	jozef_goslawski	1
architect	ntr_contain6	thomas_rickman	1
architect	ntr_contain6	hans_auer	1
architect	ntr_contain6	charles_garnier	1
architect	ntr_contain6	nathaniel_henry_hutton	1
architect	ntr_contain6	robert_henderson_robertson	1
architect	ntr_contain6	karoly_kos	1
architect	ntr_contain6	alonzo_cano	1
architect	ntr_contain6	alberto_palacio	1
architect	ntr_contain6	joseph_michael_gandy	1
architect	ntr_contain6	gottlieb_redecker	1
architect	ntr_contain6	vasyl_krychevsky	1
architect	ntr_contain6	willey_reveley	1
architect	ntr_contain6	william_burn	1
architect	ntr_contain6	hans_vredeman_de_vries	1
architect	ntr_contain6	lloyd_wright	1
architect	ntr_contain6	robert_natus	1
architect	ntr_contain6	max_taut	1
architect	ntr_contain6	peter_candid	1
architect	ntr_contain6	pieter_post	1
architect	ntr_contain6	sidney_badgley	1
architect	ntr_contain6	eduard_van_der_null	1
architect	ntr_contain6	francis_bedford	1
architect	ntr_contain6	antonio_rinaldi	1
architect	ntr_contain6	martin_gropius	1
architect	ntr_contain6	cedric_gibbons	1
architect	ntr_contain6	german_bestelmeyer	1
architect	ntr_contain6	thomas_sandby	1
architect	ntr_contain6	roy_grounds	1
architect	ntr_contain6	robert_adam	1
architect	ntr_contain6	louis_carrogis_carmontelle	1
architect	ntr_contain6	capability_brown	1
architect	ntr_contain6	bernard_maybeck	1
architect	ntr_contain6	nathanael_herreshoff	1
architect	ntr_contain6	samuel_sanders_teulon	1
architect	ntr_contain6	lipot_baumhorn	1
architect	ntr_contain6	lewis_francis_herreshoff	1
architect	ntr_contain6	willem_marinus_dudok	1
architect	ntr_contain6	olier_mordrel	1
architect	ntr_contain6	pietro_da_cortona	1
architect	ntr_contain6	giuseppe_terragni	1
architect	ntr_contain6	aino_aalto	1
architect	ntr_contain6	giacomo_della_porta	1
architect	ntr_contain6	alexander_kokorinov	1
architect	ntr_contain6	thomas_harrison_1740	1
architect	ntr_contain6	henri_dupuy_de_lome	1
architect	ntr_contain6	thomas_henry_wyatt	1
architect	ntr_contain6	isamu_noguchi	1
architect	ntr_contain6	baldassarre_longhena	1
architect	ntr_contain6	maurice_perrault	1
architect	ntr_contain6	johannes_van_den_broek	1
architect	ntr_contain6	louis_delacenserie	1
architect	ntr_contain6	andrea_palma	1
architect	ntr_contain6	joseph_daguilar_samuda	1
architect	ntr_contain6	ernst_friedrich_zwirner	1
architect	ntr_contain6	cesar_manrique	1
architect	ntr_contain6	alexandre-theodore_brongniart	1
architect	ntr_contain6	gregory_ain	1
architect	ntr_contain6	laurent_benoit_dewez	1
architect	ntr_contain6	james_renwick_jr	1
architect	ntr_contain6	olaf_nordhagen	1
architect	ntr_contain6	p_b_chatwin	1
architect	ntr_contain6	joseph_nathaniel_french	1
architect	ntr_contain6	vilanova_artigas	1
architect	ntr_contain6	isaac_peral	1
architect	ntr_contain6	friedrich_von_gartner	1
architect	ntr_contain6	melchior_berri	1
architect	ntr_contain6	victor_baltard	1
architect	ntr_contain6	mauro_codussi	1
architect	ntr_contain6	etienne-louis_boullee	1
architect	ntr_contain6	robert_moses	1
architect	ntr_contain6	joseph_maria_olbrich	1
architect	ntr_contain6	laszlo_hudec	1
architect	ntr_contain6	jan_zaor	1
architect	ntr_contain6	trdat_the_architect	1
architect	ntr_contain6	karl_mayreder	1
architect	ntr_contain6	hermann_henselmann	1
architect	ntr_contain6	lars_backer	1
architect	ntr_contain6	roland_wank	1
architect	ntr_contain6	edgar-johan_kuusik	1
architect	ntr_contain6	ben_sayers	1
architect	ntr_contain6	vladimir_vladimirovich_sherwood	1
architect	ntr_contain6	clorindo_testa	1
architect	ntr_contain6	nicholas_stone	1
architect	ntr_contain6	emile_benard	1
architect	ntr_contain6	carlos_a_santos_viola	1
architect	ntr_contain6	frederick_law_olmsted_jr	1
architect	ntr_contain6	eero_saarinen	1
architect	ntr_contain6	norman_jewson	1
architect	ntr_contain6	john_burnet_1814	1
architect	ntr_contain6	francesco_antonio_picchiati	1
architect	ntr_contain6	jean_pierre_cluysenaer	1
architect	ntr_contain6	yevgraph_tyurin	1
architect	ntr_contain6	a_r_hye	1
architect	ntr_contain6	george_wightwick	1
architect	ntr_contain6	john_russell_pope	1
architect	ntr_contain6	friedrich_hitzig	1
architect	ntr_contain6	truman_o_angell	1
architect	ntr_contain6	enrico_del_debbio	1
architect	ntr_contain6	harry_vardon	1
architect	ntr_contain6	ralph_rapson	1
architect	ntr_contain6	carlo_marchionni	1
architect	ntr_contain6	giorgio_vasari	1
architect	ntr_contain6	carlo_scarpa	1
architect	ntr_contain6	julia_morgan	1
architect	ntr_contain6	peter_hemingway	1
architect	ntr_contain6	rudolf_wolters	1
architect	ntr_contain6	minoru_yamasaki	1
architect	ntr_contain6	philip_johnson	1
architect	ntr_contain6	george_basevi	1
architect	ntr_contain6	domenico_fontana	1
architect	ntr_contain6	pierre_adrien_paris	1
architect	ntr_contain6	franz_beer	1
architect	ntr_contain6	josiah_fox	1
architect	ntr_contain6	juan_antonio_buschiazzo	1
architect	ntr_contain6	edmund_woolley	1
architect	ntr_contain6	frederick_bligh_bond	1
architect	ntr_contain6	louis_jean_desprez	1
architect	ntr_contain6	nora_stanton_blatch_barney	1
architect	ntr_contain6	arthur_blomfield	1
architect	ntr_contain6	franz_anton_bagnato	1
architect	ntr_contain6	john_scott_russell	1
architect	ntr_contain6	camillo_boito	1
architect	ntr_contain6	alexey_gornostaev	1
architect	ntr_contain6	alfred_grenander	1
architect	ntr_contain6	william_haywood_friba	1
architect	ntr_contain6	richard_upjohn	1
architect	ntr_contain6	walter_liberty_vernon	1
architect	ntr_contain6	constant_desire_despradelles	1
architect	ntr_contain6	karl_blank	1
architect	ntr_contain6	ilija_arnautovic	1
architect	ntr_contain6	alexander_jackson_davis	1
architect	ntr_contain6	hans_luckhardt	1
architect	ntr_contain6	theophil_freiherr_von_hansen	1
architect	ntr_contain6	robert_smirke	1
architect	ntr_contain6	frederick_william_stevens	1
architect	ntr_contain6	paul_abadie	1
architect	ntr_contain6	luigi_vanvitelli	1
architect	ntr_contain6	ernest_cormier	1
architect	ntr_contain6	william_chadwell_mylne	1
architect	ntr_contain6	hugo_eberhardt	1
architect	ntr_contain6	anton_pilgram	1
architect	ntr_contain6	george_oatley	1
architect	ntr_contain6	eduard_knoblauch	1
architect	ntr_contain6	jakub_krcin	1
architect	ntr_contain6	arnost_wiesner	1
architect	ntr_contain6	william_saunders	1
architect	ntr_contain6	george_edmund_street	1
architect	ntr_contain6	carlo_mollino	1
architect	ntr_contain6	jozsef_hild	1
architect	ntr_contain6	lewis_nixon_1861	1
architect	ntr_contain6	albert_speer	1
architect	ntr_contain6	isambard_kingdom_brunel	1
architect	ntr_contain6	charles_henry_driver	1
architect	ntr_contain6	robert_koldewey	1
architect	ntr_contain6	george_washington_smith	1
architect	ntr_contain6	emmanuel_here_de_corny	1
architect	ntr_contain6	philibert_de_lorme	1
architect	ntr_contain6	ignac_alpar	1
architect	ntr_contain6	antoine_lepautre	1
architect	ntr_contain6	john_foster	1
architect	ntr_contain6	giulio_romano	1
architect	ntr_contain6	afanasy_grigoriev	1
architect	ntr_contain6	simone_del_pollaiolo	1
architect	ntr_contain6	erich_jacoby	1
architect	ntr_contain6	nicolo_pacassi	1
architect	ntr_contain6	pierre_cuypers	1
architect	ntr_contain6	matheus_de_layens	1
architect	ntr_contain6	william_appleton_potter	1
architect	ntr_contain6	john_foulston	1
architect	ntr_contain6	charles_percier	1
architect	ntr_contain6	paul_giesler	1
architect	ntr_contain6	kunio_maekawa	1
architect	ntr_contain6	jacopo_sansovino	1
architect	ntr_contain6	martti_valikangas	1
architect	ntr_contain6	william_thornton	1
architect	ntr_contain6	anthony_salvin	1
architect	ntr_contain6	giovanni_antonio_viscardi	1
architect	ntr_contain6	dionicio_rodriguez	1
architect	ntr_contain6	guglielmo_agnelli	1
architect	ntr_contain6	friedrich_burklein	1
architect	ntr_contain6	charles_dyer	1
architect	ntr_contain6	antonio_santelia	1
architect	ntr_contain6	francis_johnson_1760	1
architect	ntr_contain6	john_wood_the_younger	1
architect	ntr_contain6	donal_mclaughlin	1
architect	ntr_contain6	william_h_willcox	1
architect	ntr_contain6	george_meikle_kemp	1
architect	ntr_contain6	fyodor_schechtel	1
architect	ntr_contain6	john_william_simpson	1
architect	ntr_contain6	juan_bautista_villalpando	1
architect	ntr_contain6	konstantin_thon	1
architect	ntr_contain6	john_prichard	1
architect	ntr_contain6	gerrit_rietveld	1
architect	ntr_contain6	fernando_belaunde_terry	1
architect	ntr_contain6	walter_burley_griffin	1
architect	ntr_contain6	cesare_cesariano	1
architect	ntr_contain6	jan_wils	1
architect	ntr_contain6	william_chambers	1
architect	ntr_contain6	hippodamus_of_miletus	1
architect	ntr_contain6	victor_louis	1
architect	ntr_contain6	basil_champneys	1
architect	ntr_contain6	aloisio_the_new	1
architect	ntr_contain6	francesco_sabatini	1
architect	ntr_contain6	decimus_burton	1
architect	ntr_contain6	carlos_thays	1
architect	ntr_contain6	hermann_finsterlin	1
architect	ntr_contain6	william_w_bosworth	1
architect	ntr_contain6	alonso_berruguete	1
architect	ntr_contain6	gunter_behnisch	1
architect	ntr_contain6	bohuslav_fuchs	1
architect	ntr_contain6	leo_von_klenze	1
architect	ntr_contain6	raimondo_tommaso_daronco	1
architect	ntr_contain6	john_philip_holland	1
architect	ntr_contain6	john_claudius_loudon	1
architect	ntr_contain6	edward_vason_jones	1
architect	ntr_contain6	hendrick_de_keyser	1
architect	ntr_contain6	giovanni_branca	1
architect	ntr_contain6	alajos_hauszmann	1
architect	ntr_contain6	isaac_ware	1
architect	ntr_contain6	frank_baines	1
architect	ntr_contain6	thomas_u_walter	1
architect	ntr_contain6	fritz_bornemann	1
architect	ntr_contain6	gordon_bunshaft	1
architect	ntr_contain6	james_robert_rhind	1
architect	ntr_contain6	alexander_parris	1
architect	ntr_contain6	william_adams_delano	1
architect	ntr_contain6	harald_deilmann	1
architect	ntr_contain6	georg_wenzeslaus_von_knobelsdorff	1
architect	ntr_contain6	herbert_horne	1
architect	ntr_contain6	paul_williams_1894	1
architect	ntr_contain6	viktor_rumpelmayer	1
architect	ntr_contain6	charles_b_atwood	1
architect	ntr_contain6	ernest_george	1
architect	ntr_contain6	antonin_raymond	1
architect	ntr_contain6	ion_mincu	1
architect	ntr_contain6	amenhotep_son_of_hapu	1
architect	ntr_contain6	takeda_ayasaburo	1
architect	ntr_contain6	claude_vasconi	1
architect	ntr_contain6	george_tattersall	1
architect	ntr_contain6	john_mead_howells	1
architect	ntr_contain6	willard_m_mitchell	1
architect	ntr_contain6	jacques_lemercier	1
architect	ntr_contain6	edward_buckton_lamb	1
architect	ntr_contain6	vedat_dalokay	1
architect	ntr_contain6	heino_schmieden	1
architect	ntr_contain6	charles_willard_moore	1
architect	ntr_contain6	david_hamilton_1768	1
architect	ntr_contain6	augustus_pugin	1
architect	ntr_contain6	tommaso_francini	1
architect	ntr_contain6	eugene_vallin	1
architect	ntr_contain6	john_j_wafering	1
architect	ntr_contain6	nils_slaatto	1
architect	ntr_contain6	balthasar_neumann	1
architect	ntr_contain6	thomas_archer	1
architect	ntr_contain6	charles_luckman	1
architect	ntr_contain6	vertner_tandy	1
architect	ntr_contain6	ammi_b_young	1
architect	ntr_contain6	cosmas_damian_asam	1
architect	ntr_contain6	william_bruce	1
architect	ntr_contain6	howard_greenley	1
architect	ntr_contain6	samuel_sloan	1
architect	ntr_contain6	patroklos_karantinos	1
architect	ntr_contain6	john_calvin_stevens	1
architect	ntr_contain6	jens_kielland	1
architect	ntr_contain6	michelozzo	1
architect	ntr_contain6	maximilian_emil_hehl	1
architect	ntr_contain6	ilya_golosov	1
architect	ntr_contain6	olof_hanson	1
architect	ntr_contain6	william_vertue	1
architect	ntr_contain6	cass_gilbert	1
architect	ntr_contain6	wallace_harrison	1
architect	ntr_contain6	ernst_ziller	1
architect	ntr_contain6	george_wyman	1
architect	ntr_contain6	alessandro_antonelli	1
architect	ntr_contain6	karl_freiherr_von_hasenauer	1
architect	ntr_contain6	andrew_jackson_downing	1
architect	ntr_contain6	berend_tobia_boeyinga	1
architect	ntr_contain6	charles_bateman	1
architect	ntr_contain6	jan_kotera	1
architect	ntr_contain6	paul_bonatz	1
architect	ntr_contain6	george_grey_wornum	1
architect	ntr_contain6	thomas_fuller_1823	1
architect	ntr_contain6	robert_lawson_1833	1
architect	ntr_contain6	william_wurster	1
architect	ntr_contain6	heinrich_tessenow	1
architect	ntr_contain6	owen_jones	1
architect	ntr_contain6	filippo_juvarra	1
architect	ntr_contain6	elmar_lohk	1
architect	ntr_contain6	viljo_revell	1
architect	ntr_contain6	archibald_leitch	1
architect	ntr_contain6	pierre_contant_divry	1
architect	ntr_contain6	cesar_martinell_i_brunet	1
architect	ntr_contain6	charles_collier_michell	1
architect	ntr_contain6	henri_labrouste	1
architect	ntr_contain6	benedetto_briosco	1
architect	ntr_contain6	ernest_gimson	1
architect	ntr_contain6	isaiah_rogers	1
architect	ntr_contain6	max_abramovitz	1
architect	ntr_contain6	ilya_bondarenko	1
architect	ntr_contain6	louis_sullivan	1
architect	ntr_contain6	george_w_keller	1
architect	ntr_contain6	edouard_andre	1
architect	ntr_contain6	irving_gill	1
architect	ntr_contain6	ernst_may	1
architect	ntr_contain6	samuel_hannaford	1
architect	ntr_contain6	lev_kekushev	1
architect	ntr_contain6	mario_j_ciampi	1
architect	ntr_contain6	albert_aalbers	1
architect	ntr_contain6	henry_van_de_velde	1
architect	ntr_contain6	charles_babcock	1
architect	ntr_contain6	jakob_heilmann	1
architect	ntr_contain6	arthur_brown_jr	1
architect	ntr_contain6	michelangelo	1
architect	ntr_contain6	henry_ives_cobb	1
architect	ntr_contain6	cosimo_fanzago	1
architect	ntr_contain6	antonio_da_sangallo_the_younger	1
architect	ntr_contain6	louis_michel_thibault	1
architect	ntr_contain6	carl_humann	1
architect	ntr_contain6	horace_trumbauer	1
architect	ntr_contain6	henry_bacon	1
architect	ntr_contain6	ralph_adams_cram	1
architect	ntr_contain6	ernest_hebrard	1
architect	ntr_contain6	george_w_maher	1
architect	ntr_contain6	ellis_f_lawrence	1
architect	ntr_contain6	alar_kotli	1
architect	ntr_contain6	lina_bo_bardi	1
architect	ntr_contain6	john_a_lankford	1
architect	ntr_contain6	richard_boyle_3rd_earl_of_burlington	1
architect	ntr_contain6	josep_maria_jujol	1
architect	ntr_contain6	benjamin_mountfort	1
architect	ntr_contain6	emory_s_land	1
architect	ntr_contain6	aston_webb	1
architect	ntr_contain6	ronald_thom	1
architect	ntr_contain6	jesse_hartley	1
architect	ntr_contain6	cuthbert_brodrick	1
architect	ntr_contain6	walter_travis	1
architect	ntr_contain6	solon_spencer_beman	1
architect	ntr_contain6	giovan_battista_aleotti	1
architect	ntr_contain6	jacob_van_campen	1
architect	ntr_contain6	max_littmann	1
architect	ntr_contain6	peter_dickinson_1925	1
architect	ntr_contain6	filippo_brunelleschi	1
architect	ntr_contain6	henry_klumb	1
architect	ntr_contain6	tatsuno_kingo	1
architect	ntr_contain6	joaquin_toesca	1
architect	ntr_contain6	henry_hoare	1
architect	ntr_contain6	stanislaw_wyspianski	1
architect	ntr_contain6	john_yenn	1
architect	ntr_contain6	peter_joseph_lenne	1
architect	ntr_contain6	leslie_martin	1
architect	ntr_contain6	eugene_mcallaster	1
architect	ntr_contain6	jeffry_wyattville	1
architect	ntr_contain6	harold_jug_mcspaden	1
architect	ntr_contain6	wilhelm_dorpfeld	1
architect	ntr_contain6	sebastiano_serlio	1
architect	ntr_contain6	william_channing_whitney	1
architect	ntr_contain6	nicolas_le_camus_de_mezieres	1
architect	ntr_contain6	addison_mizner	1
architect	ntr_contain6	werner_march	1
architect	ntr_contain6	hermann_muthesius	1
architect	ntr_contain6	bartolomeo_ammanati	1
architect	ntr_contain6	ivar_tengbom	1
architect	ntr_contain6	kry_tof_dientzenhofer	1
architect	ntr_contain6	william_wardell	1
architect	ntr_contain6	jose_benito_de_churriguera	1
architect	ntr_contain6	gertrude_jekyll	1
architect	ntr_contain6	theo_van_doesburg	1
architect	ntr_contain6	roland_rainer	1
architect	ntr_contain6	willem_boy	1
architect	ntr_contain6	giacomo_barozzi_da_vignola	1
architect	ntr_contain6	william_pereira	1
architect	ntr_contain6	bogdan_bogdanovic	1
architect	ntr_contain6	macy_dubois	1
architect	ntr_contain6	arieh_sharon	1
architect	ntr_contain6	thomas_alexander_tefft	1
architect	ntr_contain6	oswald_mathias_ungers	1
architect	ntr_contain6	andrew_willatsen	1
architect	ntr_contain6	ninian_comper	1
architect	ntr_contain6	laurynas_gucevicius	1
architect	ntr_contain6	charles_cameron	1
architect	ntr_contain6	ogden_codman_jr	1
architect	ntr_contain6	baghdasar_arzoumanian	1
architect	ntr_contain6	bela_gerster	1
architect	ntr_contain6	hakon_ahlberg	1
architect	ntr_contain6	charles_francis_hansom	1
architect	ntr_contain6	robert_lewis_roumieu	1
architect	ntr_contain6	giovanni_niccolo_servandoni	1
architect	ntr_contain6	vojteh_ravnikar	1
architect	ntr_contain6	johann_bernhard_fischer_von_erlach	1
architect	ntr_contain6	frank_lloyd_wright	1
architect	ntr_contain6	gottfried_semper	1
architect	ntr_contain6	benjamin_latrobe	1
architect	ntr_contain6	alvar_aalto	1
architect	ntr_contain6	tilman_francois_suys	1
architect	ntr_contain6	ivan_sergei_kuznetsov	1
architect	ntr_contain6	giuseppe_mengoni	1
architect	ntr_contain6	paul_troost	1
architect	ntr_contain6	isak_gustaf_clason	1
architect	ntr_contain6	alfred_b_mullett	1
architect	ntr_contain6	miklos_ybl	1
architect	ntr_contain6	benjamin_dean_wyatt	1
architect	ntr_contain6	pacello_da_mercogliano	1
architect	ntr_contain6	john_kellum	1
architect	ntr_contain6	bastard_brothers	1
architect	ntr_contain6	edward_james	1
architect	ntr_contain6	mart_stam	1
architect	ntr_contain6	elijah_e_myers	1
architect	ntr_contain6	piet_blom	1
architect	ntr_contain6	ely_jacques_kahn	1
architect	ntr_contain6	morris_lapidus	1
architect	ntr_contain6	alfred_waterhouse	1
architect	ntr_contain6	bruno_taut	1
architect	ntr_contain6	giorgio_orsini_-_juraj_dalmatinac	1
architect	ntr_contain6	johann_christoph_glaubitz	1
architect	ntr_contain6	su_song	1
architect	ntr_contain6	giovanni_battista_crespi	1
architect	ntr_contain6	william_gray_purcell	1
architect	ntr_contain6	wilhelm_riphahn	1
architect	ntr_contain6	filarete	1
architect	ntr_contain6	carl_ludvig_engel	1
architect	ntr_contain6	alexander_thomson	1
architect	ntr_contain6	joseph_bazalgette	1
architect	ntr_contain6	richard_mique	1
architect	ntr_contain6	alexei_krylov	1
architect	ntr_contain6	heinrich_hubsch	1
architect	ntr_contain6	harry_seidler	1
architect	ntr_contain6	yan_liben	1
architect	ntr_contain6	robert_maillart	1
architect	ntr_contain6	baccio_dagnolo	1
architect	ntr_contain6	conde_mccullough	1
architect	ntr_contain6	hermann_von_puckler-muskau	1
architect	ntr_contain6	martin_elsaesser	1
architect	ntr_contain6	erich_mendelsohn	1
architect	ntr_contain6	gerard_antoni_ciolek	1
architect	ntr_contain6	hannes_lintl	1
architect	ntr_contain6	hanns_hopp	1
architect	ntr_contain6	john_soane	1
architect	ntr_contain6	frank_furness	1
architect	ntr_contain6	enric_sagnier	1
architect	ntr_contain6	bedrich_smetana	0
architect	ntr_contain6	william_thorold	1
architect	ntr_contain6	greene_and_greene	1
architect	ntr_contain6	iannis_xenakis	1
architect	ntr_contain6	carlo_rainaldi	1
architect	ntr_contain6	imre_steindl	1
architect	ntr_contain6	john_turtle_wood	1
architect	ntr_contain6	salomon_de_caus	1
architect	ntr_contain6	william_thomas	1
architect	ntr_contain6	pierre_koenig	1
architect	ntr_contain6	vladimir_shukhov	1
architect	ntr_contain6	william_adam	1
architect	ntr_contain6	andrea_briosco	1
architect	ntr_contain6	robert_long_utrecht	0
architect	ntr_contain6	isak_dinesen	0
architect	ntr_contain6	paul_rudolph	1
architect	ntr_contain6	bruce_graham	1
architect	ntr_contain6	william_robert_ware	1
architect	ntr_contain6	tom_morris_sr	1
architect	ntr_contain6	dankmar_adler	1
architect	ntr_contain6	luigi_manini	1
architect	ntr_contain6	dan_kiley	1
architect	ntr_contain6	felix_candela	1
architect	ntr_contain6	andrei_shtakenschneider	1
architect	ntr_contain6	hedy_lamarr	0
architect	ntr_contain6	josefina_pla	0
architect	ntr_contain6	domenico_giliardi	1
architect	ntr_contain6	victor_horta	1
architect	ntr_contain6	charles_b_macdonald	1
architect	ntr_contain6	andrea_pozzo	1
architect	ntr_contain6	sidney_eisenshtat	1
architect	ntr_contain6	william_fairbairn	1
architect	ntr_contain6	deodat_del_monte	1
architect	ntr_contain6	konstantin_melnikov	1
architect	ntr_contain6	edward_william_godwin	1
architect	ntr_contain6	santi_di_tito	1
architect	ntr_contain6	charles_bulfinch	1
architect	ntr_contain6	frank_darling	1
architect	ntr_contain6	j_stuart_blackton	0
architect	ntr_contain6	dmitry_ukhtomsky	1
architect	ntr_contain6	francis_petre	1
architect	ntr_contain6	bill_flynn	0
architect	ntr_contain6	ludwig_persius	1
architect	ntr_contain6	edgar_lee_masters	0
architect	ntr_contain6	juan_ogorman	1
architect	ntr_contain6	mikhail_eisenstein	1
architect	ntr_contain6	raimund_abraham	1
architect	ntr_contain6	marion_mahony_griffin	1
architect	ntr_contain6	rudolf_schindler	1
architect	ntr_contain6	luigi_canina	1
architect	ntr_contain6	kenneth_odonnell	0
architect	ntr_contain6	paul_laszlo	1
architect	ntr_contain6	antonin_proust	0
architect	ntr_contain6	albert_kahn	1
architect	ntr_contain6	george_henry_white	0
architect	ntr_contain6	siegfried_dehn	0
architect	ntr_contain6	adolf_loos	1
architect	ntr_contain6	clarence_w_wigington	1
architect	ntr_contain6	neel_reid	1
architect	ntr_contain6	nikolai_nikitin	1
architect	ntr_contain6	antonio_aguilar	0
architect	ntr_contain6	henry_aldrich	1
architect	ntr_contain6	juan_valera_y_alcala_galiano	0
architect	ntr_contain6	john_a_roebling	1
architect	ntr_contain6	fritz_schumacher	1
architect	ntr_contain6	alexander_ralston	1
architect	ntr_contain6	homer_n_wallin	1
architect	ntr_contain6	vincenzo_scamozzi	1
architect	ntr_contain6	cyril_power	1
architect	ntr_contain6	ludwig_mies_van_der_rohe	1
architect	ntr_contain6	constantin_lipsius	1
architect	ntr_contain6	bruno_zevi	1
architect	ntr_contain6	john_henry_chamberlain	1
architect	ntr_contain6	affonso_eduardo_reidy	1
architect	ntr_contain6	johann_michael_fischer	1
architect	ntr_contain6	thomas_hastings	1
architect	ntr_contain6	william_henry_white	1
architect	ntr_contain6	jean_de_bodt	1
architect	ntr_contain6	rosario_candela	1
architect	ntr_contain6	alfred_hajos	1
architect	ntr_contain6	pirro_ligorio	1
architect	ntr_contain6	thomas_jefferson	1
architect	ntr_contain6	william_van_alen	1
architect	ntr_contain6	fyodor_gornostaev	1
architect	ntr_contain6	nathaniel_jeremiah_bradlee	1
architect	ntr_contain6	yrjo_lindegren	1
architect	ntr_contain6	paul_ludwig_simon	1
architect	ntr_contain6	john_poulson	1
architect	ntr_contain6	stefano_ittar	1
architect	ntr_contain6	william_butterfield	1
architect	ntr_contain6	thomas_de_keyser	1
architect	ntr_contain6	victor_pasmore	1
architect	ntr_contain6	joseph_luns	0
architect	ntr_contain6	etienne_gaboury	1
architect	ntr_contain6	georg_steenke	1
architect	ntr_contain6	charles_lanyon	1
architect	ntr_contain6	james_stirling_1926	1
architect	ntr_contain6	walker_o_cain	1
architect	ntr_contain6	jean_chalgrin	1
architect	ntr_contain6	arne_jacobsen	1
architect	ntr_contain6	theophilus_parsons_chandler_jr	1
architect	ntr_contain6	siegmund_lubin	0
architect	ntr_contain6	carl_westman	1
architect	ntr_contain6	francis_marion_stokes	1
architect	ntr_contain6	vespasian	0
architect	ntr_contain6	robert_vorhoelzer	1
architect	ntr_contain6	riza_tevfik_bolukbasi	0
architect	ntr_contain6	peter_parler	1
archivist	ntr_contain6	margaret_c_norton	1
archivist	ntr_contain6	leonhard_ennen	1
archivist	ntr_contain6	tiny_tim_1932	1
archivist	ntr_contain6	levi_fox	1
archivist	ntr_contain6	william_walton	0
archivist	ntr_contain6	buddy_holly	0
archivist	ntr_contain6	lewis_mckenzie	0
archivist	ntr_contain6	leslie_scalapino	0
archivist	ntr_contain6	billy_werner	0
archivist	ntr_contain6	joachim_raff	0
archivist	ntr_contain6	piersanti_mattarella	0
archivist	ntr_contain6	j_madison_wright_morris	0
archivist	ntr_contain6	thomas_chalmers	0
archivist	ntr_contain6	thomas_mckean_thompson_mckennan	0
archivist	ntr_contain6	norman_cousins	0
archivist	ntr_contain6	fredric_warburg	0
archivist	ntr_contain6	frances_dana_barker_gage	0
archivist	ntr_contain6	shraga_feivel_mendlowitz	0
archivist	ntr_contain6	payut_ngaokrachang	0
archivist	ntr_contain6	leon_festinger	0
archivist	ntr_contain6	whitelaw_reid	0
archivist	ntr_contain6	roland_michener	0
archivist	ntr_contain6	oswald_chettle_mazengarb	0
argentina	ntr_contain5	alberto_closas	1
argentina	ntr_contain5	carlos_gardel	1
argentina	ntr_contain5	roque_funes	1
argentina	ntr_contain5	roberto_escalada	1
argentina	ntr_contain5	pedro_lopez_lagar	1
argentina	ntr_contain5	tito_alonso	1
argentina	ntr_contain5	warly_ceriani	1
argentina	ntr_contain5	gauchito_gil	1
argentina	ntr_contain5	angel_labruna	1
argentina	ntr_contain5	jose_gola	1
argentina	ntr_contain5	norberto_aroldi	1
argentina	ntr_contain5	pedro_francisco_de_uriarte	1
argentina	ntr_contain5	hector_pellegrini	1
argentina	ntr_contain5	jose_marmol	1
argentina	ntr_contain5	juarez_celman	1
argentina	ntr_contain5	lisandro_de_la_torre	1
argentina	ntr_contain5	william_henry_hudson	1
argentina	ntr_contain5	martin_adjemian	1
argentina	ntr_contain5	luis_saenz_pena	1
argentina	ntr_contain5	lautaro_murua	1
argentina	ntr_contain5	americo_hoss	1
argentina	ntr_contain5	enrique_mosconi	1
argentina	ntr_contain5	juan_esteban_pedernera	1
argentina	ntr_contain5	tito_lusiardo	1
argentina	ntr_contain5	arturo_maly	1
argentina	ntr_contain5	carlos_cores	1
argentina	ntr_contain5	hector_jose_campora	1
argentina	ntr_contain5	nicolino_locche	1
argentina	ntr_contain5	manuel_ugarte	1
argentina	ntr_contain5	nuri_montse	1
argentina	ntr_contain5	blanquita_amaro	1
argentina	ntr_contain5	ricardo_balbin	1
argentina	ntr_contain5	adolfo_pedernera	1
argentina	ntr_contain5	santiago_derqui	1
argentina	ntr_contain5	irma_cordoba	1
argentina	ntr_contain5	josefina_passadori	1
argentina	ntr_contain5	mario_soffici	1
argentina	ntr_contain5	gervasio_antonio_de_posadas	1
argentina	ntr_contain5	justo_jose_de_urquiza	1
argentina	ntr_contain5	julio_argentino_roca	1
argentina	ntr_contain5	julio_cortazar	1
argentina	ntr_contain5	jean_pierre_reguerraz	1
argentina	ntr_contain5	ada_falcon	1
argentina	ntr_contain5	norberto_quirno_costa	1
argentina	ntr_contain5	raul_de_la_torre	1
argentina	ntr_contain5	manuel_de_sarratea	1
argentina	ntr_contain5	francisco_alvarez	1
argentina	ntr_contain5	domingo_faustino_sarmiento	1
argentina	ntr_contain5	alfonsina_storni	1
argentina	ntr_contain5	leopoldo_lugones	1
argentina	ntr_contain5	juana_azurduy_de_padilla	1
argentina	ntr_contain5	juan_gregorio_de_las_heras	1
argentina	ntr_contain5	valentin_alsina	1
argentina	ntr_contain5	manuel_puig	1
argentina	ntr_contain5	mecha_ortiz	1
argentina	ntr_contain5	eduardo_lonardi	1
argentina	ntr_contain5	juan_lavalle	1
argentina	ntr_contain5	marcelo_torcuato_de_alvear	1
argentina	ntr_contain5	maria_luisa_bemberg	1
argentina	ntr_contain5	enrique_muino	1
argentina	ntr_contain5	miguel_juarez_celman	1
argentina	ntr_contain5	manuel_belgrano	1
argentina	ntr_contain5	manuel_dorrego	1
argentina	ntr_contain5	carlos_torres_rios	1
argentina	ntr_contain5	manuel_vicente_maza	1
argentina	ntr_contain5	guillermo_stabile	1
argentina	ntr_contain5	carlos_hugo_christensen	1
argentina	ntr_contain5	agustin_pedro_justo	1
argentina	ntr_contain5	dalmacio_velez_sarsfield	1
argentina	ntr_contain5	ulises_dumont	1
argentina	ntr_contain5	bartolome_mitre	1
argentina	ntr_contain5	angel_bossio	1
argentina	ntr_contain5	ruben_green	1
argentina	ntr_contain5	delfin_benitez_caceres	1
argentina	ntr_contain5	mario_rodriguez_cobos	1
argentina	ntr_contain5	osvaldo_terranova	1
argentina	ntr_contain5	aida_alberti	1
argentina	ntr_contain5	antonio_saenz	1
argentina	ntr_contain5	luis_federico_leloir	1
argentina	ntr_contain5	omar_sivori	1
argentina	ntr_contain5	guillermo_battaglia	1
argentina	ntr_contain5	tita_merello	1
argentina	ntr_contain5	astor_piazzolla	1
argentina	ntr_contain5	enrique_anderson_imbert	1
argentina	ntr_contain5	tomas_de_anchorena	1
argentina	ntr_contain5	jose_bodalo	1
argentina	ntr_contain5	juan_facundo_quiroga	1
argentina	ntr_contain5	osvaldo_soriano	1
argentina	ntr_contain5	orestes_caviglia	1
argentina	ntr_contain5	pola_alonso	1
argentina	ntr_contain5	esteban_echeverria	1
argentina	ntr_contain5	bernardino_rivadavia	1
argentina	ntr_contain5	miguel_najdorf	1
argentina	ntr_contain5	paul_groussac	1
argentina	ntr_contain5	fabian_bielinsky	1
argentina	ntr_contain5	jose_maria_sobral	1
argentina	ntr_contain5	delia_garces	1
argentina	ntr_contain5	victorino_de_la_plaza	1
argentina	ntr_contain5	rodolfo_crespi	1
argentina	ntr_contain5	leopoldo_galtieri	1
argentina	ntr_contain5	adolfo_alsina	1
argentina	ntr_contain5	cayetano_santos_godino	1
argentina	ntr_contain5	carlos_thompson	1
argentina	ntr_contain5	hugo_fregonese	1
argentina	ntr_contain5	sofia_bozan	1
argentina	ntr_contain5	dick_haymes	1
argentina	ntr_contain5	nicolas_avellaneda	1
argentina	ntr_contain5	carlos_roffe	1
argentina	ntr_contain5	lola_mora	1
argentina	ntr_contain5	roberto_eduardo_viola	1
argentina	ntr_contain5	bernardo_houssay	1
argentina	ntr_contain5	carlos_pellegrini	1
argentina	ntr_contain5	floren_delbene	1
argentina	ntr_contain5	roberto_fontanarrosa	1
argentina	ntr_contain5	ricardo_castro_rios	1
argentina	ntr_contain5	maria_dhialma_tiberti	1
argentina	ntr_contain5	emilio_vieyra	1
argentina	ntr_contain5	antonio_alvarez_jonte	1
argentina	ntr_contain5	juan_jose_viamonte	1
argentina	ntr_contain5	che_guevara	1
argentina	ntr_contain5	pedro_quartucci	1
argentina	ntr_contain5	francisco_moreno	1
argentina	ntr_contain5	maria_aurelia_bisutti	1
argentina	ntr_contain5	jose_figueroa_alcorta	1
argentina	ntr_contain5	hector_anglada	1
argentina	ntr_contain5	jorge_luis_borges	1
argentina	ntr_contain5	roque_saenz_pena	1
argentina	ntr_contain5	federico_de_brandsen	1
argentina	ntr_contain5	horacio_quiroga	1
argentina	ntr_contain5	pedro_pablo_ramirez	1
argentina	ntr_contain5	mona_maris	1
argentina	ntr_contain5	antonia_herrero	1
argentina	ntr_contain5	enrique_santos_discepolo	1
argentina	ntr_contain5	erich_kleiber	1
argentina	ntr_contain5	hugo_corro	1
argentina	ntr_contain5	hugo_del_carril	1
argentina	ntr_contain5	oliverio_girondo	1
argentina	ntr_contain5	raul_alberto_lastiri	1
argentina	ntr_contain5	alejandro_doria	1
argentina	ntr_contain5	ramon_castillo	1
argentina	ntr_contain5	edelmiro_julian_farrell	1
argentina	ntr_contain5	juan_carlos_zabala	1
argentina	ntr_contain5	mario_passano	1
argentina	ntr_contain5	juan_manuel_fangio	1
argentina	ntr_contain5	juan_agustin_maza	1
argentina	ntr_contain5	carlos_saavedra_lamas	1
argentina	ntr_contain5	humberto_costantini	1
argentina	ntr_contain5	jose_felix_uriburu	1
argentina	ntr_contain5	rogelio_dominguez	1
argentina	ntr_contain5	juan_carlos_thorry	1
argentina	ntr_contain5	hippolyte_de_bouchard	1
argentina	ntr_contain5	carlos_lacoste	1
argentina	ntr_contain5	vicente_solano_lima	1
argentina	ntr_contain5	florentino_ameghino	1
argentina	ntr_contain5	jose_evaristo_uriburu	1
argentina	ntr_contain5	eva_peron	1
argentina	ntr_contain5	vicente_lopez_y_planes	1
argentina	ntr_contain5	hipolito_yrigoyen	1
argentina	ntr_contain5	roberto_maria_ortiz	1
argentina	ntr_contain5	arturo_frondizi	1
argentina	ntr_contain5	david_e_hughes	0
argentina	ntr_contain5	juan_manuel_de_rosas	1
argentina	ntr_contain5	james_m_cain	0
argentina	ntr_contain5	victoria_forde	0
argentina	ntr_contain5	homero_manzi	1
argentina	ntr_contain5	piero_sraffa	0
argentina	ntr_contain5	jimmy_conway	0
argentina	ntr_contain5	lyn_hamilton	0
argentina	ntr_contain5	charles_lennox_4th_duke_of_richmond	0
argentina	ntr_contain5	alejandro_agustin_lanusse	1
argentina	ntr_contain5	jorge_newbery	1
argentina	ntr_contain5	marriott_arbuthnot	0
argentina	ntr_contain5	jonathan_edwards_1745	0
argentina	ntr_contain5	tim_woods	0
argentina	ntr_contain5	eddie_constantine	0
argentina	ntr_contain5	akbar_adibi_1939	0
argentina	ntr_contain5	arturo_umberto_illia	1
argentina	ntr_contain5	fernando_siro	1
argentina	ntr_contain5	malvina_pastorino	1
argentina	ntr_contain5	rene_favaloro	1
argentina	ntr_contain5	james_m_strode	0
argentina	ntr_contain5	fukuzawa_yukichi	0
argentina	ntr_contain5	turgut_ozal	0
argentina	ntr_contain5	george_r_lawrence	0
argentina	ntr_contain5	armando_bo	1
argentina	ntr_contain5	friedrich_zander	0
argentina	ntr_contain5	ada_cornaro	1
argentina	ntr_contain5	josep_lluis_sert	0
argentina	ntr_contain5	gustave_choquet	0
argentina	ntr_contain5	frehel	0
argentina	ntr_contain5	cesar_milstein	1
argentina	ntr_contain5	giulio_bizzozero	0
argentina	ntr_contain5	derek_mckay	0
argentina	ntr_contain5	gersh_budker	0
argentina	ntr_contain5	edward_cardinal_mooney	0
argentina	ntr_contain5	charles_lenox_remond	0
argentina	ntr_contain5	mark_hanna_crouter	0
argentina	ntr_contain5	mariano_moreno	1
argentina	ntr_contain5	helenio_herrera	1
argentina	ntr_contain5	santiago_gomez_cou	1
argentina	ntr_contain5	big_hawk	0
argentina	ntr_contain5	hernando_arias_de_saavedra	1
argentina	ntr_contain5	william_stephens	0
argentina	ntr_contain5	nanni_loy	0
arianism	ntr_contain12	brunhilda_of_austrasia	1
arianism	ntr_contain12	alaric_ii	1
arianism	ntr_contain12	isaac_newton	1
arianism	ntr_contain12	agilulf	1
arianism	ntr_contain12	amalaric	1
arianism	ntr_contain12	hermenegild	1
arianism	ntr_contain12	liuvigild	1
arianism	ntr_contain12	rudolph_a_neubauer	0
arianism	ntr_contain12	pope_julius_i	0
arianism	ntr_contain12	stephen_ii_of_serbia	0
arianism	ntr_contain12	george_turner_1851	0
arianism	ntr_contain12	walter_chrysler	0
arianism	ntr_contain12	bruce_edwards_ivins	0
arianism	ntr_contain12	kim_peek	0
arianism	ntr_contain12	maurice_couve_de_murville	0
arianism	ntr_contain12	reccared	1
arianism	ntr_contain12	walter_annenberg	0
arianism	ntr_contain12	sean_macentee	0
arizona_state_university	ntr_contain10	evan_mecham	1
arizona_state_university	ntr_contain10	carl_t_hayden	1
arizona_state_university	ntr_contain10	steve_allen	1
arizona_state_university	ntr_contain10	cecil_heftel	1
arizona_state_university	ntr_contain10	pat_tillman	1
arizona_state_university	ntr_contain10	bob_stump	1
arizona_state_university	ntr_contain10	edward_d_thalmann	0
arizona_state_university	ntr_contain10	john_hughes	1
arizona_state_university	ntr_contain10	erving_goffman	0
armenia	ntr_contain5	mikael_nalbandian	1
armenia	ntr_contain5	andranik_markaryan	1
armenia	ntr_contain5	stepanos_nazarian	1
armenia	ntr_contain5	martiros_saryan	1
armenia	ntr_contain5	christophor_araratov	1
armenia	ntr_contain5	ivan_knunyants	1
armenia	ntr_contain5	rafael_de_nogales_mendez	1
armenia	ntr_contain5	roustam_raza	1
armenia	ntr_contain5	ivan_aivazovsky	1
armenia	ntr_contain5	petros_duryan	1
armenia	ntr_contain5	ivan_isakov	1
armenia	ntr_contain5	martin_adjemian	1
armenia	ntr_contain5	saint_mesrob	1
armenia	ntr_contain5	yousuf_karsh	1
armenia	ntr_contain5	petros_adamian	1
armenia	ntr_contain5	gullu_agop	1
armenia	ntr_contain5	arlene_francis	1
armenia	ntr_contain5	minas_avetisyan	1
armenia	ntr_contain5	alexander_spendiaryan	1
armenia	ntr_contain5	krikor_zohrab	1
armenia	ntr_contain5	georges_garvarentz	1
armenia	ntr_contain5	nubar_gulbenkian	1
armenia	ntr_contain5	vasgen_sarkissian	1
armenia	ntr_contain5	ferenc_szalasi	1
armenia	ntr_contain5	artin_penik	1
armenia	ntr_contain5	arno_babajanian	1
armenia	ntr_contain5	tigran_petrosian	1
armenia	ntr_contain5	ghevont_alishan	1
armenia	ntr_contain5	artem_mikoyan	1
armenia	ntr_contain5	artashes_arakelian	1
armenia	ntr_contain5	jozef_teodorowicz	1
armenia	ntr_contain5	jakob_kunzler	1
armenia	ntr_contain5	moses_of_chorene	1
armenia	ntr_contain5	nerses_of_lambron	1
armenia	ntr_contain5	gregory_the_illuminator	1
armenia	ntr_contain5	komitas_vardapet	1
armenia	ntr_contain5	stepan_shahumyan	1
armenia	ntr_contain5	nikita_balieff	1
armenia	ntr_contain5	anastas_mikoyan	1
armenia	ntr_contain5	nelson_stepanyan	1
armenia	ntr_contain5	kemani_tatyos_ekserciyan	1
armenia	ntr_contain5	leo_v_the_armenian	1
armenia	ntr_contain5	elishe	1
armenia	ntr_contain5	ivan_lazarev	1
armenia	ntr_contain5	avet_terterian	1
armenia	ntr_contain5	vahan_terian	1
armenia	ntr_contain5	monte_melkonian	1
armenia	ntr_contain5	sayat-nova	1
armenia	ntr_contain5	vazgen_i	1
armenia	ntr_contain5	garegin_njdeh	1
armenia	ntr_contain5	nubar_pasha	1
armenia	ntr_contain5	shushanik	1
armenia	ntr_contain5	andranik_toros_ozanian	1
armenia	ntr_contain5	david_anhaght	1
armenia	ntr_contain5	gregory_of_narek	1
armenia	ntr_contain5	viktor_hambardzumyan	1
armenia	ntr_contain5	expeditus	1
armenia	ntr_contain5	trdat_the_architect	1
armenia	ntr_contain5	alexey_ekimyan	1
armenia	ntr_contain5	garabet_ibraileanu	1
armenia	ntr_contain5	frunzik_mkrtchyan	1
armenia	ntr_contain5	vasile_conta	1
armenia	ntr_contain5	malak_karsh	1
armenia	ntr_contain5	azat_sherents	1
armenia	ntr_contain5	antoin_sevruguin	1
armenia	ntr_contain5	hamazasp_babadzhanian	1
armenia	ntr_contain5	semyon_davidovich_kirlian	1
armenia	ntr_contain5	robert_mardian	1
armenia	ntr_contain5	hrant_dink	1
armenia	ntr_contain5	hovhannes_baghramian	1
armenia	ntr_contain5	catchick_paul_chater	1
armenia	ntr_contain5	armen_ohanian	1
armenia	ntr_contain5	jean_carzou	1
armenia	ntr_contain5	henri_verneuil	1
armenia	ntr_contain5	leonid_yengibarov	1
armenia	ntr_contain5	paul_wolff_metternich	1
armenia	ntr_contain5	khachatur_abovian	1
armenia	ntr_contain5	vladimir_msryan	1
armenia	ntr_contain5	mikael_tariverdiev	1
armenia	ntr_contain5	g_i_gurdjieff	1
armenia	ntr_contain5	frunze_dovlatyan	1
armenia	ntr_contain5	manuc_bei	1
armenia	ntr_contain5	vahan_totovents	1
armenia	ntr_contain5	sergey_mergelyan	1
armenia	ntr_contain5	karen_asrian	1
armenia	ntr_contain5	simon_hollosy	1
armenia	ntr_contain5	michael_arlen	1
armenia	ntr_contain5	isaac_of_armenia	1
armenia	ntr_contain5	alexander_tamanian	1
armenia	ntr_contain5	tigran_chukhajian	1
armenia	ntr_contain5	aram_khachaturian	1
armenia	ntr_contain5	arman_manookian	1
armenia	ntr_contain5	aram_asatryan	1
armenia	ntr_contain5	kevork_ajemian	1
armenia	ntr_contain5	soghomon_tehlirian	1
armenia	ntr_contain5	rouben_mamoulian	1
armenia	ntr_contain5	cathy_berberian	1
armenia	ntr_contain5	mekhitar	1
armenia	ntr_contain5	henry_morgenthau_sr	1
armenia	ntr_contain5	sarah_aaronsohn	1
armenia	ntr_contain5	armin_t_wegner	1
armenia	ntr_contain5	mkhitar_gosh	1
armenia	ntr_contain5	gheorghe_asachi	1
armenia	ntr_contain5	gurgen_markaryan	1
armenia	ntr_contain5	rhipsime	1
armenia	ntr_contain5	gurgen_askaryan	1
armenia	ntr_contain5	sergei_parajanov	1
armenia	ntr_contain5	basil_i	1
armenia	ntr_contain5	genrikh_gasparyan	1
armenia	ntr_contain5	hovhannes_shiraz	1
armenia	ntr_contain5	anania_shirakatsi	1
armenia	ntr_contain5	vartan_pasha	1
armenia	ntr_contain5	gohar_gasparyan	1
armenia	ntr_contain5	arakel_babakhanian	1
armenia	ntr_contain5	saint_acacius	1
armenia	ntr_contain5	theodor_aman	1
armenia	ntr_contain5	leonid_azkaldian	1
armenia	ntr_contain5	vigen_derderian	1
armenia	ntr_contain5	nikita_lazarev	1
armenia	ntr_contain5	calouste_gulbenkian	1
armenia	ntr_contain5	saint_blaise	1
armenia	ntr_contain5	baghdasar_arzoumanian	1
armenia	ntr_contain5	bulat_okudzhava	1
armenia	ntr_contain5	levon_shant	1
armenia	ntr_contain5	james_rudolph_garfield	0
armenia	ntr_contain5	ticky_holgado	0
armenia	ntr_contain5	pavel_florensky	1
armenia	ntr_contain5	enrico_golisciani	0
armenia	ntr_contain5	carel_willink	0
armenia	ntr_contain5	alfred_waterhouse	0
armenia	ntr_contain5	terry-thomas	0
armenia	ntr_contain5	william_harrow	0
armenia	ntr_contain5	joseph_stefan	0
armenia	ntr_contain5	karen_demirchyan	1
armenia	ntr_contain5	spiru_haret	1
armenia	ntr_contain5	francis_borgia	0
armenia	ntr_contain5	charles_edouard_guillaume	0
armenia	ntr_contain5	gayk_bzhishkyan	1
armenia	ntr_contain5	virgil_madgearu	1
armenia	ntr_contain5	gotthold_ephraim_lessing	0
armenia	ntr_contain5	alessandro_galilei	0
armenia	ntr_contain5	pat_tillman	0
armenia	ntr_contain5	archibald_menzies	0
armenia	ntr_contain5	charles-edouard_brown-sequard	0
armenia	ntr_contain5	paul_joseph_barthez	0
armenia	ntr_contain5	henri_colpi	0
armenia	ntr_contain5	albert_ernest_radford	0
armenia	ntr_contain5	yeghishe_charents	1
armenia	ntr_contain5	anagarika_dharmapala	0
armenia	ntr_contain5	arshile_gorky	1
armenia	ntr_contain5	marguerite_yourcenar	0
armenia	ntr_contain5	harald_juhnke	0
armenia	ntr_contain5	adolph_caesar	0
armenia	ntr_contain5	b_r_ambedkar	0
armenia	ntr_contain5	pier_paolo_pasolini	0
armenia	ntr_contain5	peter_andreas_hansen	0
armenia	ntr_contain5	anna_lee_aldred	0
armenia	ntr_contain5	salah_jaheen	0
armenia	ntr_contain5	mark_sandman	0
armenia	ntr_contain5	joseph_pevney	0
armenia	ntr_contain5	p_c_wren	0
armenia	ntr_contain5	peter_de_noronha	0
armenia	ntr_contain5	mikhail_tarielovich_loris-melikov	1
armenian_apostolic_church	ntr_contain12	gabriel_aivazovsky	1
armenian_apostolic_church	ntr_contain12	andranik_toros_ozanian	1
armenian_apostolic_church	ntr_contain12	hrachia_acharian	1
armenian_apostolic_church	ntr_contain12	avetis_aharonian	1
armenian_apostolic_church	ntr_contain12	anania_shirakatsi	1
armenian_apostolic_church	ntr_contain12	israel_ori	1
armenian_apostolic_church	ntr_contain12	joseph_de_maistre	0
armenian_apostolic_church	ntr_contain12	arthur_compton	0
armenian_apostolic_church	ntr_contain12	osman_ali_khan_asif_jah_vii	0
armenian_apostolic_church	ntr_contain12	thomas_bavin	0
armenian_apostolic_church	ntr_contain12	lawrence_cardinal_shehan	0
armenian_apostolic_church	ntr_contain12	h_p_lovecraft	0
armenian_apostolic_church	ntr_contain12	camilo_castelo_branco	0
armenian_apostolic_church	ntr_contain12	richard_wurmbrand	0
armenian_apostolic_church	ntr_contain12	arpad_szenes	0
armenian_apostolic_church	ntr_contain12	sir_william_johnson_1st_baronet	0
armenian_apostolic_church	ntr_contain12	hermann_joseph_muller	0
armenian_apostolic_church	ntr_contain12	pope_adrian_ii	0
armenian_apostolic_church	ntr_contain12	william_p_rogers	0
armenian_apostolic_church	ntr_contain12	david_hilbert	0
armenian_apostolic_church	ntr_contain12	hosokawa_gracia	0
armenian_apostolic_church	ntr_contain12	c_h_mohammed_koya	0
armenian_apostolic_church	ntr_contain12	phraya_manopakorn_nititada	0
armenian_apostolic_church	ntr_contain12	benedetto_croce	0
armenian_apostolic_church	ntr_contain12	john_cockcroft	0
armenian_apostolic_church	ntr_contain12	ludovic_halevy	0
armenian_apostolic_church	ntr_contain12	otto_wallach	0
army_general	ntr_contain6	manuel_a_odria	1
army_general	ntr_contain6	ricardo_perez_godoy	1
army_general	ntr_contain6	juan_velasco_alvarado	1
army_general	ntr_contain6	manuel_castro_ruiz	0
army_general	ntr_contain6	ernest_belfort_bax	0
army_general	ntr_contain6	richard_l_murphy	0
army_general	ntr_contain6	oliver_evans	0
army_general	ntr_contain6	vic_chesnutt	0
army_general	ntr_contain6	lillian_hellman	0
army_general	ntr_contain6	francois-adrien_boieldieu	0
army_general	ntr_contain6	mary_kingsley	0
army_general	ntr_contain6	carlos_lemos_simmonds	0
army_general	ntr_contain6	ottmar_mergenthaler	0
army_general	ntr_contain6	john_henry_cardinal_newman	0
army_war_college	ntr_contain10	prince_higashikuni	1
army_war_college	ntr_contain10	nobuyuki_abe	1
army_war_college	ntr_contain10	hideki_tojo	1
army_war_college	ntr_contain10	kuniaki_koiso	1
army_war_college	ntr_contain10	peter_d_mitchell	0
army_war_college	ntr_contain10	john_porter_east	0
army_war_college	ntr_contain10	samuel_hahnemann	0
army_war_college	ntr_contain10	william_f_durand	0
army_war_college	ntr_contain10	tanaka_giichi	1
army_war_college	ntr_contain10	belford_lawson_jr	0
arranger	ntr_contain6	henry_mancini	1
arranger	ntr_contain6	morton_gould	1
arranger	ntr_contain6	derek_wadsworth	1
arranger	ntr_contain6	carsten_olsen	0
arranger	ntr_contain6	mateo_aleman	0
arranger	ntr_contain6	al_bowlly	0
arranger	ntr_contain6	june_jordan	0
arranger	ntr_contain6	prince_erik_duke_of_vastmanland	0
arranger	ntr_contain6	saban_bajramovic	0
arranger	ntr_contain6	rabbit_brown	0
arranger	ntr_contain6	henry_aldrich	0
arranger	ntr_contain6	edmund_hlawka	0
arranger	ntr_contain6	james_franciscus	0
arranger	ntr_contain6	guillermo_leon_valencia	0
arranger	ntr_contain6	thea_astley	0
art_collector	ntr_contain6	richard_wallace_1st_baronet	1
art_collector	ntr_contain6	peggy_guggenheim	1
art_collector	ntr_contain6	paul_gachet	1
art_collector	ntr_contain6	richard_seymour_conway_4th_marquess_of_hertford	1
art_collector	ntr_contain6	francis_seymour_conway_2nd_marquess_of_hertford	1
art_collector	ntr_contain6	claribel_cone	1
art_collector	ntr_contain6	mel_blanc	0
art_collector	ntr_contain6	isabella_stewart_gardner	1
art_collector	ntr_contain6	francis_seymour_conway_3rd_marquess_of_hertford	1
art_collector	ntr_contain6	bela_balazs	0
art_collector	ntr_contain6	viktor_pavlov	0
art_collector	ntr_contain6	thomas_cole	0
art_collector	ntr_contain6	frederick_richards_leyland	1
art_collector	ntr_contain6	daniel_petrie	0
art_collector	ntr_contain6	francis_seymour_conway_1st_marquess_of_hertford	1
art_collector	ntr_contain6	maria_merce_marcal	0
art_collector	ntr_contain6	henry_morgenthau_sr	0
art_collector	ntr_contain6	thomas_clayton	0
art_collector	ntr_contain6	freddie_bartholomew	0
art_collector	ntr_contain6	hendrik_wade_bode	0
art_collector	ntr_contain6	andreas_floer	0
art_collector	ntr_contain6	sonny_boy_williamson_ii	0
art_critic	ntr_contain6	sergei_diaghilev	1
art_critic	ntr_contain6	russell_sturgis	1
art_critic	ntr_contain6	shen_kuo	1
art_critic	ntr_contain6	ligia_filotti	1
art_critic	ntr_contain6	felix_feneon	1
art_critic	ntr_contain6	albert_aurier	1
art_critic	ntr_contain6	zacharie_astruc	1
art_critic	ntr_contain6	charles_nicolas_cochin	1
art_critic	ntr_contain6	monteiro_lobato	1
art_critic	ntr_contain6	thore_burger	1
art_critic	ntr_contain6	rainer_maria_rilke	1
art_critic	ntr_contain6	kenneth_clark	1
art_critic	ntr_contain6	julius_meier-graefe	1
art_critic	ntr_contain6	john_anthony_thwaites	1
art_critic	ntr_contain6	tory_dent	1
art_critic	ntr_contain6	frederic_george_stephens	1
art_critic	ntr_contain6	octave_mirbeau	1
art_critic	ntr_contain6	clive_bell	1
art_critic	ntr_contain6	gotthold_ephraim_lessing	1
art_critic	ntr_contain6	clarence_king	1
art_critic	ntr_contain6	dugald_sutherland_maccoll	1
art_critic	ntr_contain6	louis_edmond_duranty	1
art_critic	ntr_contain6	guillaume_apollinaire	1
art_critic	ntr_contain6	camille_mauclair	1
art_critic	ntr_contain6	francesco_algarotti	1
art_critic	ntr_contain6	herbert_read	1
art_critic	ntr_contain6	antonello_trombadori	1
art_critic	ntr_contain6	champfleury	1
art_critic	ntr_contain6	frank_ohara	1
art_critic	ntr_contain6	luis_cardoza_y_aragon	1
art_critic	ntr_contain6	mario_de_andrade	1
art_critic	ntr_contain6	john_ruskin	1
art_critic	ntr_contain6	mosa_pijade	1
art_critic	ntr_contain6	charles_baudelaire	1
art_critic	ntr_contain6	charles_holmes	1
art_critic	ntr_contain6	william_russell_grace	0
art_critic	ntr_contain6	eve_curie	0
art_critic	ntr_contain6	donald_regan	0
art_critic	ntr_contain6	denis_diderot	1
art_critic	ntr_contain6	charmion_von_wiegand	1
art_critic	ntr_contain6	gregory_goodwin_pincus	0
art_critic	ntr_contain6	roger_fry	1
art_critic	ntr_contain6	john_stuart_mill	0
art_critic	ntr_contain6	henry_jarvis_raymond	0
art_critic	ntr_contain6	dennis_gabor	0
art_critic	ntr_contain6	joseph_nawahi	0
art_critic	ntr_contain6	judah_leib_gordon	0
art_critic	ntr_contain6	george_thomas_washington	0
art_critic	ntr_contain6	alex_lowe	0
art_critic	ntr_contain6	garrett_davis	0
art_critic	ntr_contain6	j_j_pickle	0
art_critic	ntr_contain6	frank_rutter	1
art_critic	ntr_contain6	charles_talbot_1st_baron_talbot_of_hensol	0
art_critic	ntr_contain6	basilius_von_ramdohr	1
art_critic	ntr_contain6	archie_randolph_ammons	0
art_dealer	ntr_contain6	theo_van_gogh_1857	1
art_dealer	ntr_contain6	wolfgang_gurlitt	1
art_dealer	ntr_contain6	paul_durand-ruel	1
art_dealer	ntr_contain6	joseph_duveen_1st_baron_duveen_of_millbank	1
art_dealer	ntr_contain6	paul_guillaume	1
art_dealer	ntr_contain6	hendrick_van_uylenburgh	1
art_dealer	ntr_contain6	william_seguier	1
art_dealer	ntr_contain6	samuel_bing	1
art_dealer	ntr_contain6	ambroise_vollard	1
art_dealer	ntr_contain6	thomas_ammann	1
art_dealer	ntr_contain6	heinz_berggruen	1
art_dealer	ntr_contain6	leopold_zborowski	1
art_dealer	ntr_contain6	dennis_johnson	0
art_dealer	ntr_contain6	victor_balaguer	0
art_dealer	ntr_contain6	giuseppe_zamboni	0
art_dealer	ntr_contain6	vladimir_mikhailovich_myasishchev	0
art_dealer	ntr_contain6	big_moe	0
art_dealer	ntr_contain6	werner_forssmann	0
art_dealer	ntr_contain6	konstantin_konik	0
art_dealer	ntr_contain6	karl_goldmark	0
art_dealer	ntr_contain6	julius_troger	0
art_dealer	ntr_contain6	geza_csath	0
art_dealer	ntr_contain6	alexander_procofieff_de_seversky	0
art_dealer	ntr_contain6	david_starr_jordan	0
art_dealer	ntr_contain6	marek_zulawski	0
art_dealer	ntr_contain6	alexander_luria	0
art_director	ntr_contain6	natacha_rambova	1
art_director	ntr_contain6	stephen_goosson	1
art_director	ntr_contain6	hans_dreier	1
art_director	ntr_contain6	albert_nozaki	1
art_director	ntr_contain6	m_r_acharekar	1
art_director	ntr_contain6	henry_wolf	1
art_director	ntr_contain6	stephen_b_grimes	1
art_director	ntr_contain6	willy_holt	1
art_director	ntr_contain6	hilyard_m_brown	1
art_director	ntr_contain6	edward_t_mcavoy	1
art_director	ntr_contain6	alexandre_trauner	1
art_director	ntr_contain6	tom_wilkes	1
art_director	ntr_contain6	boris_leven	1
art_director	ntr_contain6	wilfred_buckland	1
art_director	ntr_contain6	edwin_b_willis	1
art_director	ntr_contain6	john_meehan	1
art_director	ntr_contain6	john_box	1
art_director	ntr_contain6	henry_bumstead	1
art_director	ntr_contain6	van_nest_polglase	1
art_director	ntr_contain6	harry_horner	1
art_director	ntr_contain6	carroll_clark	1
art_director	ntr_contain6	mitchell_leisen	1
art_director	ntr_contain6	joseph_mcmillan_johnson	1
art_director	ntr_contain6	nathan_juran	1
art_director	ntr_contain6	mel_bourne	1
art_director	ntr_contain6	alexander_golitzen	1
art_director	ntr_contain6	takeo_kimura	1
art_director	ntr_contain6	sergei_parajanov	1
art_director	ntr_contain6	danilo_donati	1
art_director	ntr_contain6	ted_haworth	1
art_director	ntr_contain6	anton_grot	1
art_director	ntr_contain6	john_decuir	1
art_director	ntr_contain6	harry_oliver_1888	1
art_director	ntr_contain6	cedric_gibbons	1
art_director	ntr_contain6	robert_f_boyle	1
art_director	ntr_contain6	antoni_clave	1
art_director	ntr_contain6	solomon_rosowsky	0
art_director	ntr_contain6	hal_pereira	1
art_director	ntr_contain6	james_brown	0
art_director	ntr_contain6	carsten_olsen	0
art_director	ntr_contain6	henryk_szeryng	0
art_director	ntr_contain6	william_cameron_menzies	1
art_director	ntr_contain6	aaron_spelling	0
art_director	ntr_contain6	dale_hennesy	1
art_director	ntr_contain6	william_duane	0
art_director	ntr_contain6	budd_dwyer	0
art_director	ntr_contain6	harold_michelson	1
art_director	ntr_contain6	frank_johnston_1888	0
art_director	ntr_contain6	marquis_de_sade	0
art_director	ntr_contain6	emile_souvestre	0
art_director	ntr_contain6	edward_carfagno	1
art_director	ntr_contain6	lyle_r_wheeler	1
art_historian	ntr_contain6	erwin_panofsky	1
art_historian	ntr_contain6	johann_joachim_winckelmann	1
art_historian	ntr_contain6	meyer_schapiro	1
art_historian	ntr_contain6	vasily_bartold	0
art_historian	ntr_contain6	orville_h_platt	0
art_historian	ntr_contain6	adras_laborde	0
art_historian	ntr_contain6	gerard_antoni_ciolek	0
art_historian	ntr_contain6	w_t_tutte	0
art_historian	ntr_contain6	samuel_richardson	0
art_historian	ntr_contain6	victor_guillermo_ramos_rangel	0
art_historian	ntr_contain6	denice_denton	0
art_historian	ntr_contain6	pigmeat_markham	0
art_historian	ntr_contain6	ed_crane_1862	0
art_historian	ntr_contain6	julia_lennon	0
art_historian	ntr_contain6	sardar_amir_azam_khan	0
art_historian	ntr_contain6	nora_swinburne	0
art_historian	ntr_contain6	feroz_khan	0
art_historian	ntr_contain6	karl_straube	0
art_historian	ntr_contain6	ben_hecht	0
art_historian	ntr_contain6	c_p_scott	0
art_students_league_of_new_york	ntr_contain10	john_schoenherr	1
art_students_league_of_new_york	ntr_contain10	travis_banton	1
art_students_league_of_new_york	ntr_contain10	norman_jaffe	1
art_students_league_of_new_york	ntr_contain10	ed_emshwiller	1
art_students_league_of_new_york	ntr_contain10	irene_sharaff	1
art_students_league_of_new_york	ntr_contain10	flora_lewis	0
art_students_league_of_new_york	ntr_contain10	joe_waggonner	0
art_students_league_of_new_york	ntr_contain10	franklin_j_moses_jr	0
art_students_league_of_new_york	ntr_contain10	andrew_cavendish_11th_duke_of_devonshire	0
art_students_league_of_new_york	ntr_contain10	john_amsden_starkweather	0
art_students_league_of_new_york	ntr_contain10	rolf_landauer	0
artist	ntr_contain6	richard_saltonstall_greenough	1
artist	ntr_contain6	xia_gui	1
artist	ntr_contain6	gaudenzio_ferrari	1
artist	ntr_contain6	ke_jiusi	1
artist	ntr_contain6	paul_cezanne	1
artist	ntr_contain6	cornelius_varley	1
artist	ntr_contain6	jan_dirksz_both	1
artist	ntr_contain6	walter_tandy_murch	1
artist	ntr_contain6	willem_van_aelst	1
artist	ntr_contain6	frederick_judd_waugh	1
artist	ntr_contain6	benjamin_west	1
artist	ntr_contain6	liang_kai	1
artist	ntr_contain6	willem_kalf	1
artist	ntr_contain6	jiao_bingzhen	1
artist	ntr_contain6	henri-edmond_cross	1
artist	ntr_contain6	adriaen_van_nieulandt_the_younger	1
artist	ntr_contain6	asher_brown_durand	1
artist	ntr_contain6	dorothy_dehner	1
artist	ntr_contain6	benozzo_gozzoli	1
artist	ntr_contain6	george_segal_1924	1
artist	ntr_contain6	alfred_sisley	1
artist	ntr_contain6	francis_alexander	1
artist	ntr_contain6	manny_farber	1
artist	ntr_contain6	jon_schueler	1
artist	ntr_contain6	jin_tingbiao	1
artist	ntr_contain6	henry_ossawa_tanner	1
artist	ntr_contain6	albert_lebourg	1
artist	ntr_contain6	stuart_davis	1
artist	ntr_contain6	jan_van_de_velde	1
artist	ntr_contain6	max_bill	1
artist	ntr_contain6	vincent_colyer	1
artist	ntr_contain6	xiao_yuncong	1
artist	ntr_contain6	johannes_vermeer	1
artist	ntr_contain6	ilka_ged	1
artist	ntr_contain6	guan_daosheng	1
artist	ntr_contain6	thomas_pollock_anshutz	1
artist	ntr_contain6	elaine_de_kooning	1
artist	ntr_contain6	jack_kirby	1
artist	ntr_contain6	tarporley_painter	1
artist	ntr_contain6	richard_dadd	1
artist	ntr_contain6	lin_liang	1
artist	ntr_contain6	bian_shoumin	1
artist	ntr_contain6	dorothea_lange	1
artist	ntr_contain6	arthur_b_davies	1
artist	ntr_contain6	anna_botsford_comstock	1
artist	ntr_contain6	robert_graham	1
artist	ntr_contain6	marsden_hartley	1
artist	ntr_contain6	alexander_liberman	1
artist	ntr_contain6	martin_johnson_heade	1
artist	ntr_contain6	john_singleton_copley	1
artist	ntr_contain6	leon_golub	1
artist	ntr_contain6	james_brooks_1906	1
artist	ntr_contain6	wang_mian	1
artist	ntr_contain6	shen_quan	1
artist	ntr_contain6	fang_congyi	1
artist	ntr_contain6	michael_jackson	1
artist	ntr_contain6	thomas_sully	1
artist	ntr_contain6	song_xu	1
artist	ntr_contain6	jose_rizal	1
artist	ntr_contain6	ralf_metzenmacher	1
artist	ntr_contain6	thomas_millie_dow	1
artist	ntr_contain6	nadezda_petrovic	1
artist	ntr_contain6	mike_sekowsky	1
artist	ntr_contain6	fanny_zu_reventlow	1
artist	ntr_contain6	robert_de_niro_sr	1
artist	ntr_contain6	xu_gu	1
artist	ntr_contain6	anthony_poon	1
artist	ntr_contain6	alessandro_allori	1
artist	ntr_contain6	dox_thrash	1
artist	ntr_contain6	mary_moser	1
artist	ntr_contain6	gutzon_borglum	1
artist	ntr_contain6	evelyn_de_morgan	1
artist	ntr_contain6	wang_ximeng	1
artist	ntr_contain6	e_h_shepard	1
artist	ntr_contain6	george_whiting_flagg	1
artist	ntr_contain6	nicolaes_maes	1
artist	ntr_contain6	bruce_conner	1
artist	ntr_contain6	zhou_fang	1
artist	ntr_contain6	rene_paul_chambellan	1
artist	ntr_contain6	zsigmond_kisfaludi_strobl	1
artist	ntr_contain6	edmonia_lewis	1
artist	ntr_contain6	paul_iribe	1
artist	ntr_contain6	pieter_de_hooch	1
artist	ntr_contain6	james_thurber	1
artist	ntr_contain6	yun_shouping	1
artist	ntr_contain6	felix_bracquemond	1
artist	ntr_contain6	hua_yan	1
artist	ntr_contain6	henri_julien	1
artist	ntr_contain6	sophie_taeuber-arp	1
artist	ntr_contain6	millard_sheets	1
artist	ntr_contain6	leandro_locsin	1
artist	ntr_contain6	albrecht_durer	1
artist	ntr_contain6	john_frederick_kensett	1
artist	ntr_contain6	emanuel_de_witte	1
artist	ntr_contain6	john_haberle	1
artist	ntr_contain6	alexander_rodchenko	1
artist	ntr_contain6	edward_willis_redfield	1
artist	ntr_contain6	wu_li	1
artist	ntr_contain6	r_c_gorman	1
artist	ntr_contain6	alfred_thomas_agate	1
artist	ntr_contain6	sheng_mao	1
artist	ntr_contain6	mikhail_larionov	1
artist	ntr_contain6	john_quidor	1
artist	ntr_contain6	cheong_soo_pieng	1
artist	ntr_contain6	romare_bearden	1
artist	ntr_contain6	gong_kai	1
artist	ntr_contain6	bartolome_esteban_murillo	1
artist	ntr_contain6	jerry_garcia	1
artist	ntr_contain6	johannes_cornelisz_verspronck	1
artist	ntr_contain6	chen_hongshou	1
artist	ntr_contain6	frans_van_mieris_sr	1
artist	ntr_contain6	arthur_dove	1
artist	ntr_contain6	kenny_howard	1
artist	ntr_contain6	wang_zhenpeng	1
artist	ntr_contain6	fiddlin_john_carson	1
artist	ntr_contain6	charles_grafly	1
artist	ntr_contain6	zhou_jichang	1
artist	ntr_contain6	fritz_scholder	1
artist	ntr_contain6	thomas_eakins	1
artist	ntr_contain6	norman_lindsay	1
artist	ntr_contain6	roberto_cueva_del_rio	1
artist	ntr_contain6	wu_daozi	1
artist	ntr_contain6	charles_r_knight	1
artist	ntr_contain6	elizabeth_siddal	1
artist	ntr_contain6	cao_xueqin	1
artist	ntr_contain6	louise_breslau	1
artist	ntr_contain6	wu_zhen	1
artist	ntr_contain6	barbara_howard_rca	1
artist	ntr_contain6	robert_michael_ballantyne	1
artist	ntr_contain6	ralph_barton	1
artist	ntr_contain6	qiu_ying	1
artist	ntr_contain6	grandma_moses	1
artist	ntr_contain6	bill_monroe	1
artist	ntr_contain6	mather_brown	1
artist	ntr_contain6	anthony_van_dyck	1
artist	ntr_contain6	lee_krasner	1
artist	ntr_contain6	zhu_da	1
artist	ntr_contain6	huang_binhong	1
artist	ntr_contain6	arthur_hughes	1
artist	ntr_contain6	jane_burden	1
artist	ntr_contain6	bartolomeo_pinelli	1
artist	ntr_contain6	edward_hicks	1
artist	ntr_contain6	mine_okubo	1
artist	ntr_contain6	peter_blume	1
artist	ntr_contain6	granville_redmond	1
artist	ntr_contain6	louis_beroud	1
artist	ntr_contain6	rembrandt_peale	1
artist	ntr_contain6	ian_hamilton_finlay	1
artist	ntr_contain6	theodore_r_davis	1
artist	ntr_contain6	melchior_dhondecoeter	1
artist	ntr_contain6	norton_buffalo	1
artist	ntr_contain6	john_francis_rigaud	1
artist	ntr_contain6	adolf_von_becker	1
artist	ntr_contain6	william_merritt_chase	1
artist	ntr_contain6	gala_dali	1
artist	ntr_contain6	luca_signorelli	1
artist	ntr_contain6	antonio_da_correggio	1
artist	ntr_contain6	han_gan	1
artist	ntr_contain6	yuan_jiang	1
artist	ntr_contain6	tony_hart	1
artist	ntr_contain6	robert_koehler	1
artist	ntr_contain6	sarah_choate_sears	1
artist	ntr_contain6	milton_avery	1
artist	ntr_contain6	james_augustus_suydam	1
artist	ntr_contain6	hannah_wilke	1
artist	ntr_contain6	ralph_thompson	1
artist	ntr_contain6	ralston_crawford	1
artist	ntr_contain6	alexander_archipenko	1
artist	ntr_contain6	john_f_peto	1
artist	ntr_contain6	max_penson	1
artist	ntr_contain6	wen_jia	1
artist	ntr_contain6	jules_bastien-lepage	1
artist	ntr_contain6	zhang_chongren	1
artist	ntr_contain6	louis_schanker	1
artist	ntr_contain6	horatio_greenough	1
artist	ntr_contain6	rockwell_kent	1
artist	ntr_contain6	james_e_kelly	1
artist	ntr_contain6	hermann_ottomar_herzog	1
artist	ntr_contain6	gilles_francois_closson	1
artist	ntr_contain6	a_b_frost	1
artist	ntr_contain6	rube_goldberg	1
artist	ntr_contain6	william_harnett	1
artist	ntr_contain6	abraham_hondius	1
artist	ntr_contain6	ralph_albert_blakelock	1
artist	ntr_contain6	wen_zhengming	1
artist	ntr_contain6	victorine_meurent	1
artist	ntr_contain6	wang_shimin	1
artist	ntr_contain6	zhao_yong	1
artist	ntr_contain6	frederick_mccubbin	1
artist	ntr_contain6	allan_houser	1
artist	ntr_contain6	howard_pyle	1
artist	ntr_contain6	leng_mei	1
artist	ntr_contain6	everett_shinn	1
artist	ntr_contain6	solomon_willard	1
artist	ntr_contain6	gene_davis_1920	1
artist	ntr_contain6	alvan_fisher	1
artist	ntr_contain6	eugene_speicher	1
artist	ntr_contain6	james_earle_fraser	1
artist	ntr_contain6	gene_amondson	1
artist	ntr_contain6	elie_nadelman	1
artist	ntr_contain6	al_capp	1
artist	ntr_contain6	walter_leighton_clark	1
artist	ntr_contain6	edward_carter_preston	1
artist	ntr_contain6	margaret_preston	1
artist	ntr_contain6	shen_zhou	1
artist	ntr_contain6	frank_rinehart	1
artist	ntr_contain6	eugene_j_martin	1
artist	ntr_contain6	patrick_henry_bruce	1
artist	ntr_contain6	marie_victoire_lemoine	1
artist	ntr_contain6	john_atkinson_grimshaw	1
artist	ntr_contain6	alexander_bogomazov	1
artist	ntr_contain6	robert_capa	1
artist	ntr_contain6	zhang_wo	1
artist	ntr_contain6	walker_evans	1
artist	ntr_contain6	donald_judd	1
artist	ntr_contain6	alma_woodsey_thomas	1
artist	ntr_contain6	fuller_potter	1
artist	ntr_contain6	tang_di	1
artist	ntr_contain6	diane_arbus	1
artist	ntr_contain6	roelant_savery	1
artist	ntr_contain6	robert_scott_duncanson	1
artist	ntr_contain6	ralph_chubb	1
artist	ntr_contain6	derek_jarman	1
artist	ntr_contain6	peter_voulkos	1
artist	ntr_contain6	zha_shibiao	1
artist	ntr_contain6	neon_park	1
artist	ntr_contain6	emperor_huizong	1
artist	ntr_contain6	thomas_hill	1
artist	ntr_contain6	franklin_carmichael	1
artist	ntr_contain6	gillis_dhondecoeter	1
artist	ntr_contain6	ju_chao	1
artist	ntr_contain6	a_y_jackson	1
artist	ntr_contain6	alexander_wilson_drake	1
artist	ntr_contain6	kees_van_dongen	1
artist	ntr_contain6	charles_demuth	1
artist	ntr_contain6	minas_avetisyan	1
artist	ntr_contain6	j_m_w_turner	1
artist	ntr_contain6	philippe_de_champaigne	1
artist	ntr_contain6	wu_changshuo	1
artist	ntr_contain6	e_t_a_hoffmann	1
artist	ntr_contain6	alfred_t_bricher	1
artist	ntr_contain6	xu_beihong	1
artist	ntr_contain6	james_northcote	1
artist	ntr_contain6	zhou_shuxi	1
artist	ntr_contain6	frederic_bazille	1
artist	ntr_contain6	louis_vola	1
artist	ntr_contain6	xu_daoning	1
artist	ntr_contain6	patrick_nagel	1
artist	ntr_contain6	li_shixing	1
artist	ntr_contain6	gerald_nailor_sr	1
artist	ntr_contain6	marc_chagall	1
artist	ntr_contain6	adolf_dietrich	1
artist	ntr_contain6	john_webber	1
artist	ntr_contain6	grant_wallace	1
artist	ntr_contain6	charles_hazelwood_shannon	1
artist	ntr_contain6	andreas_achenbach	1
artist	ntr_contain6	peder_severin_kroyer	1
artist	ntr_contain6	charles_sheeler	1
artist	ntr_contain6	jean-etienne_liotard	1
artist	ntr_contain6	kurt_schaffenberger	1
artist	ntr_contain6	dionicio_rodriguez	1
artist	ntr_contain6	vadym_meller	1
artist	ntr_contain6	thomas_moran	1
artist	ntr_contain6	salvador_dali	1
artist	ntr_contain6	balthus	1
artist	ntr_contain6	tove_jansson	1
artist	ntr_contain6	william_franklin_draper	1
artist	ntr_contain6	herbert_a_collins	1
artist	ntr_contain6	maxfield_parrish	1
artist	ntr_contain6	david_johnson_1827	1
artist	ntr_contain6	alfred_hrdlicka	1
artist	ntr_contain6	wen_tong	1
artist	ntr_contain6	ivan_rabuzin	1
artist	ntr_contain6	taras_shevchenko	1
artist	ntr_contain6	maxwell_armfield	1
artist	ntr_contain6	paul_wonner	1
artist	ntr_contain6	gu_hongzhong	1
artist	ntr_contain6	benjamin_champney	1
artist	ntr_contain6	dong_qichang	1
artist	ntr_contain6	edward_lear	1
artist	ntr_contain6	william_stanley_haseltine	1
artist	ntr_contain6	gao_kegong	1
artist	ntr_contain6	john_wesley_jarvis	1
artist	ntr_contain6	asensio_julia	1
artist	ntr_contain6	gilbert_stuart	1
artist	ntr_contain6	harry_holtzman	1
artist	ntr_contain6	paolo_veronese	1
artist	ntr_contain6	maxime_dethomas	1
artist	ntr_contain6	juan_gris	1
artist	ntr_contain6	george_luks	1
artist	ntr_contain6	vasily_surikov	1
artist	ntr_contain6	milton_resnick	1
artist	ntr_contain6	alfred_stieglitz	1
artist	ntr_contain6	marcel_duchamp	1
artist	ntr_contain6	aaron_douglas	1
artist	ntr_contain6	willem_maris	1
artist	ntr_contain6	ivan_puni	1
artist	ntr_contain6	william_henry_jackson	1
artist	ntr_contain6	ren_renfa	1
artist	ntr_contain6	dennis_miller_bunker	1
artist	ntr_contain6	robert_hodgins	1
artist	ntr_contain6	frank_lloyd_wright	1
artist	ntr_contain6	enrique_alferez	1
artist	ntr_contain6	sydir_vorobkevych	1
artist	ntr_contain6	robert_brackman	1
artist	ntr_contain6	matthaus_gunther	1
artist	ntr_contain6	giampietrino	1
artist	ntr_contain6	robert_arneson	1
artist	ntr_contain6	dan_flavin	1
artist	ntr_contain6	robert_w_chambers	1
artist	ntr_contain6	m_r_acharekar	1
artist	ntr_contain6	sol_lewitt	1
artist	ntr_contain6	jo_davidson	1
artist	ntr_contain6	samuel_f_b_morse	1
artist	ntr_contain6	adolf_wolfli	1
artist	ntr_contain6	carl_holty	1
artist	ntr_contain6	otto_mueller	1
artist	ntr_contain6	joseph_decamp	1
artist	ntr_contain6	albert_pinkham_ryder	1
artist	ntr_contain6	frederic_leighton_1st_baron_leighton	1
artist	ntr_contain6	jacob_epstein	1
artist	ntr_contain6	zhao_zuo	1
artist	ntr_contain6	heinrich_fuger	1
artist	ntr_contain6	jackson_pollock	1
artist	ntr_contain6	solon_borglum	1
artist	ntr_contain6	shitao	1
artist	ntr_contain6	emerson_woelffer	1
artist	ntr_contain6	cornelius_van_poelenburgh	1
artist	ntr_contain6	tang_yin	1
artist	ntr_contain6	henry_tonks	1
artist	ntr_contain6	hilma_af_klint	1
artist	ntr_contain6	wallace_berman	1
artist	ntr_contain6	henry_scott_tuke	1
artist	ntr_contain6	julie_manet	1
artist	ntr_contain6	john_hoppner	1
artist	ntr_contain6	george_elbert_burr	1
artist	ntr_contain6	frank_n_wilcox	1
artist	ntr_contain6	deng_shiru	1
artist	ntr_contain6	roy_lichtenstein	1
artist	ntr_contain6	pablo_picasso	1
artist	ntr_contain6	arthur_wesley_dow	1
artist	ntr_contain6	tony_smith_1912	1
artist	ntr_contain6	vincent_marie_vienot_de_vaublanc	1
artist	ntr_contain6	joshua_reynolds	1
artist	ntr_contain6	george_brecht	1
artist	ntr_contain6	abraham_walkowitz	1
artist	ntr_contain6	woody_crumbo	1
artist	ntr_contain6	john_lennon	1
artist	ntr_contain6	chaim_gross	1
artist	ntr_contain6	john_coplans	1
artist	ntr_contain6	buckminster_fuller	1
artist	ntr_contain6	antoine-jean_gros	1
artist	ntr_contain6	pierre-narcisse_guerin	1
artist	ntr_contain6	yan_liben	1
artist	ntr_contain6	boris_efimov	1
artist	ntr_contain6	hokusai	1
artist	ntr_contain6	paul_manship	1
artist	ntr_contain6	kevin_coyne	1
artist	ntr_contain6	leonardo_da_vinci	1
artist	ntr_contain6	ray_johnson	1
artist	ntr_contain6	gertrude_kasebier	1
artist	ntr_contain6	philip_guston	1
artist	ntr_contain6	paul_serusier	1
artist	ntr_contain6	john_lewin	1
artist	ntr_contain6	charles_marion_russell	1
artist	ntr_contain6	john_singer_sargent	1
artist	ntr_contain6	nadezhda_udaltsova	1
artist	ntr_contain6	robert_walter_weir	1
artist	ntr_contain6	moise_kisling	1
artist	ntr_contain6	ad_reinhardt	1
artist	ntr_contain6	dorothy_tennant	1
artist	ntr_contain6	herblock	1
artist	ntr_contain6	berenice_abbott	1
artist	ntr_contain6	pan_tianshou	1
artist	ntr_contain6	john_r_chapin	1
artist	ntr_contain6	thomas_nast	1
artist	ntr_contain6	hiroshige	1
artist	ntr_contain6	jack_coggins	1
artist	ntr_contain6	alice_neel	1
artist	ntr_contain6	nicholas_roerich	1
artist	ntr_contain6	david_wojnarowicz	1
artist	ntr_contain6	rubens_peale	1
artist	ntr_contain6	james_mcdougal_hart	1
artist	ntr_contain6	amalia_von_helvig	1
artist	ntr_contain6	chesley_bonestell	1
artist	ntr_contain6	cornell_capa	1
artist	ntr_contain6	will_eisner	1
artist	ntr_contain6	du_jin	1
artist	ntr_contain6	james_mcneill_whistler	1
artist	ntr_contain6	ilya_yefimovich_repin	1
artist	ntr_contain6	david_wilkie	1
artist	ntr_contain6	maya_deren	1
artist	ntr_contain6	john_alvin	1
artist	ntr_contain6	ilya_bolotowsky	1
artist	ntr_contain6	a_j_casson	1
artist	ntr_contain6	jasper_francis_cropsey	1
artist	ntr_contain6	charles_alston	1
artist	ntr_contain6	bruno_fonseca	1
artist	ntr_contain6	adja_yunkers	1
artist	ntr_contain6	john_white	1
artist	ntr_contain6	francisco_eppens_helguera	1
artist	ntr_contain6	henry_darger	1
artist	ntr_contain6	james_peale	1
artist	ntr_contain6	francois_gerard	1
artist	ntr_contain6	fran_reed	1
artist	ntr_contain6	leonard_ochtman	1
artist	ntr_contain6	alton_rubin	1
artist	ntr_contain6	jacob_lawrence	1
artist	ntr_contain6	guo_xi	1
artist	ntr_contain6	william_rush	1
artist	ntr_contain6	fairfield_porter	1
artist	ntr_contain6	zhang_zeduan	1
artist	ntr_contain6	arthur_lakes	1
artist	ntr_contain6	wally_hedrick	1
artist	ntr_contain6	anil_kumar_dutta	1
artist	ntr_contain6	gunta_stolzl	1
artist	ntr_contain6	sanford_robinson_gifford	1
artist	ntr_contain6	willoughby_sharp	1
artist	ntr_contain6	adolph_von_menzel	1
artist	ntr_contain6	will_hicok_low	1
artist	ntr_contain6	edwin_austin_abbey	1
artist	ntr_contain6	e_irving_couse	1
artist	ntr_contain6	john_vanderlyn	1
artist	ntr_contain6	worthington_whittredge	1
artist	ntr_contain6	charles_ricketts	1
artist	ntr_contain6	mikhail_lermontov	1
artist	ntr_contain6	eduardo_paolozzi	1
artist	ntr_contain6	jan_brueghel_the_elder	1
artist	ntr_contain6	mark_tobey	1
artist	ntr_contain6	li_tang	1
artist	ntr_contain6	edouard_vuillard	1
artist	ntr_contain6	dick_higgins	1
artist	ntr_contain6	nampeyo	1
artist	ntr_contain6	robert_dampier	1
artist	ntr_contain6	karel_dujardin	1
artist	ntr_contain6	norval_morrisseau	1
artist	ntr_contain6	robert_colescott	1
artist	ntr_contain6	jervis_mcentee	1
artist	ntr_contain6	frederick_varley	1
artist	ntr_contain6	charles_courtney_curran	1
artist	ntr_contain6	ni_zan	1
artist	ntr_contain6	robert_william_wood	1
artist	ntr_contain6	sam_francis	1
artist	ntr_contain6	ekaterina_tolstaya	1
artist	ntr_contain6	lucas_cranach_the_elder	1
artist	ntr_contain6	dai_xi	1
artist	ntr_contain6	wesley_willis	1
artist	ntr_contain6	stow_wengenroth	1
artist	ntr_contain6	frank_frazetta	1
artist	ntr_contain6	maurice_utrillo	1
artist	ntr_contain6	hermann-paul	1
artist	ntr_contain6	joseph_stella	1
artist	ntr_contain6	paul_klee	1
artist	ntr_contain6	arthur_berry	1
artist	ntr_contain6	xavier_martinez	1
artist	ntr_contain6	thomas_dewing	1
artist	ntr_contain6	albert_herter	1
artist	ntr_contain6	edward_kienholz	1
artist	ntr_contain6	robert_turnbull_macpherson	1
artist	ntr_contain6	geoffrey_scowcroft_fletcher	1
artist	ntr_contain6	ben_f_laposky	1
artist	ntr_contain6	arshile_gorky	1
artist	ntr_contain6	ramon_silva	1
artist	ntr_contain6	jane_emmet_de_glehn	1
artist	ntr_contain6	grant_wood	1
artist	ntr_contain6	emanuel_leutze	1
artist	ntr_contain6	li_cheng	1
artist	ntr_contain6	will_sampson	1
artist	ntr_contain6	aelbert_cuyp	1
artist	ntr_contain6	xu_wei	1
artist	ntr_contain6	huang_shen	1
artist	ntr_contain6	chen_chun	1
artist	ntr_contain6	umberto_bindi	1
artist	ntr_contain6	walter_inglis_anderson	1
artist	ntr_contain6	helen_chadwick	1
artist	ntr_contain6	karl_josef_weinmair	1
artist	ntr_contain6	lovis_corinth	1
artist	ntr_contain6	arman	1
artist	ntr_contain6	elsa_von_freytag-loringhoven	1
artist	ntr_contain6	george_hitchcock	1
artist	ntr_contain6	john_henry_twachtman	1
artist	ntr_contain6	giorgio_vasari	1
artist	ntr_contain6	joseph_beuys	1
artist	ntr_contain6	thomas_couture	1
artist	ntr_contain6	mei_qing	1
artist	ntr_contain6	frans_francken_the_younger	1
artist	ntr_contain6	anna_elizabeth_klumpke	1
artist	ntr_contain6	ernest_l_blumenschein	1
artist	ntr_contain6	alexander_helwig_wyant	1
artist	ntr_contain6	benjamin_haydon	1
artist	ntr_contain6	george_herriman	1
artist	ntr_contain6	ahmed_pervez	1
artist	ntr_contain6	john_william_casilear	1
artist	ntr_contain6	edward_burne-jones	1
artist	ntr_contain6	irving_ramsey_wiles	1
artist	ntr_contain6	li_zai	1
artist	ntr_contain6	grace_albee	1
artist	ntr_contain6	lilla_cabot_perry	1
artist	ntr_contain6	edward_steichen	1
artist	ntr_contain6	leo_friedlander	1
artist	ntr_contain6	cu_bai	1
artist	ntr_contain6	andrew_dasburg	1
artist	ntr_contain6	seth_and_mary_eastman	1
artist	ntr_contain6	jan_brueghel_the_younger	1
artist	ntr_contain6	bruno_s	1
artist	ntr_contain6	andy_warhol	1
artist	ntr_contain6	lyubov_popova	1
artist	ntr_contain6	reginald_marsh_1898	1
artist	ntr_contain6	ding_yunpeng	1
artist	ntr_contain6	alfred_henry_maurer	1
artist	ntr_contain6	josef_lada	1
artist	ntr_contain6	gao_xiang	1
artist	ntr_contain6	imogen_cunningham	1
artist	ntr_contain6	ben_shahn	1
artist	ntr_contain6	thomas_waterson_wood	1
artist	ntr_contain6	joseph_henry_sharp	1
artist	ntr_contain6	nathaniel_currier	1
artist	ntr_contain6	lee_brown_coye	1
artist	ntr_contain6	joseph_karl_stieler	1
artist	ntr_contain6	benjamin_williams_leader	1
artist	ntr_contain6	zhao_mengfu	1
artist	ntr_contain6	luis_eugenio_melendez	1
artist	ntr_contain6	clement_meadmore	1
artist	ntr_contain6	georgy_krutikov	1
artist	ntr_contain6	wang_yuanqi	1
artist	ntr_contain6	henri_fantin-latour	1
artist	ntr_contain6	juan_munoz	1
artist	ntr_contain6	li_tobler	1
artist	ntr_contain6	enrico_donati	1
artist	ntr_contain6	george_inness	1
artist	ntr_contain6	frank_weston_benson	1
artist	ntr_contain6	joyce_carlson	1
artist	ntr_contain6	peter_perez_burdett	1
artist	ntr_contain6	luo_pin	1
artist	ntr_contain6	jury_rupin	1
artist	ntr_contain6	louis_eilshemius	1
artist	ntr_contain6	alexander_stirling_calder	1
artist	ntr_contain6	caspar_david_friedrich	1
artist	ntr_contain6	gustave_moreau	1
artist	ntr_contain6	raden_saleh	1
artist	ntr_contain6	henry_moore	1
artist	ntr_contain6	fan_kuan	1
artist	ntr_contain6	j_alden_weir	1
artist	ntr_contain6	ed_roth	1
artist	ntr_contain6	paul_gustavson	1
artist	ntr_contain6	su_shi	1
artist	ntr_contain6	mina_loy	1
artist	ntr_contain6	hannah_frank	1
artist	ntr_contain6	colin_campbell_cooper	1
artist	ntr_contain6	maurice_prendergast	1
artist	ntr_contain6	jan_baptist_weenix	1
artist	ntr_contain6	eulabee_dix	1
artist	ntr_contain6	wayne_howard	1
artist	ntr_contain6	ding_guanpeng	1
artist	ntr_contain6	lucia_peka	1
artist	ntr_contain6	lyonel_feininger	1
artist	ntr_contain6	magnus_enckell	1
artist	ntr_contain6	trevor_denning	1
artist	ntr_contain6	angus_fairhurst	1
artist	ntr_contain6	seraphine_louis	1
artist	ntr_contain6	robert_mapplethorpe	1
artist	ntr_contain6	joseph_wright_of_derby	1
artist	ntr_contain6	albert_whitlock	1
artist	ntr_contain6	ernie_barnes	1
artist	ntr_contain6	j_j_lankes	1
artist	ntr_contain6	stuart_sutcliffe	1
artist	ntr_contain6	charles_edenshaw	1
artist	ntr_contain6	samuel_w_rowse	1
artist	ntr_contain6	george_ault	1
artist	ntr_contain6	augustus_saint-gaudens	1
artist	ntr_contain6	reginald_case	1
artist	ntr_contain6	william_simpson	1
artist	ntr_contain6	herbert_ferber	1
artist	ntr_contain6	chen_chong_swee	1
artist	ntr_contain6	thomas_hudson_1701	1
artist	ntr_contain6	hans_rottenhammer	1
artist	ntr_contain6	min_zhen	1
artist	ntr_contain6	egon_schiele	1
artist	ntr_contain6	ni_tian	1
artist	ntr_contain6	ed_paschke	1
artist	ntr_contain6	nam_june_paik	1
artist	ntr_contain6	george_bellows	1
artist	ntr_contain6	jose_ribera	1
artist	ntr_contain6	roger_van_der_weyden	1
artist	ntr_contain6	ludwig_wilding	1
artist	ntr_contain6	greta_kempton	1
artist	ntr_contain6	hieronymus_bosch	1
artist	ntr_contain6	robert_henri	1
artist	ntr_contain6	zhan_ziqian	1
artist	ntr_contain6	mikhail_vrubel	1
artist	ntr_contain6	pontormo	1
artist	ntr_contain6	enrico_baj	1
artist	ntr_contain6	bob_ross	1
artist	ntr_contain6	li_shan	1
artist	ntr_contain6	li_shida	1
artist	ntr_contain6	sun_kehong	1
artist	ntr_contain6	tom_thomson	1
artist	ntr_contain6	leon_bakst	1
artist	ntr_contain6	arthur_quartley	1
artist	ntr_contain6	romain_de_tirtoff	1
artist	ntr_contain6	yves_klein	1
artist	ntr_contain6	ossip_zadkine	1
artist	ntr_contain6	three_midnight_stories	1
artist	ntr_contain6	nathaniel_dance-holland	1
artist	ntr_contain6	edo_murtic	1
artist	ntr_contain6	john_d_graham	1
artist	ntr_contain6	norman_bluhm	1
artist	ntr_contain6	william_page	1
artist	ntr_contain6	adriaen_hanneman	1
artist	ntr_contain6	chikabo_kumada	1
artist	ntr_contain6	herbert_adams	1
artist	ntr_contain6	wang_hui	1
artist	ntr_contain6	theodore_robinson	1
artist	ntr_contain6	nicolaes_eliaszoon_pickenoy	1
artist	ntr_contain6	giotto_di_bondone	1
artist	ntr_contain6	wu_zuoren	1
artist	ntr_contain6	adolph_gottlieb	1
artist	ntr_contain6	ernest_lawson	1
artist	ntr_contain6	nicolaes_pieterszoon_berchem	1
artist	ntr_contain6	harold_gilman	1
artist	ntr_contain6	robert_smithson	1
artist	ntr_contain6	a_g_heaton	1
artist	ntr_contain6	william_henry_rinehart	1
artist	ntr_contain6	leonard_baskin	1
artist	ntr_contain6	zhou_wenjing	1
artist	ntr_contain6	joseph_cornell	1
artist	ntr_contain6	gerrit_adriaenszoon_berckheyde	1
artist	ntr_contain6	carl_sweezy	1
artist	ntr_contain6	bernard_fleetwood_walker	1
artist	ntr_contain6	mario_prassinos	1
artist	ntr_contain6	washington_allston	1
artist	ntr_contain6	louis_d_fancher	1
artist	ntr_contain6	ford_madox_brown	1
artist	ntr_contain6	henry_inman	1
artist	ntr_contain6	blackbear_bosin	1
artist	ntr_contain6	richard_mock	1
artist	ntr_contain6	josef_albers	1
artist	ntr_contain6	david_howard_hitchcock	1
artist	ntr_contain6	alton_tobey	1
artist	ntr_contain6	jean-michel_basquiat	1
artist	ntr_contain6	anton_raphael_mengs	1
artist	ntr_contain6	anna_boch	1
artist	ntr_contain6	anna_visscher	1
artist	ntr_contain6	peter_f_rothermel	1
artist	ntr_contain6	alexander_andreyevich_ivanov	1
artist	ntr_contain6	paulus_potter	1
artist	ntr_contain6	meret_oppenheim	1
artist	ntr_contain6	adah_isaacs_menken	1
artist	ntr_contain6	boardman_robinson	1
artist	ntr_contain6	dong_yuan	1
artist	ntr_contain6	caspar_buberl	1
artist	ntr_contain6	zhu_derun	1
artist	ntr_contain6	charles_harold_davis	1
artist	ntr_contain6	gentile_bellini	1
artist	ntr_contain6	bruce_ariss	1
artist	ntr_contain6	jan_asselijn	1
artist	ntr_contain6	augustus_dunbier	1
artist	ntr_contain6	richard_diebenkorn	1
artist	ntr_contain6	jan_toorop	1
artist	ntr_contain6	david_burliuk	1
artist	ntr_contain6	isamu_noguchi	1
artist	ntr_contain6	allyn_cox	1
artist	ntr_contain6	hendrick_ter_brugghen	1
artist	ntr_contain6	edmund_charles_tarbell	1
artist	ntr_contain6	daniel_wadsworth	1
artist	ntr_contain6	louis_comfort_tiffany	1
artist	ntr_contain6	pacita_abad	1
artist	ntr_contain6	yan_hui	1
artist	ntr_contain6	adriaen_van_der_werff	1
artist	ntr_contain6	vincent_van_gogh	1
artist	ntr_contain6	valentine_hugo	1
artist	ntr_contain6	willard_metcalf	1
artist	ntr_contain6	john_brewster_jr	1
artist	ntr_contain6	edward_moran	1
artist	ntr_contain6	caroline_k	1
artist	ntr_contain6	tom_wesselmann	1
artist	ntr_contain6	zhang_xuan	1
artist	ntr_contain6	zheng_xie	1
artist	ntr_contain6	johann_david_passavant	1
artist	ntr_contain6	revel_cooper	1
artist	ntr_contain6	maria_cosway	1
artist	ntr_contain6	frances_macdonald	1
artist	ntr_contain6	gao_qipei	1
artist	ntr_contain6	mark_lombardi	1
artist	ntr_contain6	jeanne_hebuterne	1
artist	ntr_contain6	louise_bourgeois	1
artist	ntr_contain6	hale_woodruff	1
artist	ntr_contain6	j_e_h_macdonald	1
artist	ntr_contain6	jose_de_creeft	1
artist	ntr_contain6	kenneth_noland	1
artist	ntr_contain6	hans_holbein_the_younger	1
artist	ntr_contain6	erasmus_augustus_worthington	1
artist	ntr_contain6	mi_fu	1
artist	ntr_contain6	winslow_homer	1
artist	ntr_contain6	alphonse_legros	1
artist	ntr_contain6	william-adolphe_bouguereau	1
artist	ntr_contain6	george_romney	1
artist	ntr_contain6	paul_feeley	1
artist	ntr_contain6	elisabeth_louise_vigee_le_brun	1
artist	ntr_contain6	dmitry_kardovsky	1
artist	ntr_contain6	moses_jacob_ezekiel	1
artist	ntr_contain6	kjartan_slettemark	1
artist	ntr_contain6	keith_haring	1
artist	ntr_contain6	jacopo_bassano	1
artist	ntr_contain6	paolo_troubetzkoy	1
artist	ntr_contain6	xia_chang	1
artist	ntr_contain6	patience_wright	1
artist	ntr_contain6	alexander_milne_calder	1
artist	ntr_contain6	yevgeny_vuchetich	1
artist	ntr_contain6	j_p_pickens	1
artist	ntr_contain6	qi_baishi	1
artist	ntr_contain6	wilhelm_von_kaulbach	1
artist	ntr_contain6	edgar_degas	1
artist	ntr_contain6	george_caleb_bingham	1
artist	ntr_contain6	james_jebusa_shannon	1
artist	ntr_contain6	titian	1
artist	ntr_contain6	pietro_perugino	1
artist	ntr_contain6	petrus_christus	1
artist	ntr_contain6	alexey_bogolyubov	1
artist	ntr_contain6	francois_leon_benouville	1
artist	ntr_contain6	philip_johnson	1
artist	ntr_contain6	david_vinckboons	1
artist	ntr_contain6	joseph-marie_vien	1
artist	ntr_contain6	frederick_carl_frieseke	1
artist	ntr_contain6	bian_jingzhao	1
artist	ntr_contain6	jacques_emile_blanche	1
artist	ntr_contain6	david_stringbean_akeman	1
artist	ntr_contain6	ilia_zdanevich	1
artist	ntr_contain6	al_hansen	1
artist	ntr_contain6	louise_berliawsky_nevelson	1
artist	ntr_contain6	eilif_peterssen	1
artist	ntr_contain6	jose_antonio_burciaga	1
artist	ntr_contain6	christian_schad	1
artist	ntr_contain6	fei_danxu	1
artist	ntr_contain6	louis_w_ballard	1
artist	ntr_contain6	felix_resurreccion_hidalgo	1
artist	ntr_contain6	richard_pousette-dart	1
artist	ntr_contain6	andre_beauneveu	1
artist	ntr_contain6	stanton_macdonald-wright	1
artist	ntr_contain6	william_dobell	1
artist	ntr_contain6	abraham_storck	1
artist	ntr_contain6	william_hart	1
artist	ntr_contain6	lucy_bacon	1
artist	ntr_contain6	isaac_van_ostade	1
artist	ntr_contain6	constantin_meunier	1
artist	ntr_contain6	gaston_lachaise	1
artist	ntr_contain6	nicolas_poussin	1
artist	ntr_contain6	jack_butler_yeats	1
artist	ntr_contain6	augustus_john	1
artist	ntr_contain6	thomas_hart_benton_1889	1
artist	ntr_contain6	wilton_lockwood	1
artist	ntr_contain6	julian_scott	1
artist	ntr_contain6	morgan_russell	1
artist	ntr_contain6	joseph_horace_eaton	1
artist	ntr_contain6	emilio_giuseppe_dossena	1
artist	ntr_contain6	jacob_riis	1
artist	ntr_contain6	man_ray	1
artist	ntr_contain6	emmy_bridgwater	1
artist	ntr_contain6	lois_mailou_jones	1
artist	ntr_contain6	elbridge_ayer_burbank	1
artist	ntr_contain6	daniele_da_volterra	1
artist	ntr_contain6	willem_de_kooning	1
artist	ntr_contain6	hans_memling	1
artist	ntr_contain6	porter_wagoner	1
artist	ntr_contain6	mark_rothko	1
artist	ntr_contain6	barnett_newman	1
artist	ntr_contain6	wen_boren	1
artist	ntr_contain6	sun_long	1
artist	ntr_contain6	peter_tillemans	1
artist	ntr_contain6	tommy_makem	1
artist	ntr_contain6	mabel_alvarez	1
artist	ntr_contain6	matthias_stom	1
artist	ntr_contain6	abraham_govaerts	1
artist	ntr_contain6	suzanne_valadon	1
artist	ntr_contain6	heinrich_harder	1
artist	ntr_contain6	wang_e	1
artist	ntr_contain6	meijer_de_haan	1
artist	ntr_contain6	william_glackens	1
artist	ntr_contain6	gao_fenghan	1
artist	ntr_contain6	brett_whiteley	1
artist	ntr_contain6	piero_manzoni	1
artist	ntr_contain6	rembrandt	1
artist	ntr_contain6	peter_paul_rubens	1
artist	ntr_contain6	fitz_hugh_lane	1
artist	ntr_contain6	t_c_cannon	1
artist	ntr_contain6	samuel_colman	1
artist	ntr_contain6	nicaise_de_keyser	1
artist	ntr_contain6	robert_motherwell	1
artist	ntr_contain6	edward_hopper	1
artist	ntr_contain6	andre_masson	1
artist	ntr_contain6	qian_xuan	1
artist	ntr_contain6	alexandre_cabanel	1
artist	ntr_contain6	walt_kuhn	1
artist	ntr_contain6	franz_kline	1
artist	ntr_contain6	kay_sage	1
artist	ntr_contain6	jan_steen	1
artist	ntr_contain6	jiang_tingxi	1
artist	ntr_contain6	randolph_caldecott	1
artist	ntr_contain6	cecilia_beaux	1
artist	ntr_contain6	david_smith_1906	1
artist	ntr_contain6	william_jacob_baer	1
artist	ntr_contain6	bridget_bate_tichenor	1
artist	ntr_contain6	natalia_goncharova	1
artist	ntr_contain6	charles_allan_gilbert	1
artist	ntr_contain6	george_stubbs	1
artist	ntr_contain6	gid_tanner	1
artist	ntr_contain6	raphaelle_peale	1
artist	ntr_contain6	ren_yi	1
artist	ntr_contain6	samuel_m_roosevelt	1
artist	ntr_contain6	joseph_wolf	1
artist	ntr_contain6	nicholas_pocock	1
artist	ntr_contain6	lawrence_saint	1
artist	ntr_contain6	nathan_altman	1
artist	ntr_contain6	roger_tory_peterson	1
artist	ntr_contain6	franz_marc	1
artist	ntr_contain6	meta_vaux_warrick_fuller	1
artist	ntr_contain6	eugene_boch	1
artist	ntr_contain6	john_quincy_adams_ward	1
artist	ntr_contain6	abbott_handerson_thayer	1
artist	ntr_contain6	ralph_earl	1
artist	ntr_contain6	ansel_adams	1
artist	ntr_contain6	louis_wain	1
artist	ntr_contain6	pieter_brueghel_the_elder	1
artist	ntr_contain6	clyfford_still	1
artist	ntr_contain6	giuseppe_arcimboldo	1
artist	ntr_contain6	theodore_roszak	1
artist	ntr_contain6	james_carroll_beckwith	1
artist	ntr_contain6	john_steuart_curry	1
artist	ntr_contain6	henry_siddons_mowbray	1
artist	ntr_contain6	edward_s_curtis	1
artist	ntr_contain6	margaret_macdonald	1
artist	ntr_contain6	henri_de_toulouse-lautrec	1
artist	ntr_contain6	cassandra_austen	1
artist	ntr_contain6	john_marin	1
artist	ntr_contain6	james_frothingham	1
artist	ntr_contain6	morris_louis_bernstein	1
artist	ntr_contain6	john_trumbull	1
artist	ntr_contain6	lilias_trotter_1852	1
artist	ntr_contain6	theo_van_doesburg	1
artist	ntr_contain6	adolf_hitler	1
artist	ntr_contain6	rosaleen_norton	1
artist	ntr_contain6	katherine_sophie_dreier	1
artist	ntr_contain6	sol_brodsky	1
artist	ntr_contain6	floyd_red_crow_westerman	1
artist	ntr_contain6	robert_rauschenberg	1
artist	ntr_contain6	thomas_satterwhite_noble	1
artist	ntr_contain6	alexander_calder	1
artist	ntr_contain6	albert_bierstadt	1
artist	ntr_contain6	duccio	1
artist	ntr_contain6	vladimir_bartol	0
artist	ntr_contain6	emile_durkheim	0
artist	ntr_contain6	joe_shuster	1
artist	ntr_contain6	n_c_wyeth	1
artist	ntr_contain6	amedeo_modigliani	1
artist	ntr_contain6	lawren_harris	1
artist	ntr_contain6	charles_willson_peale	1
artist	ntr_contain6	eugene_boudin	1
artist	ntr_contain6	dogen	0
artist	ntr_contain6	aert_de_gelder	1
artist	ntr_contain6	augustus_vincent_tack	1
artist	ntr_contain6	william_crotch	1
artist	ntr_contain6	jane_frank	1
artist	ntr_contain6	karl_oenike	1
artist	ntr_contain6	george_rickey	1
artist	ntr_contain6	george_albert_frost	1
artist	ntr_contain6	pieter_lastman	1
artist	ntr_contain6	frederic_edwin_church	1
artist	ntr_contain6	charles_addams	1
artist	ntr_contain6	mervyn_peake	1
artist	ntr_contain6	ivan_petrovich	0
artist	ntr_contain6	santo_kyoden	1
artist	ntr_contain6	fernando_amorsolo	1
artist	ntr_contain6	huang_gongwang	1
artist	ntr_contain6	andrew_wyeth	1
artist	ntr_contain6	paul_gauguin	1
artist	ntr_contain6	juan_luna	1
artist	ntr_contain6	jack_cole_1914	1
artist	ntr_contain6	john_perceval	1
artist	ntr_contain6	thomas_cole	1
artist	ntr_contain6	moritz_daniel_oppenheim	1
artist	ntr_contain6	john_kane	1
artist	ntr_contain6	francis_bicknell_carpenter	1
artist	ntr_contain6	jess_stacy	0
artist	ntr_contain6	paul_strand	1
artist	ntr_contain6	eadweard_muybridge	1
artist	ntr_contain6	frederic_remington	1
artist	ntr_contain6	john_collier	1
artist	ntr_contain6	john_constable	1
artist	ntr_contain6	starr_kempf	1
artist	ntr_contain6	tee_corinne	1
artist	ntr_contain6	nicolas_de_largilliere	1
artist	ntr_contain6	philip_evergood	1
artist	ntr_contain6	peter_lely	1
artist	ntr_contain6	alfred_o_p_nicholson	0
artist	ntr_contain6	norman_rockwell	1
artist	ntr_contain6	jay_defeo	1
artist	ntr_contain6	edward_weston	1
artist	ntr_contain6	wang_wei	1
artist	ntr_contain6	john_william_waterhouse	1
artist	ntr_contain6	antoni_gaudi	1
artist	ntr_contain6	wu_guanzhong	1
artist	ntr_contain6	george_winter	1
artist	ntr_contain6	paul_cadmus	1
artist	ntr_contain6	walt_disney	1
artist	ntr_contain6	romaine_brooks	1
artist	ntr_contain6	al_hirschfeld	1
artist	ntr_contain6	jean_tabaud	1
artist	ntr_contain6	mary_cassatt	1
artist	ntr_contain6	elemore_morgan_jr	1
artist	ntr_contain6	francis_l_hawks	0
artist	ntr_contain6	ernst_ludwig_kirchner	1
artist	ntr_contain6	alfonso_a_ossorio	1
artist	ntr_contain6	gabriel_metsu	1
artist	ntr_contain6	lucas_van_leyden	1
artist	ntr_contain6	bertel_thorvaldsen	1
artist	ntr_contain6	duane_hanson	1
artist	ntr_contain6	ernest_stoneman	1
artist	ntr_contain6	kenyon_cox	1
artist	ntr_contain6	m_c_escher	1
artist	ntr_contain6	claude_cahun	1
artist	ntr_contain6	taufaahau_tupou_iv	0
artist	ntr_contain6	frank_johnston_1888	1
artist	ntr_contain6	cimabue	1
artist	ntr_contain6	otto_dix	1
artist	ntr_contain6	elizabeth_murray	1
artist	ntr_contain6	betty_goodwin	1
artist	ntr_contain6	wally_wood	1
artist	ntr_contain6	henry_farrer	1
artist	ntr_contain6	kazimir_malevich	1
artist	ntr_contain6	jean-leon_gerome	1
artist	ntr_contain6	louisa_may_alcott	0
artist	ntr_contain6	john_french_sloan	1
artist	ntr_contain6	george_catlin	1
artist	ntr_contain6	sir_charles_fox	0
artist	ntr_contain6	albert_edelfelt	1
artist	ntr_contain6	eastman_johnson	1
artist	ntr_contain6	raul_borges	0
artist	ntr_contain6	earl_manigault	0
artist	ntr_contain6	mario_merz	1
artist	ntr_contain6	frank_duveneck	1
artist	ntr_contain6	henri_rousseau	1
artist	ntr_contain6	edward_mitchell_bannister	1
artist	ntr_contain6	titian_peale	1
artist	ntr_contain6	gus_hall	0
artist	ntr_contain6	childe_hassam	1
artist	ntr_contain6	john_lafarge	1
artist	ntr_contain6	christo_and_jeanne-claude	1
artist	ntr_contain6	hilla_von_rebay	1
artist	ntr_contain6	el_lissitzky	1
artist	ntr_contain6	dai_jin	1
artist	ntr_contain6	anne_truitt	1
artist	ntr_contain6	bobby_driscoll	1
artist	ntr_contain6	ren_xiong	1
artist	ntr_contain6	win_coates	0
artist	ntr_contain6	aelbrecht_bouts	1
artist	ntr_contain6	max_weber_1881	1
asphyxia	ntr_contain11	murder_of_tina_watson	1
asphyxia	ntr_contain11	jesse_dirkhising	1
asphyxia	ntr_contain11	homicide_of_annie_le	1
asphyxia	ntr_contain11	tiberius	1
asphyxia	ntr_contain11	hulusi_behcet	0
asphyxia	ntr_contain11	rajeev_motwani	0
asphyxia	ntr_contain11	jill_ireland	0
asphyxia	ntr_contain11	eric_xiv_of_sweden	0
asphyxia	ntr_contain11	arthur_franz	0
asphyxia	ntr_contain11	robert_preston_1918	0
asphyxia	ntr_contain11	jan_paul_beahm	0
asphyxia	ntr_contain11	ramon_power_y_giralt	0
asphyxia	ntr_contain11	stuart_erwin	0
asphyxia	ntr_contain11	kathleen_freeman	0
asphyxia	ntr_contain11	jeff_healey	0
asphyxia	ntr_contain11	celia_cruz	0
assassination	ntr_contain11	rajiv_gandhi	1
assassination	ntr_contain11	rigas_feraios	1
assassination	ntr_contain11	yokoi_shounan	1
assassination	ntr_contain11	james_sharp	1
assassination	ntr_contain11	samuel_akintola	1
assassination	ntr_contain11	ion_g_duca	1
assassination	ntr_contain11	john_iii_duke_of_bavaria_straubing	1
assassination	ntr_contain11	benito_mussolini	1
assassination	ntr_contain11	james_chaney	1
assassination	ntr_contain11	kethesh_loganathan	1
assassination	ntr_contain11	karen_demirchyan	1
assassination	ntr_contain11	richard_bourke_6th_earl_of_mayo	1
assassination	ntr_contain11	charles_lennox_richardson	1
assassination	ntr_contain11	ngo_dinh_nhu	1
assassination	ntr_contain11	william_f_tucker	1
assassination	ntr_contain11	francois_darlan	1
assassination	ntr_contain11	sakuma_shozan	1
assassination	ntr_contain11	postumus	1
assassination	ntr_contain11	siegfried_buback	1
assassination	ntr_contain11	michael_schwerner	1
assassination	ntr_contain11	alex_odeh	1
assassination	ntr_contain11	pupienus	1
assassination	ntr_contain11	jaime_garzon	1
assassination	ntr_contain11	kaspar_hauser	1
assassination	ntr_contain11	elisabeth_of_bavaria	1
assassination	ntr_contain11	vladislav_listyev	1
assassination	ntr_contain11	nicholas_ii_of_russia	1
assassination	ntr_contain11	albert_i_of_germany	1
assassination	ntr_contain11	mark_clark	1
assassination	ntr_contain11	caracalla	1
assassination	ntr_contain11	gustav_iii_of_sweden	1
assassination	ntr_contain11	samir_kassir	1
assassination	ntr_contain11	abraham_gonzalez	1
assassination	ntr_contain11	colonel_pesian	1
assassination	ntr_contain11	ilija_bircanin	1
assassination	ntr_contain11	ernst_vom_rath	1
assassination	ntr_contain11	girolamo_riario	1
assassination	ntr_contain11	henry_stuart_lord_darnley	1
assassination	ntr_contain11	hamaguchi_osachi	1
assassination	ntr_contain11	k_s_raja	1
assassination	ntr_contain11	cyprien_ntaryamira	1
assassination	ntr_contain11	caesonia	1
assassination	ntr_contain11	raymond_ii_of_tripoli	1
assassination	ntr_contain11	yahya_muhammad_hamid_ed-din	1
assassination	ntr_contain11	fred_hampton	1
assassination	ntr_contain11	khaled_mosharraf	1
assassination	ntr_contain11	louis_of_valois_duke_of_orleans	1
assassination	ntr_contain11	philip_of_swabia	1
assassination	ntr_contain11	u_ur_mumcu	1
assassination	ntr_contain11	george_villiers_1st_duke_of_buckingham	1
assassination	ntr_contain11	carlos_soto_arrivi	1
assassination	ntr_contain11	maria_elena_moyano	1
assassination	ntr_contain11	cincinnatus_leconte	1
assassination	ntr_contain11	victor_jara	1
assassination	ntr_contain11	thomas_c_hindman	1
assassination	ntr_contain11	fritz_gerlich	1
assassination	ntr_contain11	oda_nobunaga	1
assassination	ntr_contain11	lord_frederick_cavendish	1
assassination	ntr_contain11	nader_shah	1
assassination	ntr_contain11	bernardo_jaramillo_ossa	1
assassination	ntr_contain11	eric_v_of_denmark	1
assassination	ntr_contain11	alexander_balas	1
assassination	ntr_contain11	saint_boniface	1
assassination	ntr_contain11	carlo_tresca	1
assassination	ntr_contain11	wenceslao_vinzons	1
assassination	ntr_contain11	luis_carlos_galan	1
assassination	ntr_contain11	alcibiades	1
assassination	ntr_contain11	anastasio_somoza_garcia	1
assassination	ntr_contain11	george_adamson	1
assassination	ntr_contain11	alois_rasin	1
assassination	ntr_contain11	william_jay_gaynor	1
assassination	ntr_contain11	john_lennon	1
assassination	ntr_contain11	moritz_schlick	1
assassination	ntr_contain11	meir_kahane	1
assassination	ntr_contain11	vernon_dahmer	1
assassination	ntr_contain11	chauncey_bailey	1
assassination	ntr_contain11	patrice_lumumba	1
assassination	ntr_contain11	pope_john_xii	1
assassination	ntr_contain11	james_miller_1968	1
assassination	ntr_contain11	jarallah_omar	1
assassination	ntr_contain11	george_moscone	1
assassination	ntr_contain11	rohana_wijeweera	1
assassination	ntr_contain11	darcy_mcgee	1
assassination	ntr_contain11	carmine_pecorelli	1
assassination	ntr_contain11	karl_liebknecht	1
assassination	ntr_contain11	miguel_angel_blanco	1
assassination	ntr_contain11	tiberius_gracchus	1
assassination	ntr_contain11	birendra_of_nepal	1
assassination	ntr_contain11	chico_mendes	1
assassination	ntr_contain11	fathi_shaqaqi	1
assassination	ntr_contain11	aurelian	1
assassination	ntr_contain11	ana_maria	1
assassination	ntr_contain11	carlos_delgado_chalbaud	1
assassination	ntr_contain11	oliverio_castaneda	1
assassination	ntr_contain11	dominic_mcglinchey	1
assassination	ntr_contain11	giacomo_matteotti	1
assassination	ntr_contain11	matthias_erzberger	1
assassination	ntr_contain11	abu_samhadana	1
assassination	ntr_contain11	alan_berg	1
assassination	ntr_contain11	taraki_sivaram	1
assassination	ntr_contain11	okubo_toshimichi	1
assassination	ntr_contain11	james_w_w_birch	1
assassination	ntr_contain11	anna_lindh	1
assassination	ntr_contain11	mehmed-pasa_sokolovic	1
assassination	ntr_contain11	malcolm_x	1
assassination	ntr_contain11	saito_makoto	1
assassination	ntr_contain11	abu_ali_mustafa	1
assassination	ntr_contain11	tarquinius_priscus	1
assassination	ntr_contain11	mohammed_daoud_khan	1
assassination	ntr_contain11	sakamoto_ryoma	1
assassination	ntr_contain11	roque_dalton	1
assassination	ntr_contain11	oscar_romero	1
assassination	ntr_contain11	rashid_karami	1
assassination	ntr_contain11	orlando_letelier	1
assassination	ntr_contain11	grand_duchess_tatiana_nikolaevna_of_russia	1
assassination	ntr_contain11	olof_palme	1
assassination	ntr_contain11	vangaveeti_mohana_ranga_vuyyuru	1
assassination	ntr_contain11	hyrum_smith	1
assassination	ntr_contain11	elie_hobeika	1
assassination	ntr_contain11	mori_arinori	1
assassination	ntr_contain11	xerxes_ii_of_persia	1
assassination	ntr_contain11	shahriar_shafiq	1
assassination	ntr_contain11	rafik_hariri	1
assassination	ntr_contain11	abdul_haq	1
assassination	ntr_contain11	funsho_williams	1
assassination	ntr_contain11	ziaur_rahman	1
assassination	ntr_contain11	iqbal_masih	1
assassination	ntr_contain11	ataulf	1
assassination	ntr_contain11	wen_yiduo	1
assassination	ntr_contain11	abigail_folger	1
assassination	ntr_contain11	volodymyr_ivasyuk	1
assassination	ntr_contain11	henry_iii_of_france	1
assassination	ntr_contain11	john_duke_of_burgundy	1
assassination	ntr_contain11	grand_duchess_anastasia_nikolaevna_of_russia	1
assassination	ntr_contain11	farabundo_marti	1
assassination	ntr_contain11	michael_collins	1
assassination	ntr_contain11	liaquat_ali_khan	1
assassination	ntr_contain11	juan_prim	1
assassination	ntr_contain11	martin_luther_king_jr	1
assassination	ntr_contain11	teymour_tash	1
assassination	ntr_contain11	kenji_nagai	1
assassination	ntr_contain11	abd_al_ilah	1
assassination	ntr_contain11	janani_luwum	1
assassination	ntr_contain11	dag_hammarskjold	1
assassination	ntr_contain11	frank_steunenberg	1
assassination	ntr_contain11	caligula	1
assassination	ntr_contain11	inejiro_asanuma	1
assassination	ntr_contain11	jean-paul_marat	1
assassination	ntr_contain11	peter_iii_of_russia	1
assassination	ntr_contain11	rashad_khalifa	1
assassination	ntr_contain11	conrad_of_montferrat	1
assassination	ntr_contain11	claudius	1
assassination	ntr_contain11	subramaniyam_sugirdharajan	1
assassination	ntr_contain11	eliel_soisalon-soininen	1
assassination	ntr_contain11	jean-jacques_dessalines	1
assassination	ntr_contain11	maximinus_thrax	1
assassination	ntr_contain11	jacob_israel_de_haan	1
assassination	ntr_contain11	franz_burkl	1
assassination	ntr_contain11	charles_vii_of_sweden	1
assassination	ntr_contain11	benigno_aquino_jr	1
assassination	ntr_contain11	binyamin_zeev_kahane	1
assassination	ntr_contain11	margaret_hassan	1
assassination	ntr_contain11	julius_caesar	1
assassination	ntr_contain11	henry_gurney	1
assassination	ntr_contain11	kim_gu	1
assassination	ntr_contain11	reinhard_heydrich	1
assassination	ntr_contain11	theo_van_gogh	1
assassination	ntr_contain11	john_capodistria	1
assassination	ntr_contain11	galeazzo_maria_sforza	1
assassination	ntr_contain11	premislas_ii_of_poland	1
assassination	ntr_contain11	avni_rrustemi	1
assassination	ntr_contain11	jose_maria_pino_suarez	1
assassination	ntr_contain11	venustiano_carranza	1
assassination	ntr_contain11	paul_i_of_russia	1
assassination	ntr_contain11	jesse_james	1
assassination	ntr_contain11	vijaya_kumaratunga	1
assassination	ntr_contain11	luis_carrero_blanco	1
assassination	ntr_contain11	abdelkader_hachani	1
assassination	ntr_contain11	aung_san	1
assassination	ntr_contain11	noe_ramishvili	1
assassination	ntr_contain11	tom_hurndall	1
assassination	ntr_contain11	balbinus	1
assassination	ntr_contain11	abdel_aziz_al-rantissi	1
assassination	ntr_contain11	giovanni_amendola	1
assassination	ntr_contain11	habibullah_khan	1
assassination	ntr_contain11	huey_long	1
assassination	ntr_contain11	solomon_mikhoels	1
assassination	ntr_contain11	luis_donaldo_colosio	1
assassination	ntr_contain11	thomas_becket	1
assassination	ntr_contain11	francesca_da_rimini	1
assassination	ntr_contain11	waldemar_milewicz	1
assassination	ntr_contain11	durham_stevens	1
assassination	ntr_contain11	morteza_motahhari	1
assassination	ntr_contain11	aleksandar_stamboliyski	1
assassination	ntr_contain11	vitellius	1
assassination	ntr_contain11	madalyn_murray_ohair	1
assassination	ntr_contain11	gordian_iii	1
assassination	ntr_contain11	eduardo_dato_iradier	1
assassination	ntr_contain11	numerian	1
assassination	ntr_contain11	rafael_leonidas_trujillo	1
assassination	ntr_contain11	gamini_dissanayake	1
assassination	ntr_contain11	ivan_stambolic	1
assassination	ntr_contain11	arnaldo_dario_rosado	1
assassination	ntr_contain11	ezzedine_salim	1
assassination	ntr_contain11	james_garfield	1
assassination	ntr_contain11	walter_guinness_1st_baron_moyne	1
assassination	ntr_contain11	venancio_flores	1
assassination	ntr_contain11	sverker_i_of_sweden	1
assassination	ntr_contain11	edouard_adolphe_casimir_joseph_mortier	1
assassination	ntr_contain11	chandra_fernando	1
assassination	ntr_contain11	henry_hughes_wilson	1
assassination	ntr_contain11	munir_said_thalib	1
assassination	ntr_contain11	galba	1
assassination	ntr_contain11	lounes_matoub	1
assassination	ntr_contain11	barbu_catargiu	1
assassination	ntr_contain11	didius_julianus	1
assassination	ntr_contain11	christopher_ewart-biggs	1
assassination	ntr_contain11	rajini_rajasingham_thiranagama	1
assassination	ntr_contain11	guillermo_cano_isaza	1
assassination	ntr_contain11	luis_miguel_sanchez_cerro	1
assassination	ntr_contain11	thomas_sankara	1
assassination	ntr_contain11	antonio_guiteras	1
assassination	ntr_contain11	mahatma_gandhi	1
assassination	ntr_contain11	grigori_rasputin	1
assassination	ntr_contain11	alexander_dutov	1
assassination	ntr_contain11	theodoros_deligiannis	1
assassination	ntr_contain11	hitoshi_igarashi	1
assassination	ntr_contain11	louis_alexandre_de_launay_comte_dantraigues	1
assassination	ntr_contain11	queen_draga	1
assassination	ntr_contain11	constans_ii	1
assassination	ntr_contain11	ntare_v	1
assassination	ntr_contain11	cheb_hasni	1
assassination	ntr_contain11	ilia_the_righteous	1
assassination	ntr_contain11	dzhabrail_yamadayev	1
assassination	ntr_contain11	diana_turbay	1
assassination	ntr_contain11	boleslaus_george_ii_of_halych	1
assassination	ntr_contain11	airey_neave	1
assassination	ntr_contain11	le_quang_tung	1
assassination	ntr_contain11	corneliu_zelea_codreanu	1
assassination	ntr_contain11	xerxes_i_of_persia	1
assassination	ntr_contain11	pham_ngoc_thao	1
assassination	ntr_contain11	stepan_bandera	1
assassination	ntr_contain11	alexander_i_of_yugoslavia	1
assassination	ntr_contain11	jules_ferry	1
assassination	ntr_contain11	sheikh_sittar	1
assassination	ntr_contain11	inukai_tsuyoshi	1
assassination	ntr_contain11	trinh_minh_the	1
assassination	ntr_contain11	paolo_malatesta	1
assassination	ntr_contain11	sinnathamby_sivamaharajah	1
assassination	ntr_contain11	louis_barthou	1
assassination	ntr_contain11	piersanti_mattarella	1
assassination	ntr_contain11	radama_ii_of_madagascar	1
assassination	ntr_contain11	abbas_al-musawi	1
assassination	ntr_contain11	said_halim_pasha	1
assassination	ntr_contain11	pompey	1
assassination	ntr_contain11	alexandre_banza	1
assassination	ntr_contain11	shaka	1
assassination	ntr_contain11	kim_okgyun	1
assassination	ntr_contain11	allard_k_lowenstein	1
assassination	ntr_contain11	mihailo_obrenovic_iii_prince_of_serbia	1
assassination	ntr_contain11	meena_keshwar_kamal	1
assassination	ntr_contain11	ahmed_shah_massoud	1
assassination	ntr_contain11	rehavam_zeevi	1
assassination	ntr_contain11	gebran_tueni	1
assassination	ntr_contain11	muhammad_boudiaf	1
assassination	ntr_contain11	joseph_foullon_de_doue	1
assassination	ntr_contain11	louis_michel_le_peletier_de_saint-fargeau	1
assassination	ntr_contain11	saint_ludmila	1
assassination	ntr_contain11	george_i_of_greece	1
assassination	ntr_contain11	paolo_borsellino	1
assassination	ntr_contain11	jose_balta	1
assassination	ntr_contain11	grand_duke_sergei_alexandrovich_of_russia	1
assassination	ntr_contain11	vadym_hetman	1
assassination	ntr_contain11	alexander_severus	1
assassination	ntr_contain11	hakim_said	1
assassination	ntr_contain11	aristobulus_ii	1
assassination	ntr_contain11	kamal_jumblatt	1
assassination	ntr_contain11	charles_ferdinand_duc_de_berry	1
assassination	ntr_contain11	filippo_strozzi_the_younger	1
assassination	ntr_contain11	otto_i_count_of_burgundy	1
assassination	ntr_contain11	eduardo_mondlane	1
assassination	ntr_contain11	mikhail_andreyevich_miloradovich	1
assassination	ntr_contain11	walter_plowden	1
assassination	ntr_contain11	antonio_luna	1
assassination	ntr_contain11	luigj_gurakuqi	1
assassination	ntr_contain11	julio_antonio_mella	1
assassination	ntr_contain11	ii_naosuke	1
assassination	ntr_contain11	albrecht_von_wallenstein	1
assassination	ntr_contain11	maximiliano_hernandez_martinez	1
assassination	ntr_contain11	balwantrai_mehta	1
assassination	ntr_contain11	ferdinand_i_of_portugal	1
assassination	ntr_contain11	david_hennessey	1
assassination	ntr_contain11	grand_duchess_maria_nikolaevna_of_russia	1
assassination	ntr_contain11	mariano_herencia_zevallos	1
assassination	ntr_contain11	bishop_henry	1
assassination	ntr_contain11	relangi_selvarajah	1
assassination	ntr_contain11	tajuddin_ahmad	1
assassination	ntr_contain11	mary_bastian	1
assassination	ntr_contain11	st_john_richardson_liddell	1
assassination	ntr_contain11	elagabalus	1
assassination	ntr_contain11	sheikh_abdul_halim	1
assassination	ntr_contain11	probus	1
assassination	ntr_contain11	sheikh_mujibur_rahman	1
assassination	ntr_contain11	viktor_popkov	1
assassination	ntr_contain11	heikki_ritavuori	1
assassination	ntr_contain11	antonio_canovas_del_castillo	1
assassination	ntr_contain11	ramon_berenguer_ii_count_of_barcelona	1
assassination	ntr_contain11	nicolae_iorga	1
assassination	ntr_contain11	antiochus_ii_theos	1
assassination	ntr_contain11	mohammad_ali_rajai	1
assassination	ntr_contain11	georges_mandel	1
assassination	ntr_contain11	krim_belkacem	1
assassination	ntr_contain11	ayatollah_mohammad_beheshti	1
assassination	ntr_contain11	george_jeyarajasingham	1
assassination	ntr_contain11	u_razak	1
assassination	ntr_contain11	manuel_rodriguez	1
assassination	ntr_contain11	jose_santos_guardiola	1
assassination	ntr_contain11	abdirashid_ali_shermarke	1
assassination	ntr_contain11	florianus	1
assassination	ntr_contain11	dorothy_stang	1
assassination	ntr_contain11	grand_duchess_olga_nikolaevna_of_russia	1
assassination	ntr_contain11	zoran_in_ic	1
assassination	ntr_contain11	veronica_guerin	1
assassination	ntr_contain11	bona_sforza	1
assassination	ntr_contain11	amalaric	1
assassination	ntr_contain11	kurt_von_schleicher	1
assassination	ntr_contain11	mohammed_baqir_al-hakim	1
assassination	ntr_contain11	albert_schaufelberger	1
assassination	ntr_contain11	muhammad_zia-ul-haq	1
assassination	ntr_contain11	indira_gandhi	1
assassination	ntr_contain11	isoroku_yamamoto	1
assassination	ntr_contain11	farag_foda	1
assassination	ntr_contain11	anastasio_somoza_debayle	1
assassination	ntr_contain11	jose_canalejas	1
assassination	ntr_contain11	umberto_i_of_italy	1
assassination	ntr_contain11	major_ridge	1
assassination	ntr_contain11	abdullah_i_of_jordan	1
assassination	ntr_contain11	daniel_parke	1
assassination	ntr_contain11	enrique_bermudez	1
assassination	ntr_contain11	walther_rathenau	1
assassination	ntr_contain11	stanislas_marie_adelaide_comte_de_clermont_tonnerre	1
assassination	ntr_contain11	ioan_flueras	1
assassination	ntr_contain11	antonio_jose_de_sucre	1
assassination	ntr_contain11	gaspard_de_coligny	1
assassination	ntr_contain11	firouz_mirza_nosrat-ed-dowleh_farman_farmaian_iii	1
assassination	ntr_contain11	marinos_antypas	1
assassination	ntr_contain11	faisal_ii_of_iraq	1
assassination	ntr_contain11	pocho_lepratti	1
assassination	ntr_contain11	william_mckinley	1
assassination	ntr_contain11	leo_ryan	1
assassination	ntr_contain11	marie_francois_sadi_carnot	1
assassination	ntr_contain11	aslan_maskhadov	1
assassination	ntr_contain11	mahmud_evket_pasha	1
assassination	ntr_contain11	herberts_cukurs	1
assassination	ntr_contain11	hassan_khaled	1
assassination	ntr_contain11	nguyen_van_nhung	1
assassination	ntr_contain11	tomas_mac_curtain	1
assassination	ntr_contain11	dany_chamoun	1
assassination	ntr_contain11	carlos_i_of_portugal	1
assassination	ntr_contain11	ernesto_balmaceda	1
assassination	ntr_contain11	laurence_foley	1
assassination	ntr_contain11	spencer_perceval	1
assassination	ntr_contain11	trebonianus_gallus	1
assassination	ntr_contain11	adekunle_fajuyi	1
assassination	ntr_contain11	medgar_evers	1
assassination	ntr_contain11	ta_thu_thau	1
assassination	ntr_contain11	georgi_markov	1
assassination	ntr_contain11	sidonio_pais	1
assassination	ntr_contain11	alexander_kutepov	1
assassination	ntr_contain11	johnson_aguiyi-ironsi	1
assassination	ntr_contain11	anthim_the_iberian	1
assassination	ntr_contain11	shapour_bakhtiar	1
assassination	ntr_contain11	mohammad_javad_bahonar	1
assassination	ntr_contain11	eric_xiv_of_sweden	1
assassination	ntr_contain11	francisco_pizarro	1
assassination	ntr_contain11	ramesses_iii	1
assassination	ntr_contain11	james_n_rowe	1
assassination	ntr_contain11	engelbrekt_engelbrektsson	1
assassination	ntr_contain11	tudor_vladimirescu	1
assassination	ntr_contain11	james_stewart_1st_earl_of_moray	1
assassination	ntr_contain11	cesare_terranova	1
assassination	ntr_contain11	zhang_zuolin	1
assassination	ntr_contain11	magomed_omarov	1
assassination	ntr_contain11	johan_heyns	1
assassination	ntr_contain11	pim_fortuyn	1
assassination	ntr_contain11	minamoto_no_sanetomo	1
assassination	ntr_contain11	richard_de_zoysa	1
assassination	ntr_contain11	manuel_enrique_araujo	1
assassination	ntr_contain11	george_hawi	1
assassination	ntr_contain11	carinus	1
assassination	ntr_contain11	frank_little_1879	1
assassination	ntr_contain11	archduke_franz_ferdinand_of_austria	1
assassination	ntr_contain11	phoolan_devi	1
assassination	ntr_contain11	nur_muhammad_taraki	1
assassination	ntr_contain11	gheorghe_argesanu	1
assassination	ntr_contain11	murtala_mohammed	1
assassination	ntr_contain11	chimalpopoca	1
assassination	ntr_contain11	savang_vatthana	1
assassination	ntr_contain11	gaston_calmette	1
assassination	ntr_contain11	ivan_vi_of_russia	1
assassination	ntr_contain11	george_seawright	1
assassination	ntr_contain11	conrad_bishop_of_utrecht	1
assassination	ntr_contain11	cicero	1
assassination	ntr_contain11	abdi_ipekci	1
assassination	ntr_contain11	ptolemy_xi_alexander_ii	1
assassination	ntr_contain11	anna_politkovskaya	1
assassination	ntr_contain11	mariano_melgarejo	1
assassination	ntr_contain11	mariathas_manojanraj	1
assassination	ntr_contain11	diego_portales	1
assassination	ntr_contain11	carlos_prats	1
assassination	ntr_contain11	norman_stronge	1
assassination	ntr_contain11	georgi_iliev	1
assassination	ntr_contain11	thiruchelvam_nihal_jim_brown	1
assassination	ntr_contain11	martin_miguel_de_guemes	1
assassination	ntr_contain11	aldo_moro	1
assassination	ntr_contain11	vladimir_herzog	1
assassination	ntr_contain11	aurora_quezon	1
assassination	ntr_contain11	dulcie_september	1
assassination	ntr_contain11	digna_ochoa	1
assassination	ntr_contain11	henri_curiel	1
assassination	ntr_contain11	onat_kutlar	1
assassination	ntr_contain11	julio_nalundasan	1
assassination	ntr_contain11	dmitry_sipyagin	1
assassination	ntr_contain11	gregoris_lambrakis	1
assassination	ntr_contain11	ali	1
assassination	ntr_contain11	mohammad_najibullah	1
assassination	ntr_contain11	steve_biko	1
assassination	ntr_contain11	hermann_von_eichhorn	1
assassination	ntr_contain11	bachir_gemayel	1
assassination	ntr_contain11	seleucus_i_nicator	1
assassination	ntr_contain11	dzhokhar_dudaev	1
assassination	ntr_contain11	riad_as-solh	1
assassination	ntr_contain11	anton_cermak	1
assassination	ntr_contain11	naji_al-ali	1
assassination	ntr_contain11	francesco_maria_i_della_rovere	1
assassination	ntr_contain11	charles_iii_duke_of_parma	1
assassination	ntr_contain11	henry_w_antheil_jr	1
assassination	ntr_contain11	abdolhossein_hazhir	1
assassination	ntr_contain11	humberto_delgado	1
assassination	ntr_contain11	abraham_lincoln	1
assassination	ntr_contain11	benazir_bhutto	1
assassination	ntr_contain11	lyuh_woon-hyung	1
assassination	ntr_contain11	mastino_i_della_scala	1
assassination	ntr_contain11	marcelo_quiroga_santa_cruz	1
assassination	ntr_contain11	louis_mountbatten_1st_earl_mountbatten_of_burma	1
assassination	ntr_contain11	theudebert_ii	1
assassination	ntr_contain11	franz_kutschera	1
assassination	ntr_contain11	paul_klebnikov	1
assassination	ntr_contain11	joseph_smith_jr	1
assassination	ntr_contain11	ian_gow	1
assassination	ntr_contain11	david_beaton	1
assassination	ntr_contain11	rudolf_kastner	1
assassination	ntr_contain11	hugo_haase	1
assassination	ntr_contain11	faisal_i_of_iraq	1
assassination	ntr_contain11	floris_v_count_of_holland	1
assassination	ntr_contain11	bunchy_carter	1
assassination	ntr_contain11	pedro_blanco_soto	1
assassination	ntr_contain11	vitellozzo_vitelli	1
assassination	ntr_contain11	hendrik_frensch_verwoerd	1
assassination	ntr_contain11	harvey_milk	1
assassination	ntr_contain11	anwar_sadat	1
assassination	ntr_contain11	harald_iv_of_norway	1
assassination	ntr_contain11	samuel_doe	1
assassination	ntr_contain11	bill_gwatney	1
assassination	ntr_contain11	aiyathurai_nadesan	1
assassination	ntr_contain11	felipe_carrillo_puerto	1
assassination	ntr_contain11	altynbek_sarsenbaev	1
assassination	ntr_contain11	patrona_halil	1
assassination	ntr_contain11	hafizullah_amin	1
assassination	ntr_contain11	lakshman_kadirgamar	1
assassination	ntr_contain11	carter_harrison_sr	1
assassination	ntr_contain11	jean-marie_tjibaou	1
assassination	ntr_contain11	jacques_de_flesselles	1
assassination	ntr_contain11	galina_starovoitova	1
assassination	ntr_contain11	sergey_kirov	1
assassination	ntr_contain11	juan_jose_torres	1
assassination	ntr_contain11	peter_voikov	1
assassination	ntr_contain11	horst_wessel	1
assassination	ntr_contain11	tony_frangieh	1
assassination	ntr_contain11	volusianus	1
assassination	ntr_contain11	juvenal_habyarimana	1
assassination	ntr_contain11	johan_de_witt	1
assassination	ntr_contain11	ahmed_yassin	1
assassination	ntr_contain11	george_lincoln_rockwell	1
assassination	ntr_contain11	charles_xii_of_sweden	1
assassination	ntr_contain11	publius_septimius_geta	1
assassination	ntr_contain11	domitian	1
assassination	ntr_contain11	park_chung_hee	1
assassination	ntr_contain11	engelbert_ii_of_berg	1
assassination	ntr_contain11	paritala_ravindra	1
assassination	ntr_contain11	zelimkhan_yandarbiyev	1
assassination	ntr_contain11	melchior_ndadaye	1
assassination	ntr_contain11	philip_ii_of_macedon	1
assassination	ntr_contain11	emiliano_zapata	1
assassination	ntr_contain11	harry_t_moore	1
assassination	ntr_contain11	umar	1
assassination	ntr_contain11	murad_i	1
assassination	ntr_contain11	konrad_von_marburg	1
assassination	ntr_contain11	henry_iv_of_france	1
assassination	ntr_contain11	andrew_goodman	1
assassination	ntr_contain11	faisal_of_saudi_arabia	1
assassination	ntr_contain11	john_p_slough	1
assassination	ntr_contain11	giuseppe_impastato	1
assassination	ntr_contain11	edward_the_martyr	1
assassination	ntr_contain11	empress_myeongseong	1
assassination	ntr_contain11	carlos_castillo_armas	1
assassination	ntr_contain11	perctarit	1
assassination	ntr_contain11	vlad_ii_dracul	1
assassination	ntr_contain11	rutilio_grande	1
assassination	ntr_contain11	ito_hirobumi	1
assassination	ntr_contain11	alexander_litvinenko	1
assassination	ntr_contain11	gabriel_garcia_moreno	1
assassination	ntr_contain11	john_f_kennedy	1
assassination	ntr_contain11	tokugawa_nariaki	1
assassination	ntr_contain11	philip_christoph_von_konigsmarck	1
assassination	ntr_contain11	hara_takashi	1
assassination	ntr_contain11	martin_ohagan	1
assassination	ntr_contain11	vong_savang	1
assassination	ntr_contain11	viola_liuzzo	1
assassination	ntr_contain11	william_r_higgins	1
assassination	ntr_contain11	ulises_heureaux	1
assassination	ntr_contain11	thomas_henry_burke	1
assassination	ntr_contain11	jonathan_myrick_daniels	1
assassination	ntr_contain11	dutta_samant	1
assassination	ntr_contain11	axel_von_fersen	1
assassination	ntr_contain11	essad_pasha	1
assassination	ntr_contain11	enrico_mattei	1
assassination	ntr_contain11	ahmed_djemal	1
assassination	ntr_contain11	leo_v_the_armenian	1
assassination	ntr_contain11	manuel_pardo	1
assassination	ntr_contain11	pertinax	1
assassination	ntr_contain11	andre_cools	1
assassination	ntr_contain11	wenceslaus_i_duke_of_bohemia	1
assassination	ntr_contain11	hayat_muhammad_khan_sherpao	1
assassination	ntr_contain11	mohammad_mohammad_sadeq_al-sadr	1
assassination	ntr_contain11	enrique_camarena	1
assassination	ntr_contain11	mahmoud_an-nukrashi_pasha	1
assassination	ntr_contain11	salvatore_lima	1
assassination	ntr_contain11	seleucus_iii_ceraunus	1
assassination	ntr_contain11	gabriel_narutowicz	1
assassination	ntr_contain11	eric_ix_of_sweden	1
assassination	ntr_contain11	ngo_dinh_diem	1
assassination	ntr_contain11	pier_paolo_pasolini	1
assassination	ntr_contain11	pancho_villa	1
assassination	ntr_contain11	pellegrino_rossi	1
assassination	ntr_contain11	jonas_savimbi	1
assassination	ntr_contain11	elijah_p_lovejoy	1
assassination	ntr_contain11	robert_f_kennedy	1
assassination	ntr_contain11	rene_moawad	1
assassination	ntr_contain11	edmund_i_of_england	1
assassination	ntr_contain11	nadarajah_raviraj	1
assassination	ntr_contain11	jose_francisco_chaves	1
assassination	ntr_contain11	stefan_stambolov	1
assassination	ntr_contain11	leszek_i_the_white	1
assassination	ntr_contain11	francisco_i_madero	1
assassination	ntr_contain11	uthman	1
assassination	ntr_contain11	ranasinghe_premadasa	1
assassination	ntr_contain11	cornelis_de_witt	1
assassination	ntr_contain11	louis_ii_cardinal_of_guise	1
assassination	ntr_contain11	kathy_augustine	1
assassination	ntr_contain11	symon_petlura	1
assassination	ntr_contain11	william_r_tolbert_jr	1
assassination	ntr_contain11	alvaro_obregon	1
assassination	ntr_contain11	folke_bernadotte	1
assassination	ntr_contain11	belisario_dominguez	1
assassination	ntr_contain11	pyotr_stolypin	1
assassination	ntr_contain11	hilarion_daza	1
assassination	ntr_contain11	leon_trotsky	1
assassination	ntr_contain11	kurt_eisner	1
assassination	ntr_contain11	mohammed_nadir_shah	1
assassination	ntr_contain11	nikolai_ivanovich_bobrikov	1
assassination	ntr_contain11	henry_dreyfuss	0
assassination	ntr_contain11	joseph_pararajasingham	1
assassination	ntr_contain11	paul_doumer	1
assassination	ntr_contain11	che_guevara	1
assassination	ntr_contain11	virgil_madgearu	1
assassination	ntr_contain11	artie_shaw	0
assassination	ntr_contain11	ahmadu_bello	1
assassination	ntr_contain11	dimebag_darrell	1
assassination	ntr_contain11	engelbert_dollfuss	1
assassination	ntr_contain11	george_brown	1
assassination	ntr_contain11	ryan_bennett	0
assassination	ntr_contain11	khamphoui	1
assassination	ntr_contain11	kevin_ohiggins	1
assassination	ntr_contain11	john_granville	1
assassination	ntr_contain11	hakija_turajlic	1
assassination	ntr_contain11	zeljko_raznatovic	1
assassination	ntr_contain11	germanicus	1
assassination	ntr_contain11	abdullah_yusuf_azzam	1
assassination	ntr_contain11	georgiy_r_gongadze	1
assassination	ntr_contain11	gerald_bull	1
assassination	ntr_contain11	kehat_shorr	0
assassination	ntr_contain11	vyacheslav_von_plehve	1
assassination	ntr_contain11	commodus	1
assassination	ntr_contain11	don_arden	0
assassination	ntr_contain11	vasgen_sarkissian	1
assassination	ntr_contain11	aleksandar_obrenovic	1
assassination	ntr_contain11	hrant_dink	1
assassination	ntr_contain11	ghassan_kanafani	1
assassination	ntr_contain11	rene_schneider	1
assassination	ntr_contain11	mehmed_talat_pasha	1
assassination	ntr_contain11	syed_nazrul_islam	1
assassination	ntr_contain11	joe_petrosino	1
assassination	ntr_contain11	muhammad_baqir_al-sadr	1
assassination	ntr_contain11	gallienus	1
assassination	ntr_contain11	william_hay_macnaghten	1
assassination	ntr_contain11	takahashi_korekiyo	1
assassination	ntr_contain11	nasser_al-din_shah	1
assassination	ntr_contain11	archimedes	1
assassination	ntr_contain11	osman_ii	1
assassination	ntr_contain11	akhmad_kadyrov	1
assassination	ntr_contain11	cola_di_rienzo	1
assassination	ntr_contain11	henry_i_duke_of_guise	1
assassination	ntr_contain11	manuel_isidoro_belzu	1
assassination	ntr_contain11	alexander_ii_of_russia	1
assassination	ntr_contain11	carl_sagan	0
assassination	ntr_contain11	dian_fossey	1
assassination	ntr_contain11	armand_calinescu	1
assassination	ntr_contain11	kara_or_e_petrovic	1
assassination	ntr_contain11	yitzhak_rabin	1
assassination	ntr_contain11	michael_odwyer	1
assassination	ntr_contain11	roberta_king	0
assassination	ntr_contain11	pramod_mahajan	1
assassination	ntr_contain11	bola_ige	1
assassination	ntr_contain11	pierre_amine_gemayel	1
assassination	ntr_contain11	hanns_martin_schleyer	1
assassination	ntr_contain11	leo_jogiches	1
assassination	ntr_contain11	william_the_silent	1
assassination	ntr_contain11	john_anthony_kaiser	1
assassination	ntr_contain11	james_strang	1
assassination	ntr_contain11	francesco_i_de_medici_grand_duke_of_tuscany	1
assassination	ntr_contain11	ahmed_hassan_al-bakr	1
assassination	ntr_contain11	charles_walters	0
assassination	ntr_contain11	selma_diamond	0
assassination	ntr_contain11	isabella_de_medici	1
assassination	ntr_contain11	william_goebel	1
assassination	ntr_contain11	eva_braun	0
assassination	ntr_contain11	haj_ali_razmara	1
assassination	ntr_contain11	maria_montez	0
assassination	ntr_contain11	jerzy_popieluszko	1
assassination	ntr_contain11	clarence_13x	1
assassination	ntr_contain11	ozdemir_sabanci	1
assassination_by_firearm	ntr_contain11	james_garfield	1
assassination_by_firearm	ntr_contain11	mahatma_gandhi	1
assassination_by_firearm	ntr_contain11	john_f_kennedy	1
assassination_by_firearm	ntr_contain11	abraham_lincoln	1
assassination_by_firearm	ntr_contain11	kalki_krishnamurthy	0
assassination_by_firearm	ntr_contain11	alain_robbe-grillet	0
assassination_by_firearm	ntr_contain11	greta_bosel	0
assassination_by_firearm	ntr_contain11	kim_ji_hoo	0
assassination_by_firearm	ntr_contain11	mark_lenard	0
assassination_by_firearm	ntr_contain11	merritt_a_edson	0
assassination_by_firearm	ntr_contain11	bronson_m_cutting	0
assassination_by_firearm	ntr_contain11	marcheline_bertrand	0
assassination_by_firearm	ntr_contain11	john_j_wafering	0
asthma	ntr_contain11	pauline_frederick	1
asthma	ntr_contain11	george_pirie	1
asthma	ntr_contain11	thomas_nelson_jr	1
asthma	ntr_contain11	amadeo_vives	1
asthma	ntr_contain11	robert_donat	1
asthma	ntr_contain11	krissy_taylor	1
asthma	ntr_contain11	arthur_fremantle	1
asthma	ntr_contain11	james_gleason	1
asthma	ntr_contain11	teresa_teng	1
asthma	ntr_contain11	kamehameha_iv	1
asthma	ntr_contain11	martin_van_buren	1
asthma	ntr_contain11	tim_cole	1
asthma	ntr_contain11	neil_hamilton_1899	1
asthma	ntr_contain11	johnny_paycheck	1
asthma	ntr_contain11	ernest_nathan_morial	1
asthma	ntr_contain11	hayashi_fubo	1
asthma	ntr_contain11	mary_dimmick_harrison	1
asthma	ntr_contain11	hugo_haas	1
asthma	ntr_contain11	christiaan_barnard	1
asthma	ntr_contain11	charlotte_coleman	1
asthma	ntr_contain11	mohammed_nadir_shah	0
asthma	ntr_contain11	john_junkin	1
asthma	ntr_contain11	ron_goodwin	1
asthma	ntr_contain11	maureen_f_duffy	0
asthma	ntr_contain11	gilbert_harding	1
asthma	ntr_contain11	bob_denver	0
asthma	ntr_contain11	louis_kahn	0
asthma	ntr_contain11	morton_downey	0
asthma	ntr_contain11	jerzy_popieluszko	0
asthma	ntr_contain11	taksin	0
astrologer	ntr_contain6	ebenezer_sibly	1
astrologer	ntr_contain6	harilal_upadhyay	1
astrologer	ntr_contain6	regiomontanus	1
astrologer	ntr_contain6	john_varley_1778	1
astrologer	ntr_contain6	alice_bailey	1
astrologer	ntr_contain6	johannes_lichtenberger	1
astrologer	ntr_contain6	erik_jan_hanussen	1
astrologer	ntr_contain6	pietro_dabano	1
astrologer	ntr_contain6	giovanni_domenico_cassini	1
astrologer	ntr_contain6	georg_joachim_rheticus	1
astrologer	ntr_contain6	john_dee	1
astrologer	ntr_contain6	isaac_israeli_ben_joseph	1
astrologer	ntr_contain6	johannes_de_sacrobosco	1
astrologer	ntr_contain6	tommaso_campanella	1
astrologer	ntr_contain6	simon_forman	1
astrologer	ntr_contain6	richard_of_wallingford	1
astrologer	ntr_contain6	parameshvara	1
astrologer	ntr_contain6	adelard_of_bath	1
astrologer	ntr_contain6	gerard_of_cremona	1
astrologer	ntr_contain6	john_lambe	1
astrologer	ntr_contain6	franz_hartmann	1
astrologer	ntr_contain6	aleister_crowley	1
astrologer	ntr_contain6	johann_georg_faust	1
astrologer	ntr_contain6	philipp_melanchthon	1
astrologer	ntr_contain6	sybil_leek	1
astrologer	ntr_contain6	marsilio_ficino	1
astrologer	ntr_contain6	lucilio_vanini	1
astrologer	ntr_contain6	kenelm_digby	1
astrologer	ntr_contain6	elias_ashmole	1
astrologer	ntr_contain6	contractus_hermannus	1
astrologer	ntr_contain6	william_lilly	1
astrologer	ntr_contain6	robert_fludd	1
astrologer	ntr_contain6	marcia_moore_1928	1
astrologer	ntr_contain6	albertus_magnus	1
astrologer	ntr_contain6	tommaso_palamidessi	1
astrologer	ntr_contain6	thomas_harriot	1
astrologer	ntr_contain6	cheiro	1
astrologer	ntr_contain6	herman_of_carinthia	1
astrologer	ntr_contain6	heinrich_cornelius_agrippa	1
astrologer	ntr_contain6	johannes_stadius	1
astrologer	ntr_contain6	giordano_bruno	1
astrologer	ntr_contain6	giovanni_antonio_magini	1
astrologer	ntr_contain6	johannes_kelpius	1
astrologer	ntr_contain6	evangeline_adams	1
astrologer	ntr_contain6	alfred_witte	1
astrologer	ntr_contain6	jean-baptiste_morin	1
astrologer	ntr_contain6	francis_moore	1
astrologer	ntr_contain6	john_napier	1
astrologer	ntr_contain6	dane_rudhyar	1
astrologer	ntr_contain6	carl_reichenbach	1
astrologer	ntr_contain6	johannes_kepler	1
astrologer	ntr_contain6	nicholas_culpeper	1
astrologer	ntr_contain6	abraham_zacuto	1
astrologer	ntr_contain6	alan_leo	1
astrologer	ntr_contain6	hannes_bok	1
astrologer	ntr_contain6	paracelsus	1
astrologer	ntr_contain6	ptolemy	1
astrologer	ntr_contain6	max_heindel	1
astrologer	ntr_contain6	varahamihira	1
astrologer	ntr_contain6	muhammad_ibn_musa_al-khwarizmi	1
astrologer	ntr_contain6	arnaldus_de_villa_nova	1
astrologer	ntr_contain6	clifford_bax	1
astrologer	ntr_contain6	johannes_stoffler	1
astrologer	ntr_contain6	al-battani	1
astrologer	ntr_contain6	john_gadbury	1
astrologer	ntr_contain6	alcuin	1
astrologer	ntr_contain6	galileo_galilei	1
astrologer	ntr_contain6	geoffrey_chaucer	1
astrologer	ntr_contain6	heinrich_rantzau	1
astrologer	ntr_contain6	roger_bacon	1
astrologer	ntr_contain6	franz_mesmer	1
astrologer	ntr_contain6	pierre_dailly	1
astrologer	ntr_contain6	paul_henri_benjamin_destournelles_de_constant	0
astrologer	ntr_contain6	guido_von_list	1
astrologer	ntr_contain6	yukiko_okada	0
astrologer	ntr_contain6	gerolamo_cardano	1
astrologer	ntr_contain6	martin_chemnitz	1
astrologer	ntr_contain6	louis_e_mccomas	0
astrologer	ntr_contain6	little_brother_montgomery	0
astrologer	ntr_contain6	hipparchus	1
astrologer	ntr_contain6	charlie_chaplin	0
astrologer	ntr_contain6	charles_george_gordon	0
astrologer	ntr_contain6	johannes_schoner	1
astrologer	ntr_contain6	emily_post	0
astrologer	ntr_contain6	louis_feuillee	0
astrologer	ntr_contain6	richard_mead	1
astrologer	ntr_contain6	luca_gaurico	1
astrologer	ntr_contain6	william_cullen_bryant	0
astrologer	ntr_contain6	edmund_husserl	0
astrologer	ntr_contain6	howard_w_smith	0
astrologer	ntr_contain6	martin_de_azpilcueta	0
astrologer	ntr_contain6	ann_sheridan	0
astronaut	ntr_contain6	james_irwin	1
astronaut	ntr_contain6	yuri_gagarin	1
astronaut	ntr_contain6	william_c_mccool	1
astronaut	ntr_contain6	robert_f_overmyer	1
astronaut	ntr_contain6	richard_douglas_husband	1
astronaut	ntr_contain6	michael_phillip_anderson	1
astronaut	ntr_contain6	ronald_mcnair	1
astronaut	ntr_contain6	michael_james_adams	1
astronaut	ntr_contain6	gus_grissom	1
astronaut	ntr_contain6	ilan_ramon	1
astronaut	ntr_contain6	patricia_robertson	1
astronaut	ntr_contain6	valentin_bondarenko	1
astronaut	ntr_contain6	gherman_titov	1
astronaut	ntr_contain6	stuart_roosa	1
astronaut	ntr_contain6	david_m_walker	1
astronaut	ntr_contain6	milton_o_thompson	1
astronaut	ntr_contain6	roger_b_chaffee	1
astronaut	ntr_contain6	edward_higgins_white	1
astronaut	ntr_contain6	andrian_nikolayev	1
astronaut	ntr_contain6	david_mcdowell_brown	1
astronaut	ntr_contain6	laurel_b_clark	1
astronaut	ntr_contain6	clifton_williams	1
astronaut	ntr_contain6	elliott_see	1
astronaut	ntr_contain6	fernando_caldeiro	1
astronaut	ntr_contain6	william_b_lenoir	1
astronaut	ntr_contain6	stephen_thorne_1952	1
astronaut	ntr_contain6	theodore_freeman	1
astronaut	ntr_contain6	dick_scobee	1
astronaut	ntr_contain6	g_david_low	1
astronaut	ntr_contain6	gordon_cooper	1
astronaut	ntr_contain6	ronald_a_parise	1
astronaut	ntr_contain6	charles_bassett	1
astronaut	ntr_contain6	pierre_j_thuot	1
astronaut	ntr_contain6	william_j_knight	1
astronaut	ntr_contain6	charles_l_veach	1
astronaut	ntr_contain6	reinhard_furrer	1
astronaut	ntr_contain6	karl_gordon_henize	1
astronaut	ntr_contain6	john_s_bull	1
astronaut	ntr_contain6	sonny_carter	1
astronaut	ntr_contain6	charles_e_brady_jr	1
astronaut	ntr_contain6	michael_j_smith	1
astronaut	ntr_contain6	pete_conrad	1
astronaut	ntr_contain6	kalpana_chawla	1
astronaut	ntr_contain6	robert_henry_lawrence_jr	1
astronaut	ntr_contain6	jack_swigert	1
astronaut	ntr_contain6	ronald_evans	1
astronaut	ntr_contain6	irving_wallace	0
astronaut	ntr_contain6	skip_james	0
astronaut	ntr_contain6	edward_givens	1
astronaut	ntr_contain6	james_sykes	0
astronaut	ntr_contain6	daniel_sturgeon	0
astronaut	ntr_contain6	julius_caesar_1557	0
astronaut	ntr_contain6	shawn_lane	0
astronaut	ntr_contain6	judith_resnik	1
astronaut	ntr_contain6	francisco_garcia_calderon	0
astronaut	ntr_contain6	christa_mcauliffe	1
astronaut	ntr_contain6	charles_hutton	0
astronaut	ntr_contain6	joseph_a_walker	1
astronaut	ntr_contain6	june_jordan	0
astronaut	ntr_contain6	konstantin_feoktistov	1
astronaut	ntr_contain6	vijaya_lakshmi_pandit	0
astronaut	ntr_contain6	ellison_onizuka	1
astronaut	ntr_contain6	edward_livingston	0
astronomer	ntr_contain6	clarence_chant	1
astronomer	ntr_contain6	urbain_le_verrier	1
astronomer	ntr_contain6	meghnad_saha	1
astronomer	ntr_contain6	nathaniel_bliss	1
astronomer	ntr_contain6	frantisek_nusl	1
astronomer	ntr_contain6	eratosthenes	1
astronomer	ntr_contain6	joseph_norman_lockyer	1
astronomer	ntr_contain6	louis_godin	1
astronomer	ntr_contain6	david_rittenhouse	1
astronomer	ntr_contain6	carl_gustav_witt	1
astronomer	ntr_contain6	martin_schwarzschild	1
astronomer	ntr_contain6	benjamin_baillaud	1
astronomer	ntr_contain6	gottfried_heinsius	1
astronomer	ntr_contain6	richard_christopher_carrington	1
astronomer	ntr_contain6	charles_piazzi_smyth	1
astronomer	ntr_contain6	robert_stawell_ball	1
astronomer	ntr_contain6	adolphe_quetelet	1
astronomer	ntr_contain6	william_henry_smyth	1
astronomer	ntr_contain6	jean-baptiste_morin	1
astronomer	ntr_contain6	karl_ludwig_harding	1
astronomer	ntr_contain6	johann_palisa	1
astronomer	ntr_contain6	maria_mitchell	1
astronomer	ntr_contain6	taqi_al-din	1
astronomer	ntr_contain6	william_rutter_dawes	1
astronomer	ntr_contain6	nicholas_kratzer	1
astronomer	ntr_contain6	martin_ryle	1
astronomer	ntr_contain6	regiomontanus	1
astronomer	ntr_contain6	qutb_al-din_al-shirazi	1
astronomer	ntr_contain6	friedrich_august_theodor_winnecke	1
astronomer	ntr_contain6	friedrich_georg_wilhelm_von_struve	1
astronomer	ntr_contain6	johann_elert_bode	1
astronomer	ntr_contain6	albert_brudzewski	1
astronomer	ntr_contain6	robert_grant_aitken	1
astronomer	ntr_contain6	annie_jump_cannon	1
astronomer	ntr_contain6	edwin_hubble	1
astronomer	ntr_contain6	george_henry_peters	1
astronomer	ntr_contain6	pythagoras	1
astronomer	ntr_contain6	joseph_von_fraunhofer	1
astronomer	ntr_contain6	wilhelm_julius_foerster	1
astronomer	ntr_contain6	johannes_kepler	1
astronomer	ntr_contain6	helen_sawyer_hogg	1
astronomer	ntr_contain6	james_hopwood_jeans	1
astronomer	ntr_contain6	anania_shirakatsi	1
astronomer	ntr_contain6	herve_faye	1
astronomer	ntr_contain6	ernst_wilhelm_leberecht_tempel	1
astronomer	ntr_contain6	petrus_alphonsi	1
astronomer	ntr_contain6	vincenzo_cerulli	1
astronomer	ntr_contain6	viktor_hambardzumyan	1
astronomer	ntr_contain6	nicolaus_copernicus	1
astronomer	ntr_contain6	fred_lawrence_whipple	1
astronomer	ntr_contain6	ibn_bajjah	1
astronomer	ntr_contain6	horace_parnell_tuttle	1
astronomer	ntr_contain6	fritz_zwicky	1
astronomer	ntr_contain6	benjamin_banneker	1
astronomer	ntr_contain6	john_goodricke	1
astronomer	ntr_contain6	maximilian_hell	1
astronomer	ntr_contain6	pierre-simon_laplace	1
astronomer	ntr_contain6	cesar-francois_cassini_de_thury	1
astronomer	ntr_contain6	jean_baptiste_joseph_delambre	1
astronomer	ntr_contain6	angelo_secchi	1
astronomer	ntr_contain6	heinrich_christian_schumacher	1
astronomer	ntr_contain6	christiaan_huygens	1
astronomer	ntr_contain6	banu_musa	1
astronomer	ntr_contain6	francesco_fontana	1
astronomer	ntr_contain6	subrahmanyan_chandrasekhar	1
astronomer	ntr_contain6	erwin_finlay-freundlich	1
astronomer	ntr_contain6	thomas_gold	1
astronomer	ntr_contain6	johann_georg_hagen	1
astronomer	ntr_contain6	al-battani	1
astronomer	ntr_contain6	james_edward_keeler	1
astronomer	ntr_contain6	averroes	1
astronomer	ntr_contain6	james_challis	1
astronomer	ntr_contain6	olin_j_eggen	1
astronomer	ntr_contain6	abul_wafa	1
astronomer	ntr_contain6	gustave-adolphe_hirn	1
astronomer	ntr_contain6	alfred_harrison_joy	1
astronomer	ntr_contain6	aryabhata	1
astronomer	ntr_contain6	al-farabi	1
astronomer	ntr_contain6	john_herschel	1
astronomer	ntr_contain6	ulugh_beg	1
astronomer	ntr_contain6	alexis_bouvard	1
astronomer	ntr_contain6	richard_anthony_proctor	1
astronomer	ntr_contain6	edward_walter_maunder	1
astronomer	ntr_contain6	robert_sutton_harrington	1
astronomer	ntr_contain6	boris_vasilevich_numerov	1
astronomer	ntr_contain6	karl_guthe_jansky	1
astronomer	ntr_contain6	hermann_carl_vogel	1
astronomer	ntr_contain6	leo_anton_karl_de_ball	1
astronomer	ntr_contain6	dominique_comte_de_cassini	1
astronomer	ntr_contain6	edward_emerson_barnard	1
astronomer	ntr_contain6	lyman_spitzer	1
astronomer	ntr_contain6	pierre_charles_le_monnier	1
astronomer	ntr_contain6	petrus_plancius	1
astronomer	ntr_contain6	richard_schorr	1
astronomer	ntr_contain6	ole_romer	1
astronomer	ntr_contain6	arthur_stanley_eddington	1
astronomer	ntr_contain6	wilhelm_beer	1
astronomer	ntr_contain6	jean_sylvain_bailly	1
astronomer	ntr_contain6	arzachel	1
astronomer	ntr_contain6	sergei_ivanovich_belyavsky	1
astronomer	ntr_contain6	carl_august_von_steinheil	1
astronomer	ntr_contain6	ibn_al-shatir	1
astronomer	ntr_contain6	william_herschel	1
astronomer	ntr_contain6	iosif_shklovsky	1
astronomer	ntr_contain6	al_birjandi	1
astronomer	ntr_contain6	varahamihira	1
astronomer	ntr_contain6	willebrord_snellius	1
astronomer	ntr_contain6	james_ferguson_1797	1
astronomer	ntr_contain6	geminiano_montanari	1
astronomer	ntr_contain6	giuseppe_piazzi	1
astronomer	ntr_contain6	asaph_hall	1
astronomer	ntr_contain6	jean_picard	1
astronomer	ntr_contain6	luca_gaurico	1
astronomer	ntr_contain6	al-nafis	1
astronomer	ntr_contain6	anders_celsius	1
astronomer	ntr_contain6	jan_oort	1
astronomer	ntr_contain6	oskar_backlund	1
astronomer	ntr_contain6	johann_georg_palitzsch	1
astronomer	ntr_contain6	fred_hoyle	1
astronomer	ntr_contain6	bonaventura_cavalieri	1
astronomer	ntr_contain6	jacques_cassini	1
astronomer	ntr_contain6	thomas_wright_1711	1
astronomer	ntr_contain6	jean_chacornac	1
astronomer	ntr_contain6	joseph_johann_littrow	1
astronomer	ntr_contain6	gerard_p_kuiper	1
astronomer	ntr_contain6	henry_draper	1
astronomer	ntr_contain6	georges_louis_leclerc_comte_de_buffon	1
astronomer	ntr_contain6	bhaskara	1
astronomer	ntr_contain6	robert_burnham_jr	1
astronomer	ntr_contain6	george_darwin	1
astronomer	ntr_contain6	pierre_puiseux	1
astronomer	ntr_contain6	bernhard_schmidt	1
astronomer	ntr_contain6	george_gamow	1
astronomer	ntr_contain6	pavel_karlovich_shternberg	1
astronomer	ntr_contain6	alfred_wegener	1
astronomer	ntr_contain6	eudoxus_of_cnidus	1
astronomer	ntr_contain6	albert_victor_backlund	1
astronomer	ntr_contain6	pierre_jules_cesar_janssen	1
astronomer	ntr_contain6	joseph_m_baldwin	1
astronomer	ntr_contain6	jacobus_kapteyn	1
astronomer	ntr_contain6	milan_rastislav_stefanik	1
astronomer	ntr_contain6	johann_philipp_von_wurzelbauer	1
astronomer	ntr_contain6	guo_shoujing	1
astronomer	ntr_contain6	zu_chongzhi	1
astronomer	ntr_contain6	benjamin_apthorp_gould	1
astronomer	ntr_contain6	johann_georg_repsold	1
astronomer	ntr_contain6	giovanni_schiaparelli	1
astronomer	ntr_contain6	john_couch_adams	1
astronomer	ntr_contain6	matthew_fontaine_maury	1
astronomer	ntr_contain6	henrietta_swan_leavitt	1
astronomer	ntr_contain6	richard_of_wallingford	1
astronomer	ntr_contain6	stephen_groombridge	1
astronomer	ntr_contain6	aristarchus_of_samos	1
astronomer	ntr_contain6	edmond_halley	1
astronomer	ntr_contain6	johannes_fabricius	1
astronomer	ntr_contain6	ptolemy	1
astronomer	ntr_contain6	john_brashear	1
astronomer	ntr_contain6	joseph_louis_lagrange	1
astronomer	ntr_contain6	tadeas_hajek	1
astronomer	ntr_contain6	al-jazari	1
astronomer	ntr_contain6	will_hay	1
astronomer	ntr_contain6	zhang_heng	1
astronomer	ntr_contain6	warren_de_la_rue	1
astronomer	ntr_contain6	william_frederick_denning	1
astronomer	ntr_contain6	andrew_ainslie_common	1
astronomer	ntr_contain6	petrus_apianus	1
astronomer	ntr_contain6	william_robert_brooks	1
astronomer	ntr_contain6	francis_baily	1
astronomer	ntr_contain6	tycho_brahe	1
astronomer	ntr_contain6	benjamin_jekhowsky	1
astronomer	ntr_contain6	bruno_rossi	1
astronomer	ntr_contain6	hermann_mayer_salomon_goldschmidt	1
astronomer	ntr_contain6	roger_joseph_boscovich	1
astronomer	ntr_contain6	julio_garavito_armero	1
astronomer	ntr_contain6	benjamin_valz	1
astronomer	ntr_contain6	percival_lowell	1
astronomer	ntr_contain6	william_cranch_bond	1
astronomer	ntr_contain6	isaac_roberts	1
astronomer	ntr_contain6	clyde_tombaugh	1
astronomer	ntr_contain6	beatrice_tinsley	1
astronomer	ntr_contain6	thomas_william_webb	1
astronomer	ntr_contain6	willem_de_sitter	1
astronomer	ntr_contain6	walter_sydney_adams	1
astronomer	ntr_contain6	thabit_ibn_qurra	1
astronomer	ntr_contain6	joseph-nicolas_delisle	1
astronomer	ntr_contain6	simon_newcomb	1
astronomer	ntr_contain6	antonie_pannekoek	1
astronomer	ntr_contain6	nasir_al-din_tusi	1
astronomer	ntr_contain6	ibn_al-haitham	1
astronomer	ntr_contain6	isaac_newton	1
astronomer	ntr_contain6	peter_andreas_hansen	1
astronomer	ntr_contain6	johann_heinrich_lambert	1
astronomer	ntr_contain6	louis_feuillee	1
astronomer	ntr_contain6	john_martin_schaeberle	1
astronomer	ntr_contain6	eise_eisinga	1
astronomer	ntr_contain6	al-farghani	1
astronomer	ntr_contain6	johann_gottfried_galle	1
astronomer	ntr_contain6	henri-alexandre_deslandres	1
astronomer	ntr_contain6	edward_charles_pickering	1
astronomer	ntr_contain6	georg_purbach	1
astronomer	ntr_contain6	henry_norris_russell	1
astronomer	ntr_contain6	thorvald_n_thiele	1
astronomer	ntr_contain6	j_allen_hynek	1
astronomer	ntr_contain6	theodor_von_oppolzer	1
astronomer	ntr_contain6	amil_kumar_das	1
astronomer	ntr_contain6	carl_charlier	1
astronomer	ntr_contain6	edward_singleton_holden	1
astronomer	ntr_contain6	pierre_louis_maupertuis	1
astronomer	ntr_contain6	friedrich_von_hahn	1
astronomer	ntr_contain6	grote_reber	1
astronomer	ntr_contain6	frank_k_edmondson	1
astronomer	ntr_contain6	friedrich_tietjen	1
astronomer	ntr_contain6	william_lassell	1
astronomer	ntr_contain6	heinrich_schwabe	1
astronomer	ntr_contain6	annibale_de_gasparis	1
astronomer	ntr_contain6	ernest_william_brown	1
astronomer	ntr_contain6	felix_tisserand	1
astronomer	ntr_contain6	christian_mayer	1
astronomer	ntr_contain6	frank_watson_dyson	1
astronomer	ntr_contain6	julius_schiller	1
astronomer	ntr_contain6	robert_t_a_innes	1
astronomer	ntr_contain6	franz_xaver_von_zach	1
astronomer	ntr_contain6	charles_messier	1
astronomer	ntr_contain6	james_van_allen	1
astronomer	ntr_contain6	max_wolf	1
astronomer	ntr_contain6	h_g_van_de_sande_bakhuyzen	1
astronomer	ntr_contain6	svante_arrhenius	1
astronomer	ntr_contain6	avicenna	1
astronomer	ntr_contain6	alvan_clark	1
astronomer	ntr_contain6	su_song	1
astronomer	ntr_contain6	nevil_maskelyne	1
astronomer	ntr_contain6	simon_marius	1
astronomer	ntr_contain6	johann_daniel_titius	1
astronomer	ntr_contain6	christian_heinrich_friedrich_peters	1
astronomer	ntr_contain6	guillaume_bigourdan	1
astronomer	ntr_contain6	william_parsons_3rd_earl_of_rosse	1
astronomer	ntr_contain6	jiao_bingzhen	1
astronomer	ntr_contain6	lewis_morris_rutherfurd	1
astronomer	ntr_contain6	nils_christoffer_duner	1
astronomer	ntr_contain6	mashallah	1
astronomer	ntr_contain6	yrjo_vaisala	1
astronomer	ntr_contain6	camille_flammarion	1
astronomer	ntr_contain6	charles_greeley_abbot	1
astronomer	ntr_contain6	giovanni_domenico_cassini	1
astronomer	ntr_contain6	agnes_mary_clerke	1
astronomer	ntr_contain6	marian_albertovich_kowalski	1
astronomer	ntr_contain6	john_n_bahcall	1
astronomer	ntr_contain6	william_alfred_fowler	1
astronomer	ntr_contain6	johann_franz_encke	1
astronomer	ntr_contain6	harlow_shapley	1
astronomer	ntr_contain6	william_wallace_campbell	1
astronomer	ntr_contain6	ludwig_struve	1
astronomer	ntr_contain6	shen_kuo	1
astronomer	ntr_contain6	galileo_galilei	1
astronomer	ntr_contain6	john_evershed	1
astronomer	ntr_contain6	eugene_merle_shoemaker	1
astronomer	ntr_contain6	alfred_fowler	1
astronomer	ntr_contain6	bernard_lyot	1
astronomer	ntr_contain6	george_bassett_clark	1
astronomer	ntr_contain6	samuel_pierpont_langley	1
astronomer	ntr_contain6	al-biruni	1
astronomer	ntr_contain6	grigory_abramovich_shajn	1
astronomer	ntr_contain6	thomas_harriot	1
astronomer	ntr_contain6	carl_friedrich_gauss	1
astronomer	ntr_contain6	thomas_jones_1756	1
astronomer	ntr_contain6	abd_al-rahman_al_sufi	1
astronomer	ntr_contain6	nikolai_moiseev	1
astronomer	ntr_contain6	joseph_lade_pawsey	1
astronomer	ntr_contain6	josep_comas_sola	1
astronomer	ntr_contain6	thomas_digges	1
astronomer	ntr_contain6	hipparchus	1
astronomer	ntr_contain6	gale_bruno_van_albada	1
astronomer	ntr_contain6	john_dreyer	1
astronomer	ntr_contain6	muhammad_ibn_musa_al-khwarizmi	1
astronomer	ntr_contain6	friedrich_bessel	1
astronomer	ntr_contain6	ronald_n_bracewell	1
astronomer	ntr_contain6	arthur_auwers	1
astronomer	ntr_contain6	george_ellery_hale	1
astronomer	ntr_contain6	otto_wilhelm_von_struve	1
astronomer	ntr_contain6	arthur_p_hayne	0
astronomer	ntr_contain6	hermann_struve	1
astronomer	ntr_contain6	mary_somerville	1
astronomer	ntr_contain6	carl_sagan	1
astronomer	ntr_contain6	john_flamsteed	1
astronomer	ntr_contain6	karl_schwarzschild	1
astronomer	ntr_contain6	jacques_maritain	0
astronomer	ntr_contain6	jean-baptiste_biot	1
astronomer	ntr_contain6	john_pond	1
astronomer	ntr_contain6	gottfried_leibniz	0
astronomer	ntr_contain6	john_archibald_wheeler	1
astronomer	ntr_contain6	matsumoto_takashi	0
astronomer	ntr_contain6	garrett_p_serviss	1
astronomer	ntr_contain6	tobias_mayer	1
astronomer	ntr_contain6	karl_gordon_henize	1
astronomer	ntr_contain6	guillaume_le_gentil	1
astronomer	ntr_contain6	cuno_hoffmeister	1
astronomer	ntr_contain6	pehr_wilhelm_wargentin	1
astronomer	ntr_contain6	marcel_minnaert	1
astronomer	ntr_contain6	otto_struve	1
astronomer	ntr_contain6	caroline_herschel	1
astronomer	ntr_contain6	james_bradley	1
astronomer	ntr_contain6	jack_eddy	1
astronomer	ntr_contain6	george_william_hill	1
astronomer	ntr_contain6	jeremiah_horrocks	1
astronomer	ntr_contain6	johannes_hevelius	1
astronomer	ntr_contain6	michael_maestlin	1
astronomer	ntr_contain6	nicolas_louis_de_lacaille	1
astronomer	ntr_contain6	cary_grant	0
astronomer	ntr_contain6	w_a_criswell	0
astronomer	ntr_contain6	john_russell_hind	1
astronomer	ntr_contain6	gottfried_kirch	1
astronomer	ntr_contain6	daniel_kirkwood	1
astronomer	ntr_contain6	william_huggins	1
astronomer	ntr_contain6	jafar_al_sadiq	1
astronomer	ntr_contain6	guillermo_haro	1
astronomer	ntr_contain6	danny_thomas	0
astronomer	ntr_contain6	giovanni_battista_donati	1
astronomer	ntr_contain6	frederik_kaiser	1
astronomer	ntr_contain6	david_fabricius	1
astronomer	ntr_contain6	william_henry_pickering	1
astronomer	ntr_contain6	friedrich_wilhelm_argelander	1
astronomer	ntr_contain6	wladyslaw_turowicz	0
astronomer	ntr_contain6	arthur_milne	1
astronomer	ntr_contain6	ormond_stone	1
astronomer	ntr_contain6	williamina_fleming	1
astronomer	ntr_contain6	george_biddell_airy	1
astronomer	ntr_contain6	clarence_williams	0
astrophysicist	ntr_contain6	nikolai_aleksandrovich_kozyrev	1
astrophysicist	ntr_contain6	j_allen_hynek	1
astrophysicist	ntr_contain6	arthur_milne	1
astrophysicist	ntr_contain6	clyde_beatty	0
astrophysicist	ntr_contain6	zebulon_york	0
astrophysicist	ntr_contain6	samson_raphael_hirsch	0
astrophysicist	ntr_contain6	david_viscott	0
astrophysicist	ntr_contain6	tetsuji_takechi	0
astrophysicist	ntr_contain6	samuel_insull	0
astrophysicist	ntr_contain6	jesse_b_thomas	0
astrophysicist	ntr_contain6	alfredo_descragnolle_taunay	0
astrophysicist	ntr_contain6	goh_keng_swee	0
astrophysicist	ntr_contain6	nakahara_chuya	0
astrophysicist	ntr_contain6	frank_murphy	0
astrophysicist	ntr_contain6	roland_gwynne	0
astrophysicist	ntr_contain6	louis_untermeyer	0
astrophysicist	ntr_contain6	henri_pade	0
astrophysicist	ntr_contain6	francis_marion_stokes	0
astrophysicist	ntr_contain6	robert_smith_1689	0
astrophysicist	ntr_contain6	vivian_stanshall	0
astrophysicist	ntr_contain6	mickey_cochrane	0
ateneo_de_manila_university	ntr_contain10	pedro_paterno	1
ateneo_de_manila_university	ntr_contain10	salvador_laurel	1
ateneo_de_manila_university	ntr_contain10	benigno_aquino_jr	1
ateneo_de_manila_university	ntr_contain10	juan_luna	1
ateneo_de_manila_university	ntr_contain10	claro_m_recto	1
ateneo_de_manila_university	ntr_contain10	jose_rizal	1
ateneo_de_manila_university	ntr_contain10	victor_sumulong	1
ateneo_de_manila_university	ntr_contain10	gregorio_del_pilar	1
ateneo_de_manila_university	ntr_contain10	horacio_de_la_costa	1
ateneo_de_manila_university	ntr_contain10	claudio_teehankee_sr	1
ateneo_de_manila_university	ntr_contain10	rafael_buenaventura	1
ateneo_de_manila_university	ntr_contain10	huseyn_shaheed_suhrawardy	0
ateneo_de_manila_university	ntr_contain10	george_ramsay_9th_earl_of_dalhousie	0
ateneo_de_manila_university	ntr_contain10	antonio_luna	1
ateneo_de_manila_university	ntr_contain10	carlos_a_santos_viola	1
ateneo_de_manila_university	ntr_contain10	ivan_m_niven	0
ateneo_de_manila_university	ntr_contain10	stanislaw_wigura	0
ateneo_de_manila_university	ntr_contain10	go_smith	0
ateneo_de_manila_university	ntr_contain10	maximo_v_soliven	1
ateneo_de_manila_university	ntr_contain10	ray_lankester	0
ateneo_de_manila_university	ntr_contain10	chandra_levy	0
atheism	ntr_contain12	samora_machel	1
atheism	ntr_contain12	joseph_conrad	1
atheism	ntr_contain12	aleksandr_myasnikyan	1
atheism	ntr_contain12	oriana_fallaci	1
atheism	ntr_contain12	luis_bunuel	1
atheism	ntr_contain12	pierre-jules_hetzel	1
atheism	ntr_contain12	victor_frederick_weisskopf	1
atheism	ntr_contain12	sylvain_marechal	1
atheism	ntr_contain12	august_spangberg	1
atheism	ntr_contain12	william_thompson_1775	1
atheism	ntr_contain12	hermann_bondi	1
atheism	ntr_contain12	yuri_andropov	1
atheism	ntr_contain12	marcus_bakker	1
atheism	ntr_contain12	andre_breton	1
atheism	ntr_contain12	allan_pinkerton	1
atheism	ntr_contain12	strato_of_lampsacus	1
atheism	ntr_contain12	yitzhak_ben-aharon	1
atheism	ntr_contain12	clement_attlee	1
atheism	ntr_contain12	montague_miller	1
atheism	ntr_contain12	ayn_rand	1
atheism	ntr_contain12	witold_gombrowicz	1
atheism	ntr_contain12	subrahmanyan_chandrasekhar	1
atheism	ntr_contain12	robert_altman	1
atheism	ntr_contain12	ernest_belfort_bax	1
atheism	ntr_contain12	lazar_kolisevski	1
atheism	ntr_contain12	benito_mussolini	1
atheism	ntr_contain12	jules_ferry	1
atheism	ntr_contain12	sebastian_horsley	1
atheism	ntr_contain12	ernst_bloch	1
atheism	ntr_contain12	harkishan_singh_surjeet	1
atheism	ntr_contain12	herbert_aptheker	1
atheism	ntr_contain12	dave_allen	1
atheism	ntr_contain12	raymond_firth	1
atheism	ntr_contain12	michelangelo_antonioni	1
atheism	ntr_contain12	vladimir_ivashko	1
atheism	ntr_contain12	nicolae_ceausescu	1
atheism	ntr_contain12	eugene_dennis	1
atheism	ntr_contain12	elizabeth_cady_stanton	1
atheism	ntr_contain12	calvin_bridges	1
atheism	ntr_contain12	helena_wolinska-brus	1
atheism	ntr_contain12	simeon_denis_poisson	1
atheism	ntr_contain12	revilo_p_oliver	1
atheism	ntr_contain12	ludwig_andreas_feuerbach	1
atheism	ntr_contain12	dmitriy_ustinov	1
atheism	ntr_contain12	marie_souvestre	1
atheism	ntr_contain12	erich_honecker	1
atheism	ntr_contain12	robert_cunninghame-graham	1
atheism	ntr_contain12	bertolt_brecht	1
atheism	ntr_contain12	kersey_graves	1
atheism	ntr_contain12	thor_heyerdahl	1
atheism	ntr_contain12	menno_ter_braak	1
atheism	ntr_contain12	giuseppe_garibaldi	1
atheism	ntr_contain12	culbert_olson	1
atheism	ntr_contain12	donald_dewar	1
atheism	ntr_contain12	john_maynard_smith	1
atheism	ntr_contain12	jorge_amado	1
atheism	ntr_contain12	stephen_jay_gould	1
atheism	ntr_contain12	walter_crane	1
atheism	ntr_contain12	gene_roddenberry	1
atheism	ntr_contain12	jerome_lalande	1
atheism	ntr_contain12	le_corbusier	1
atheism	ntr_contain12	thomas_carlyle	1
atheism	ntr_contain12	peter_lipton	1
atheism	ntr_contain12	johann_von_miquel	1
atheism	ntr_contain12	antonin_artaud	1
atheism	ntr_contain12	afonso_costa	1
atheism	ntr_contain12	stan_rice	1
atheism	ntr_contain12	ferdinand_domela_nieuwenhuis	1
atheism	ntr_contain12	georges_bataille	1
atheism	ntr_contain12	pablo_picasso	1
atheism	ntr_contain12	sherwin_wine	1
atheism	ntr_contain12	pier_paolo_pasolini	1
atheism	ntr_contain12	maurice_ravel	1
atheism	ntr_contain12	g_e_m_de_ste_croix	1
atheism	ntr_contain12	kim_il-sung	1
atheism	ntr_contain12	diego_rivera	1
atheism	ntr_contain12	leo_strauss	1
atheism	ntr_contain12	bessie_braddock	1
atheism	ntr_contain12	mick_lally	1
atheism	ntr_contain12	henk_vonhoff	1
atheism	ntr_contain12	voltairine_de_cleyre	1
atheism	ntr_contain12	madalyn_murray_ohair	1
atheism	ntr_contain12	bela_kun	1
atheism	ntr_contain12	b_f_skinner	1
atheism	ntr_contain12	frank_oconnor_1897	1
atheism	ntr_contain12	millosh_gjergj_nikolla	1
atheism	ntr_contain12	stanislaw_lem	1
atheism	ntr_contain12	sarah_bernhardt	1
atheism	ntr_contain12	max_eastman	1
atheism	ntr_contain12	vardis_fisher	1
atheism	ntr_contain12	ludovic_kennedy	1
atheism	ntr_contain12	larry_adler	1
atheism	ntr_contain12	martin_bormann	1
atheism	ntr_contain12	peter_caffrey	1
atheism	ntr_contain12	george_hawi	1
atheism	ntr_contain12	claude_adrien_helvetius	1
atheism	ntr_contain12	nikita_khrushchev	1
atheism	ntr_contain12	mikhail_kalinin	1
atheism	ntr_contain12	edvard_brandes	1
atheism	ntr_contain12	plutarco_elias_calles	1
atheism	ntr_contain12	antony_flew	1
atheism	ntr_contain12	don_siegel	1
atheism	ntr_contain12	reginald_johnston	1
atheism	ntr_contain12	gwen_raverat	1
atheism	ntr_contain12	tony_hancock	1
atheism	ntr_contain12	friedrich_nietzsche	1
atheism	ntr_contain12	brownie_mary	1
atheism	ntr_contain12	charles_bradlaugh	1
atheism	ntr_contain12	bob_woolmer	1
atheism	ntr_contain12	alan_turing	1
atheism	ntr_contain12	marian_spychalski	1
atheism	ntr_contain12	jaan_anvelt	1
atheism	ntr_contain12	friedrich_ebert	1
atheism	ntr_contain12	emma_goldman	1
atheism	ntr_contain12	w_d_hamilton	1
atheism	ntr_contain12	friedrich_engels	1
atheism	ntr_contain12	peter_medawar	1
atheism	ntr_contain12	rudolf_carnap	1
atheism	ntr_contain12	vic_chesnutt	1
atheism	ntr_contain12	piotr_jaroszewicz	1
atheism	ntr_contain12	sinclair_lewis	1
atheism	ntr_contain12	dove-myer_robinson	1
atheism	ntr_contain12	johann_friedrich_struensee	1
atheism	ntr_contain12	zeth_hoglund	1
atheism	ntr_contain12	ernest_hemingway	1
atheism	ntr_contain12	h_g_wells	1
atheism	ntr_contain12	leonard_woolf	1
atheism	ntr_contain12	john_reed	1
atheism	ntr_contain12	pat_tillman	1
atheism	ntr_contain12	jorge_oteiza	1
atheism	ntr_contain12	h_l_mencken	1
atheism	ntr_contain12	wanda_wasilewska	1
atheism	ntr_contain12	herbert_simon	1
atheism	ntr_contain12	calel_perechodnik	1
atheism	ntr_contain12	james_p_cannon	1
atheism	ntr_contain12	jacob_burckhardt	1
atheism	ntr_contain12	alfred_gilbert	1
atheism	ntr_contain12	marquis_de_sade	1
atheism	ntr_contain12	vinayak_damodar_savarkar	1
atheism	ntr_contain12	francis_sheehy-skeffington	1
atheism	ntr_contain12	theodor_herzl	1
atheism	ntr_contain12	sandro_pertini	1
atheism	ntr_contain12	jacques_hebert	1
atheism	ntr_contain12	fritz_muller	1
atheism	ntr_contain12	periyar_e_v_ramasamy	1
atheism	ntr_contain12	barack_obama_sr	1
atheism	ntr_contain12	jacques_brel	1
atheism	ntr_contain12	william_shockley	1
atheism	ntr_contain12	john_harsanyi	1
atheism	ntr_contain12	zhou_enlai	1
atheism	ntr_contain12	george_taubman_goldie	1
atheism	ntr_contain12	fredric_brown	1
atheism	ntr_contain12	slobodan_milosevic	1
atheism	ntr_contain12	georges_clemenceau	1
atheism	ntr_contain12	richard_carleton	1
atheism	ntr_contain12	jan_hein_donner	1
atheism	ntr_contain12	alexander_stepanovich_popov	1
atheism	ntr_contain12	ernestine_rose	1
atheism	ntr_contain12	par_lagerkvist	1
atheism	ntr_contain12	marcel_pagnol	1
atheism	ntr_contain12	mo_mowlam	1
atheism	ntr_contain12	georgy_malenkov	1
atheism	ntr_contain12	mehmet_shehu	1
atheism	ntr_contain12	clarence_darrow	1
atheism	ntr_contain12	albert_ellis	1
atheism	ntr_contain12	dermot_morgan	1
atheism	ntr_contain12	julian_marchlewski	1
atheism	ntr_contain12	take_ionescu	1
atheism	ntr_contain12	francis_crick	1
atheism	ntr_contain12	john_anderson_1893	1
atheism	ntr_contain12	joe_slovo	1
atheism	ntr_contain12	hugh_everett	1
atheism	ntr_contain12	abraham_kovoor	1
atheism	ntr_contain12	baldur_von_schirach	1
atheism	ntr_contain12	julius_axelrod	1
atheism	ntr_contain12	arvids_pelse	1
atheism	ntr_contain12	elisee_reclus	1
atheism	ntr_contain12	xuan_thuy	1
atheism	ntr_contain12	fausto_coppi	1
atheism	ntr_contain12	jean-paul_riopelle	1
atheism	ntr_contain12	burt_lancaster	1
atheism	ntr_contain12	carl_sagan	1
atheism	ntr_contain12	freda_utley	1
atheism	ntr_contain12	john_russell_viscount_amberley	1
atheism	ntr_contain12	george_edward_moore	1
atheism	ntr_contain12	pablo_iglesias	1
atheism	ntr_contain12	richard_carlile	1
atheism	ntr_contain12	pottu_amman	1
atheism	ntr_contain12	philip_pullman	1
atheism	ntr_contain12	michal_rola_zymierski	1
atheism	ntr_contain12	patrick_blackett_baron_blackett	1
atheism	ntr_contain12	karl_marx	1
atheism	ntr_contain12	konstantin_rokossovsky	1
atheism	ntr_contain12	bruno_bauer	1
atheism	ntr_contain12	john_ernest	1
atheism	ntr_contain12	stanislaw_grzesiuk	1
atheism	ntr_contain12	daniele_postpischl	1
atheism	ntr_contain12	boris_yeltsin	1
atheism	ntr_contain12	alexander_luria	1
atheism	ntr_contain12	leon_festinger	1
atheism	ntr_contain12	joseph_stalin	1
atheism	ntr_contain12	gabriel_narutowicz	1
atheism	ntr_contain12	joseph_edamaruku	1
atheism	ntr_contain12	joseph_mccabe	1
atheism	ntr_contain12	malcolm_hardee	1
atheism	ntr_contain12	julia_phillips	1
atheism	ntr_contain12	george_santayana	1
atheism	ntr_contain12	diana_mitford	1
atheism	ntr_contain12	ivan_pavlov	1
atheism	ntr_contain12	richard_strauss	1
atheism	ntr_contain12	francisco_macias_nguema	1
atheism	ntr_contain12	josip_broz_tito	1
atheism	ntr_contain12	joseph_weber	1
atheism	ntr_contain12	ernst_gombrich	1
atheism	ntr_contain12	pierre_gaspard_chaumette	1
atheism	ntr_contain12	mikhail_suslov	1
atheism	ntr_contain12	fred_hoyle	1
atheism	ntr_contain12	jemima_blackburn	1
atheism	ntr_contain12	alvaro_cunhal	1
atheism	ntr_contain12	che_guevara	1
atheism	ntr_contain12	boleslaw_bierut	1
atheism	ntr_contain12	butterfly_mcqueen	1
atheism	ntr_contain12	iain_crichton_smith	1
atheism	ntr_contain12	leo_szilard	1
atheism	ntr_contain12	leonid_brezhnev	1
atheism	ntr_contain12	kurt_vonnegut	1
atheism	ntr_contain12	sidonio_pais	1
atheism	ntr_contain12	richard_feynman	1
atheism	ntr_contain12	john_huston	1
atheism	ntr_contain12	jim_jones	1
atheism	ntr_contain12	herbert_fisher	1
atheism	ntr_contain12	lavrentiy_beria	1
atheism	ntr_contain12	james_connolly	1
atheism	ntr_contain12	mao_zedong	1
atheism	ntr_contain12	ted_williams	1
atheism	ntr_contain12	marquis_de_condorcet	1
atheism	ntr_contain12	anastas_mikoyan	1
atheism	ntr_contain12	james_callaghan	1
atheism	ntr_contain12	baron_dholbach	1
atheism	ntr_contain12	aaron_burr	1
atheism	ntr_contain12	gordon_gould	1
atheism	ntr_contain12	john_stuart_mill	1
atheism	ntr_contain12	michel_foucault	1
atheism	ntr_contain12	carneades	1
atheism	ntr_contain12	christopher_robin_milne	1
atheism	ntr_contain12	gherman_titov	1
atheism	ntr_contain12	a_k_gopalan	1
atheism	ntr_contain12	jawaharlal_nehru	1
atheism	ntr_contain12	almroth_wright	1
atheism	ntr_contain12	walter_ulbricht	1
atheism	ntr_contain12	philippe_ii_duke_of_orleans	1
atheism	ntr_contain12	isaac_asimov	1
atheism	ntr_contain12	satyendra_narayan_sinha	1
atheism	ntr_contain12	gilbert_romme	1
atheism	ntr_contain12	frida_kahlo	1
atheism	ntr_contain12	zhao_ziyang	1
atheism	ntr_contain12	humayun_azad	1
atheism	ntr_contain12	kadri_roshi	1
atheism	ntr_contain12	matyas_rakosi	1
atheism	ntr_contain12	alfred_radcliffe-brown	1
atheism	ntr_contain12	harriet_martineau	1
atheism	ntr_contain12	rosika_schwimmer	1
atheism	ntr_contain12	george_warrington_steevens	1
atheism	ntr_contain12	ben_klassen	1
atheism	ntr_contain12	william_grey_walter	1
atheism	ntr_contain12	frederick_vosper	1
atheism	ntr_contain12	simone_de_beauvoir	1
atheism	ntr_contain12	douglas_adams	1
atheism	ntr_contain12	forrest_j_ackerman	1
atheism	ntr_contain12	j_d_bernal	1
atheism	ntr_contain12	amartya_sen	1
atheism	ntr_contain12	luis_emilio_recabarren	1
atheism	ntr_contain12	joan_brossa	1
atheism	ntr_contain12	thomas_a_jackson	1
atheism	ntr_contain12	vincent_auriol	1
atheism	ntr_contain12	ivica_racan	1
atheism	ntr_contain12	karol_swierczewski	1
atheism	ntr_contain12	walter_kaufmann	1
atheism	ntr_contain12	emile_zola	1
atheism	ntr_contain12	francis_clark_howell	1
atheism	ntr_contain12	derek_j_de_solla_price	1
atheism	ntr_contain12	salvador_allende	1
atheism	ntr_contain12	a_philip_randolph	1
atheism	ntr_contain12	charles_ruthenberg	1
atheism	ntr_contain12	artur_axmann	1
atheism	ntr_contain12	michael_foot	1
atheism	ntr_contain12	bhagat_singh	1
atheism	ntr_contain12	david_kellogg_lewis	1
atheism	ntr_contain12	julien_offray_de_la_mettrie	1
atheism	ntr_contain12	ethel_lilian_voynich	1
atheism	ntr_contain12	edward_aveling	1
atheism	ntr_contain12	savka_dabcevic-kucar	1
atheism	ntr_contain12	william_kingdon_clifford	1
atheism	ntr_contain12	jerzy_kawalerowicz	1
atheism	ntr_contain12	kingsley_amis	1
atheism	ntr_contain12	bernard_williams	1
atheism	ntr_contain12	richard_rodgers	1
atheism	ntr_contain12	george_orwell	1
atheism	ntr_contain12	wynford_vaughan-thomas	1
atheism	ntr_contain12	jacques_monod	1
atheism	ntr_contain12	kerim_kerimov	1
atheism	ntr_contain12	linda_smith	1
atheism	ntr_contain12	alfred_hrdlicka	1
atheism	ntr_contain12	jacques_hadamard	1
atheism	ntr_contain12	hans_van_mierlo	1
atheism	ntr_contain12	jozef_pinkowski	1
atheism	ntr_contain12	hugh_falkus	1
atheism	ntr_contain12	bruno_jasienski	1
atheism	ntr_contain12	frank_zappa	1
atheism	ntr_contain12	michael_tippett	1
atheism	ntr_contain12	william_bateson	1
atheism	ntr_contain12	raul_hilberg	1
atheism	ntr_contain12	herbert_samuel_1st_viscount_samuel	1
atheism	ntr_contain12	periyar	1
atheism	ntr_contain12	george_grote	1
atheism	ntr_contain12	jean_meslier	1
atheism	ntr_contain12	gramoz_pashko	1
atheism	ntr_contain12	j_r_simplot	1
atheism	ntr_contain12	boris_sidis	1
atheism	ntr_contain12	palmiro_togliatti	1
atheism	ntr_contain12	yuval_neeman	1
atheism	ntr_contain12	jean_baptiste_du_val_de_grace_baron_de_cloots	1
atheism	ntr_contain12	gus_hall	1
atheism	ntr_contain12	goparaju_ramachandra_rao	1
atheism	ntr_contain12	alexander_mcqueen	1
atheism	ntr_contain12	edward_thomas_hall	1
atheism	ntr_contain12	theo_van_gogh	1
atheism	ntr_contain12	albert_einstein	1
atheism	ntr_contain12	alfred_tarski	1
atheism	ntr_contain12	g_h_hardy	1
atheism	ntr_contain12	john_leslie_1766	1
atheism	ntr_contain12	j_l_mackie	1
atheism	ntr_contain12	hua_guofeng	1
atheism	ntr_contain12	allen_tate	1
atheism	ntr_contain12	poornachandra_tejaswi	1
atheism	ntr_contain12	frederic_joliot-curie	1
atheism	ntr_contain12	herbert_marcuse	1
atheism	ntr_contain12	wilfrid_scawen_blunt	1
atheism	ntr_contain12	albert_camus	1
atheism	ntr_contain12	samuel_beckett	1
atheism	ntr_contain12	leon_trotsky	1
atheism	ntr_contain12	david_hume	1
atheism	ntr_contain12	bishweshwar_prasad_koirala	1
atheism	ntr_contain12	angela_carter	1
atheism	ntr_contain12	robert_louis_stevenson	1
atheism	ntr_contain12	gavrilo_princip	1
atheism	ntr_contain12	g_d_h_cole	1
atheism	ntr_contain12	bruce_lee	1
atheism	ntr_contain12	william_james_sidis	1
atheism	ntr_contain12	deng_xiaoping	1
atheism	ntr_contain12	bertrand_russell	1
atheism	ntr_contain12	john_douglas_9th_marquess_of_queensberry	1
atheism	ntr_contain12	lazar_kaganovich	1
atheism	ntr_contain12	saraswathi_gora	1
atheism	ntr_contain12	nikolai_bukharin	1
atheism	ntr_contain12	francis_bacon_1909	1
atheism	ntr_contain12	jose_saramago	1
atheism	ntr_contain12	aleksandr_zinovyev	1
atheism	ntr_contain12	frederick_delius	1
atheism	ntr_contain12	felix_edmundovich_dzerzhinsky	1
atheism	ntr_contain12	jerry_wexler	1
atheism	ntr_contain12	marc-guillaume_alexis_vadier	1
atheism	ntr_contain12	eric_ambler	1
atheism	ntr_contain12	aristide_briand	1
atheism	ntr_contain12	basava_premanand	1
atheism	ntr_contain12	enver_hoxha	1
atheism	ntr_contain12	octave_mirbeau	1
atheism	ntr_contain12	e_m_s_namboodiripad	1
atheism	ntr_contain12	ambrose_bierce	1
atheism	ntr_contain12	ernst_mayr	1
atheism	ntr_contain12	henry_stephens_salt	1
atheism	ntr_contain12	theodore_sturgeon	1
atheism	ntr_contain12	paul_erdos	1
atheism	ntr_contain12	stevo_zigon	1
atheism	ntr_contain12	ignacio_ramirez	1
atheism	ntr_contain12	a_n_murthy_rao	1
atheism	ntr_contain12	derek_raymond	1
atheism	ntr_contain12	baruch_spinoza	1
atheism	ntr_contain12	ferruccio_busoni	1
atheism	ntr_contain12	linus_pauling	1
atheism	ntr_contain12	thomas_hardy	1
atheism	ntr_contain12	george_carlin	1
atheism	ntr_contain12	vladimir_bakaric	1
atheism	ntr_contain12	arthur_c_clarke	1
atheism	ntr_contain12	mosa_pijade	1
atheism	ntr_contain12	konstantin_chernenko	1
atheism	ntr_contain12	thorstein_veblen	1
atheism	ntr_contain12	frances_farmer	1
atheism	ntr_contain12	ivy_compton-burnett	1
atheism	ntr_contain12	wilhelm_reich	1
atheism	ntr_contain12	jose_batlle_y_ordonez	1
atheism	ntr_contain12	milton_friedman	1
atheism	ntr_contain12	harold_pinter	1
atheism	ntr_contain12	gilles_deleuze	1
atheism	ntr_contain12	stephen_girard	1
atheism	ntr_contain12	claude_elwood_shannon	1
atheism	ntr_contain12	thomas_m_disch	1
atheism	ntr_contain12	peter_kropotkin	1
atheism	ntr_contain12	martin_heidegger	1
atheism	ntr_contain12	robin_cook	1
atheism	ntr_contain12	guido_cavalcanti	1
atheism	ntr_contain12	manuel_azana	1
atheism	ntr_contain12	michael_crichton	1
atheism	ntr_contain12	rosa_luxemburg	1
atheism	ntr_contain12	auguste_comte	1
atheism	ntr_contain12	vladimir_nazor	1
atheism	ntr_contain12	mieczyslaw_rakowski	1
atheism	ntr_contain12	vladimir_i_lenin	1
atheism	ntr_contain12	savielly_tartakower	1
atheism	ntr_contain12	ture_nerman	1
atheism	ntr_contain12	george_grosz	1
atheism	ntr_contain12	benjamin_tucker	1
atheism	ntr_contain12	percy_bysshe_shelley	1
atheism	ntr_contain12	joseph_dietzgen	1
atheism	ntr_contain12	algernon_swinburne	1
atheism	ntr_contain12	john_morley_1st_viscount_morley_of_blackburn	1
atheism	ntr_contain12	vitaly_ginzburg	1
atheism	ntr_contain12	dmitri_shostakovich	1
atheism	ntr_contain12	sigmar_polke	1
atheism	ntr_contain12	max_stirner	1
atheism	ntr_contain12	h_p_lovecraft	1
atheism	ntr_contain12	marlene_dietrich	1
atheism	ntr_contain12	arthur_schopenhauer	1
atheism	ntr_contain12	peter_d_mitchell	1
atheism	ntr_contain12	aziz_nesin	1
atheism	ntr_contain12	katharine_hepburn	1
atheism	ntr_contain12	michael_smith_1932	1
atheism	ntr_contain12	denis_diderot	1
atheism	ntr_contain12	vyacheslav_molotov	1
atheism	ntr_contain12	multatuli	1
atheism	ntr_contain12	claude_simon	1
atheism	ntr_contain12	john_jacob_rhodes	0
atheism	ntr_contain12	yitzchak_kaduri	0
atheism	ntr_contain12	bob_oconnor	0
atheism	ntr_contain12	nikolai_rimsky-korsakov	1
atheism	ntr_contain12	manabendra_nath_roy	1
atheism	ntr_contain12	hermann_joseph_muller	1
atheism	ntr_contain12	mikhail_bakunin	1
atheism	ntr_contain12	dave_godin	1
atheism	ntr_contain12	ayya_khema	0
atheism	ntr_contain12	daniel_guerin	1
atheism	ntr_contain12	sigmund_freud	1
atheism	ntr_contain12	john_baskerville	1
atheism	ntr_contain12	julian_huxley	1
atheism	ntr_contain12	wim_duisenberg	1
atheism	ntr_contain12	giacomo_leopardi	1
atheism	ntr_contain12	peter_altenberg	0
atheism	ntr_contain12	john_lennon	1
atheism	ntr_contain12	frank_p_ramsey	1
atheism	ntr_contain12	pol_pot	1
atheism	ntr_contain12	miguel_torga	1
atheism	ntr_contain12	robert_morris_1734	0
atheism	ntr_contain12	elizur_wright	1
atheism	ntr_contain12	alfred_kinsey	1
atheism	ntr_contain12	erich_fromm	1
atheism	ntr_contain12	benedetto_croce	1
atheism	ntr_contain12	baba_amte	1
atheism	ntr_contain12	richey_james_edwards	1
atheism	ntr_contain12	lily_braun	1
atheism	ntr_contain12	paul_dirac	1
atheism	ntr_contain12	jean-paul_sartre	1
atheism	ntr_contain12	margaret_sanger	1
atheism	ntr_contain12	pieter_van_woensel	1
atheism	ntr_contain12	jyoti_basu	1
atheism	ntr_contain12	eugen_rosenstock-huessy	0
atheism	ntr_contain12	primo_levi	1
atheism	ntr_contain12	edmund_leach	1
athlete	ntr_contain6	arthur_d_bond	1
athlete	ntr_contain6	fausto_coppi	1
athlete	ntr_contain6	chuck_taylor_1901	1
athlete	ntr_contain6	kerryn_mccann	1
athlete	ntr_contain6	savielly_tartakower	1
athlete	ntr_contain6	william_a_spinks	1
athlete	ntr_contain6	frank_vandenbroucke_1974	1
athlete	ntr_contain6	marie_marvingt	1
athlete	ntr_contain6	oliver_st_john_gogarty	1
athlete	ntr_contain6	john_sopinka	1
athlete	ntr_contain6	ibrahim_dossey	1
athlete	ntr_contain6	reuben_kee	1
athlete	ntr_contain6	bob_woolmer	1
athlete	ntr_contain6	hugh_falkus	1
athlete	ntr_contain6	dan_osman	1
athlete	ntr_contain6	reg_revans	1
athlete	ntr_contain6	shirley_strickland	1
athlete	ntr_contain6	jan_hein_donner	1
athlete	ntr_contain6	paddy_chew	0
athlete	ntr_contain6	donald_windham	0
athlete	ntr_contain6	michael_de_larrabeiti	0
athlete	ntr_contain6	paul_iribe	0
athlete	ntr_contain6	christian_wolff	0
athlete	ntr_contain6	james_douglas_jr	0
athlete	ntr_contain6	charles_peter_allen	1
athlete	ntr_contain6	townes_van_zandt	0
athlete	ntr_contain6	edmund_randolph	0
athlete	ntr_contain6	john_cutt	0
athlete	ntr_contain6	thomas_overbury	0
athlete	ntr_contain6	murray_rothbard	0
athlete	ntr_contain6	jan_peerce	0
athlete	ntr_contain6	johann_friedrich_von_eschscholtz	0
athlete	ntr_contain6	robert_s_mulliken	0
athlete	ntr_contain6	wes_montgomery	0
athlete	ntr_contain6	bud_fisher	0
athlete	ntr_contain6	chuck_connors	1
athlete	ntr_contain6	betty_goodwin	0
athlete	ntr_contain6	pier_paolo_pasolini	0
athlete	ntr_contain6	rudy_perpich	0
athlete	ntr_contain6	elrod_hendricks	0
athlete	ntr_contain6	john_warren_davis	0
attorney_at_law	ntr_contain6	bert_h_miller	1
attorney_at_law	ntr_contain6	richard_russell_jr	1
attorney_at_law	ntr_contain6	raymond_p_shafer	1
attorney_at_law	ntr_contain6	speedy_o_long	1
attorney_at_law	ntr_contain6	tirey_l_ford	1
attorney_at_law	ntr_contain6	william_h_wallace	1
attorney_at_law	ntr_contain6	archibald_grimke	1
attorney_at_law	ntr_contain6	milward_l_simpson	1
attorney_at_law	ntr_contain6	john_mckeithen	1
attorney_at_law	ntr_contain6	stephen_c_oconnell	1
attorney_at_law	ntr_contain6	james_a_beaver	1
attorney_at_law	ntr_contain6	james_semple	1
attorney_at_law	ntr_contain6	frank_claugue	1
attorney_at_law	ntr_contain6	arthur_ohnimus	1
attorney_at_law	ntr_contain6	william_j_obrien_1836	1
attorney_at_law	ntr_contain6	william_e_miller	1
attorney_at_law	ntr_contain6	wayne_morse	1
attorney_at_law	ntr_contain6	edward_echols	1
attorney_at_law	ntr_contain6	george_wallace	1
attorney_at_law	ntr_contain6	j_b_stoner	1
attorney_at_law	ntr_contain6	jim_garrison	1
attorney_at_law	ntr_contain6	william_pitt_lynde	1
attorney_at_law	ntr_contain6	david_c_treen	1
attorney_at_law	ntr_contain6	robert_franklin_armfield	1
attorney_at_law	ntr_contain6	edward_p_carville	1
attorney_at_law	ntr_contain6	alfred_e_reames	1
attorney_at_law	ntr_contain6	howard_cannon	1
attorney_at_law	ntr_contain6	philip_hart	1
attorney_at_law	ntr_contain6	frank_church	1
attorney_at_law	ntr_contain6	augustus_c_french	1
attorney_at_law	ntr_contain6	john_noble_goodwin	1
attorney_at_law	ntr_contain6	john_philo_hoyt	1
attorney_at_law	ntr_contain6	pat_mccarran	1
attorney_at_law	ntr_contain6	edgar_c_levey	1
attorney_at_law	ntr_contain6	andrew_w_clark	1
attorney_at_law	ntr_contain6	alan_bible	1
attorney_at_law	ntr_contain6	william_edgar_borah	1
attorney_at_law	ntr_contain6	william_a_massey	1
attorney_at_law	ntr_contain6	john_t_morrison	1
attorney_at_law	ntr_contain6	thomas_b_catron	1
attorney_at_law	ntr_contain6	william_m_stewart	1
attorney_at_law	ntr_contain6	george_ainslie	1
attorney_at_law	ntr_contain6	frederick_h_dominick	1
attorney_at_law	ntr_contain6	benjamin_m_miller	1
attorney_at_law	ntr_contain6	tasker_oddie	1
attorney_at_law	ntr_contain6	peter_t_washburn	1
attorney_at_law	ntr_contain6	thomas_kuchel	1
attorney_at_law	ntr_contain6	david_worth_clark	1
attorney_at_law	ntr_contain6	owen_wister	1
attorney_at_law	ntr_contain6	william_neff_patman	1
attorney_at_law	ntr_contain6	john_a_nejedly	1
attorney_at_law	ntr_contain6	weldon_b_heyburn	1
attorney_at_law	ntr_contain6	napoleon_hill	1
attorney_at_law	ntr_contain6	francis_g_newlands	1
attorney_at_law	ntr_contain6	william_sharon	1
attorney_at_law	ntr_contain6	walter_washington	1
attorney_at_law	ntr_contain6	burton_l_french	1
attorney_at_law	ntr_contain6	christoffel_brand	1
attorney_at_law	ntr_contain6	robert_r_casey	1
attorney_at_law	ntr_contain6	butler_b_hare	1
attorney_at_law	ntr_contain6	james_a_mcdougall	1
attorney_at_law	ntr_contain6	octaviano_ambrosio_larrazolo	1
attorney_at_law	ntr_contain6	charlton_lyons	1
attorney_at_law	ntr_contain6	samuel_cony	1
attorney_at_law	ntr_contain6	william_woodburn	1
attorney_at_law	ntr_contain6	james_h_hawley	1
attorney_at_law	ntr_contain6	robert_y_hayne	1
attorney_at_law	ntr_contain6	richard_yates_1860	1
attorney_at_law	ntr_contain6	peter_g_gerry	1
attorney_at_law	ntr_contain6	thomas_m_bowen	1
attorney_at_law	ntr_contain6	george_moscone	1
attorney_at_law	ntr_contain6	calvin_l_rampton	1
attorney_at_law	ntr_contain6	thomas_e_miller	1
attorney_at_law	ntr_contain6	john_f_nugent	1
attorney_at_law	ntr_contain6	melvin_belli	1
attorney_at_law	ntr_contain6	max_ehrmann	1
attorney_at_law	ntr_contain6	andrieus_a_jones	1
attorney_at_law	ntr_contain6	washington_ellsworth_lindsey	1
attorney_at_law	ntr_contain6	douglas_anne_munson	1
attorney_at_law	ntr_contain6	chase_a_clark	1
attorney_at_law	ntr_contain6	kirtland_i_perky	1
attorney_at_law	ntr_contain6	moses_robinson	1
attorney_at_law	ntr_contain6	john_cradlebaugh	1
attorney_at_law	ntr_contain6	john_s_cooper	1
attorney_at_law	ntr_contain6	wayne_owens	1
attorney_at_law	ntr_contain6	ernest_s_brown	1
attorney_at_law	ntr_contain6	russell_b_long	1
attorney_at_law	ntr_contain6	herman_welker	1
attorney_at_law	ntr_contain6	simeon_olcott	1
attorney_at_law	ntr_contain6	abraham_fischer	1
attorney_at_law	ntr_contain6	caspar_weinberger	1
attorney_at_law	ntr_contain6	gordon_newell_mott	1
attorney_at_law	ntr_contain6	thomas_w_bennett	1
attorney_at_law	ntr_contain6	coleman_l_blease	1
attorney_at_law	ntr_contain6	paul_peek_1904	1
attorney_at_law	ntr_contain6	barbara_jordan	1
attorney_at_law	ntr_contain6	maury_maverick	1
attorney_at_law	ntr_contain6	wallace_thurman	0
attorney_at_law	ntr_contain6	james_p_pope	1
attorney_at_law	ntr_contain6	benjamin_f_shively	1
attorney_at_law	ntr_contain6	john_lindsay	1
attorney_at_law	ntr_contain6	pablo_casals	0
attorney_at_law	ntr_contain6	ernest_dewitt_burton	0
attorney_at_law	ntr_contain6	james_h_duff	1
attorney_at_law	ntr_contain6	louis_conradt	1
attorney_at_law	ntr_contain6	ramon_emeterio_betances	0
attorney_at_law	ntr_contain6	james_w_nye	1
attorney_at_law	ntr_contain6	mo_udall	1
attorney_at_law	ntr_contain6	errol_barrow	1
attorney_at_law	ntr_contain6	edwin_l_mechem	1
attorney_at_law	ntr_contain6	daniel_defoe	0
attorney_at_law	ntr_contain6	joseph_reed_1741	0
attorney_at_law	ntr_contain6	hans_kelsen	0
attorney_at_law	ntr_contain6	charles_b_henderson	1
attorney_at_law	ntr_contain6	emma_abbott	0
attorney_at_law	ntr_contain6	karen_dalton	0
attorney_at_law	ntr_contain6	oscar_zeta_acosta	1
attorney_at_law	ntr_contain6	william_d_ford	1
attorney_at_law	ntr_contain6	howard_w_smith	1
attorney_at_law	ntr_contain6	j_howard_marshall	1
attorney_at_law	ntr_contain6	katie_jane_evans	0
attorney_at_law	ntr_contain6	joseph_henry_kibbey	1
attorney_at_law	ntr_contain6	addison_t_smith	1
attorney_at_law	ntr_contain6	barry_sadler	0
auburn_university	ntr_contain10	j_thomas_heflin	1
auburn_university	ntr_contain10	john_mcduffie	1
auburn_university	ntr_contain10	william_spratling	1
auburn_university	ntr_contain10	paul_rudolph	1
auburn_university	ntr_contain10	clifton_williams	1
auburn_university	ntr_contain10	william_hall_milton	1
auburn_university	ntr_contain10	axel_roth	1
auburn_university	ntr_contain10	millard_fuller	1
auburn_university	ntr_contain10	kenneth_r_giddens	1
auburn_university	ntr_contain10	johnny_micheal_spann	1
auburn_university	ntr_contain10	luther_duncan	1
auburn_university	ntr_contain10	willard_nixon	1
auburn_university	ntr_contain10	franklin_a_hart	1
auburn_university	ntr_contain10	william_boog_leishman	0
auburn_university	ntr_contain10	eric_fawcett	0
auburn_university	ntr_contain10	page_smith	0
auburn_university	ntr_contain10	p_o_davis	1
auburn_university	ntr_contain10	eli_whitney	0
auburn_university	ntr_contain10	lanoe_hawker	0
auburn_university	ntr_contain10	ira_harris	0
auburn_university	ntr_contain10	holland_smith	1
auburn_university	ntr_contain10	lars_johan_hierta	0
auburn_university	ntr_contain10	harold_montgomery	0
australia	ntr_contain5	mark_oliphant	1
australia	ntr_contain5	david_mccomb	1
australia	ntr_contain5	donald_cameron_1878	1
australia	ntr_contain5	charlie_bell	1
australia	ntr_contain5	andrew_fisher	1
australia	ntr_contain5	maggie_moore	1
australia	ntr_contain5	alexander_paterson	1
australia	ntr_contain5	walter_j_turner	1
australia	ntr_contain5	a_d_hope	1
australia	ntr_contain5	david_tonkin	1
australia	ntr_contain5	helen_de_guerry_simpson	1
australia	ntr_contain5	warwick_armstrong	1
australia	ntr_contain5	jon_cleary	1
australia	ntr_contain5	harry_gibbs	1
australia	ntr_contain5	maria_vamvakinou	1
australia	ntr_contain5	ian_macfarlan	1
australia	ntr_contain5	donald_alastair_cameron	1
australia	ntr_contain5	stan_mccabe	1
australia	ntr_contain5	philip_sydney_jones	1
australia	ntr_contain5	david_martin_1933	1
australia	ntr_contain5	johnny_warren	1
australia	ntr_contain5	charles_cutler	1
australia	ntr_contain5	george_higinbotham	1
australia	ntr_contain5	robert_menzies	1
australia	ntr_contain5	richard_heales	1
australia	ntr_contain5	william_hearn	1
australia	ntr_contain5	john_wayne_glover	1
australia	ntr_contain5	francis_matthew_john_baker	1
australia	ntr_contain5	james_anderson_1895	1
australia	ntr_contain5	arthur_colvin	1
australia	ntr_contain5	william_foster_stawell	1
australia	ntr_contain5	ewen_neil_mcqueen	1
australia	ntr_contain5	sheila_florance	1
australia	ntr_contain5	trevor_sprigg	1
australia	ntr_contain5	edward_heitmann	1
australia	ntr_contain5	gregor_mcgregor	1
australia	ntr_contain5	billy_snedden	1
australia	ntr_contain5	peter_brock	1
australia	ntr_contain5	clare_dennis	1
australia	ntr_contain5	john_lewin	1
australia	ntr_contain5	arthur_calwell	1
australia	ntr_contain5	julian_salomons	1
australia	ntr_contain5	grahame_king	1
australia	ntr_contain5	john_peter_russell	1
australia	ntr_contain5	peter_norman	1
australia	ntr_contain5	robert_helpmann	1
australia	ntr_contain5	elizabeth_jolley	1
australia	ntr_contain5	peter_jackson_1861	1
australia	ntr_contain5	tup_scott	1
australia	ntr_contain5	thomas_william_glasgow	1
australia	ntr_contain5	ellis_bent	1
australia	ntr_contain5	mary_gilmore	1
australia	ntr_contain5	rex_norman	1
australia	ntr_contain5	jane_gerick	1
australia	ntr_contain5	john_latham_1877	1
australia	ntr_contain5	greg_wilton	1
australia	ntr_contain5	fred_williams	1
australia	ntr_contain5	jon_sullivan	1
australia	ntr_contain5	john_baker_melbourne	1
australia	ntr_contain5	donald_horne	1
australia	ntr_contain5	francis_forbes	1
australia	ntr_contain5	marc_mcdermott	1
australia	ntr_contain5	norman_gregg	1
australia	ntr_contain5	james_whiteside_mccay	1
australia	ntr_contain5	douglas_nicholls	1
australia	ntr_contain5	kevin_arthur_wheatley	1
australia	ntr_contain5	dorothy_auchterlonie	1
australia	ntr_contain5	gil_perkins	1
australia	ntr_contain5	donald_bradman	1
australia	ntr_contain5	kylie_tennant	1
australia	ntr_contain5	henry_ernest_searle	1
australia	ntr_contain5	william_wentworth_1907	1
australia	ntr_contain5	cyril_ritchard	1
australia	ntr_contain5	john_brack	1
australia	ntr_contain5	john_batman	1
australia	ntr_contain5	bill_brown	1
australia	ntr_contain5	john_antill_1866	1
australia	ntr_contain5	william_lambert_dobson	1
australia	ntr_contain5	paul_raphael_montford	1
australia	ntr_contain5	john_m_cowley	1
australia	ntr_contain5	ron_bailey	1
australia	ntr_contain5	chris_heyde	1
australia	ntr_contain5	elizabeth_durack	1
australia	ntr_contain5	june_bronhill	1
australia	ntr_contain5	norman_lindsay	1
australia	ntr_contain5	john_gorton	1
australia	ntr_contain5	john_hans_stroh	1
australia	ntr_contain5	harry_lawson	1
australia	ntr_contain5	william_spence	1
australia	ntr_contain5	ronald_wilson	1
australia	ntr_contain5	shirley_strickland	1
australia	ntr_contain5	bill_beach	1
australia	ntr_contain5	hal_colebatch	1
australia	ntr_contain5	william_robert_macfarlane	1
australia	ntr_contain5	samuel_griffith	1
australia	ntr_contain5	charmaine_dragun	1
australia	ntr_contain5	ken_ticehurst	1
australia	ntr_contain5	peter_finch	1
australia	ntr_contain5	james_mcauley	1
australia	ntr_contain5	patrick_glynn	1
australia	ntr_contain5	clarrie_grimmett	1
australia	ntr_contain5	david_stove	1
australia	ntr_contain5	john_kerr	1
australia	ntr_contain5	joseph_lade_pawsey	1
australia	ntr_contain5	william_morrow_east_maitland_new_south_wales	1
australia	ntr_contain5	louisa_anne_meredith	1
australia	ntr_contain5	paul_andrews	1
australia	ntr_contain5	duncan_gillies	1
australia	ntr_contain5	austin_chapman	1
australia	ntr_contain5	william_crowther_1817	1
australia	ntr_contain5	frank_gavan_duffy	1
australia	ntr_contain5	norm_oneill	1
australia	ntr_contain5	raymond_dart	1
australia	ntr_contain5	william_webb	1
australia	ntr_contain5	ursula_mcconnel	1
australia	ntr_contain5	stewart_mcarthur	1
australia	ntr_contain5	george_turner	1
australia	ntr_contain5	albert_namatjira	1
australia	ntr_contain5	peter_cook_1943	1
australia	ntr_contain5	john_quick	1
australia	ntr_contain5	john_macarthur	1
australia	ntr_contain5	john_downer	1
australia	ntr_contain5	stan_reid	1
australia	ntr_contain5	stuart_challender	1
australia	ntr_contain5	bertram_stevens	1
australia	ntr_contain5	james_brayshaw	1
australia	ntr_contain5	roma_mitchell	1
australia	ntr_contain5	george_batchelor	1
australia	ntr_contain5	clifford_possum_tjapaltjarri	1
australia	ntr_contain5	f_matthias_alexander	1
australia	ntr_contain5	grafton_elliot_smith	1
australia	ntr_contain5	cyril_p_callister	1
australia	ntr_contain5	frank_anstey	1
australia	ntr_contain5	ethel_pedley	1
australia	ntr_contain5	merlyn_myer	1
australia	ntr_contain5	h_b_higgins	1
australia	ntr_contain5	garfield_barwick	1
australia	ntr_contain5	richard_casey_baron_casey	1
australia	ntr_contain5	may_gibbs	1
australia	ntr_contain5	john_hannah_gordon	1
australia	ntr_contain5	bob_collins_1946	1
australia	ntr_contain5	frank_thring	1
australia	ntr_contain5	leslie_morshead	1
australia	ntr_contain5	johnny_taylor	1
australia	ntr_contain5	thomas_gerald_room	1
australia	ntr_contain5	j_l_mackie	1
australia	ntr_contain5	oodgeroo_noonuccal	1
australia	ntr_contain5	sydney_smith_1856	1
australia	ntr_contain5	bill_woodfull	1
australia	ntr_contain5	peter_slipper	1
australia	ntr_contain5	arthur_halloway	1
australia	ntr_contain5	john_cain	1
australia	ntr_contain5	bob_katter_sr	1
australia	ntr_contain5	luke_hartsuyker	1
australia	ntr_contain5	ruth_cracknell	1
australia	ntr_contain5	george_fuller_1861	1
australia	ntr_contain5	dorothy_tangney	1
australia	ntr_contain5	frederick_holder	1
australia	ntr_contain5	emile_dechaineux	1
australia	ntr_contain5	stephanie_chaves_jacobsen	1
australia	ntr_contain5	frank_hurley	1
australia	ntr_contain5	sibyl_morrison	1
australia	ntr_contain5	michael_vernon	1
australia	ntr_contain5	alan_kippax	1
australia	ntr_contain5	pehr_edman	1
australia	ntr_contain5	steve_rogers_1954	1
australia	ntr_contain5	john_clifford_valentine_behan	1
australia	ntr_contain5	alexander_mair	1
australia	ntr_contain5	jack_ryder_1889	1
australia	ntr_contain5	richard_buzacott	1
australia	ntr_contain5	daryl_e_hooper	1
australia	ntr_contain5	sharon_grierson	1
australia	ntr_contain5	a_richard_newton	1
australia	ntr_contain5	alexander_berry	1
australia	ntr_contain5	teddy_flack	1
australia	ntr_contain5	mathew_charlton	1
australia	ntr_contain5	robert_towns	1
australia	ntr_contain5	randolph_stow	1
australia	ntr_contain5	padraic_mcguinness	1
australia	ntr_contain5	edward_mctiernan	1
australia	ntr_contain5	victor_chang	1
australia	ntr_contain5	frederick_william_piesse	1
australia	ntr_contain5	julia_irwin	1
australia	ntr_contain5	anthony_fenn_kemp	1
australia	ntr_contain5	george_szekeres	1
australia	ntr_contain5	emily_kngwarreye	1
australia	ntr_contain5	peter_allen	1
australia	ntr_contain5	jack_beasley	1
australia	ntr_contain5	jim_hall_1868	1
australia	ntr_contain5	iven_giffard_mackay	1
australia	ntr_contain5	miles_franklin	1
australia	ntr_contain5	kirsten_livermore	1
australia	ntr_contain5	thomas_crawford_1865	1
australia	ntr_contain5	mokare	1
australia	ntr_contain5	william_barak	1
australia	ntr_contain5	sandy_pearce	1
australia	ntr_contain5	angela_webber	1
australia	ntr_contain5	dorothea_mackellar	1
australia	ntr_contain5	arthur_manning	1
australia	ntr_contain5	joseph_cook	1
australia	ntr_contain5	catherine_helen_spence	1
australia	ntr_contain5	leo_mckern	1
australia	ntr_contain5	newton_moore	1
australia	ntr_contain5	george_rich	1
australia	ntr_contain5	mervyn_wood	1
australia	ntr_contain5	kim_wilkie	1
australia	ntr_contain5	edward_johnston_1880	1
australia	ntr_contain5	frank_beaurepaire	1
australia	ntr_contain5	edward_charles_frome	1
australia	ntr_contain5	edward_wittenoom	1
australia	ntr_contain5	barbara_baynton	1
australia	ntr_contain5	andrew_russell	1
australia	ntr_contain5	henry_dobson	1
australia	ntr_contain5	thea_astley	1
australia	ntr_contain5	albert_piddington	1
australia	ntr_contain5	lindsay_hassett	1
australia	ntr_contain5	peter_andren	1
australia	ntr_contain5	herbie_collins	1
australia	ntr_contain5	norman_brookes	1
australia	ntr_contain5	charles_sladen	1
australia	ntr_contain5	trish_draper	1
australia	ntr_contain5	gregan_mcmahon	1
australia	ntr_contain5	peter_john_badcoe	1
australia	ntr_contain5	charles_cowper	1
australia	ntr_contain5	stan_zemanek	1
australia	ntr_contain5	william_nicholson_1816	1
australia	ntr_contain5	david_fleay	1
australia	ntr_contain5	patrick_white	1
australia	ntr_contain5	charles_gavan_duffy	1
australia	ntr_contain5	henry_gullett	1
australia	ntr_contain5	leslie_h_martin	1
australia	ntr_contain5	charles_conder	1
australia	ntr_contain5	john_pascoe_fawkner	1
australia	ntr_contain5	derrimut	1
australia	ntr_contain5	rod_sawford	1
australia	ntr_contain5	william_charles_windeyer	1
australia	ntr_contain5	justine_saunders	1
australia	ntr_contain5	dave_brown_1913	1
australia	ntr_contain5	desmond_tester	1
australia	ntr_contain5	oscar_werner_tiegs	1
australia	ntr_contain5	annette_kellerman	1
australia	ntr_contain5	robin_boyd	1
australia	ntr_contain5	amy_gillett	1
australia	ntr_contain5	john_hinde	1
australia	ntr_contain5	anne_haddy	1
australia	ntr_contain5	boy_charlton	1
australia	ntr_contain5	john_marden	1
australia	ntr_contain5	leigh_bowery	1
australia	ntr_contain5	ronald_n_bracewell	1
australia	ntr_contain5	heath_ledger	1
australia	ntr_contain5	dion_boucicault_jr	1
australia	ntr_contain5	michael_white_1948	1
australia	ntr_contain5	thomas_bent	1
australia	ntr_contain5	king_omalley	1
australia	ntr_contain5	wally_buttsworth	1
australia	ntr_contain5	vincent_lingiari	1
australia	ntr_contain5	william_watt	1
australia	ntr_contain5	william_lyne	1
australia	ntr_contain5	peter_waite	1
australia	ntr_contain5	george_essex_evans	1
australia	ntr_contain5	ted_holloway	1
australia	ntr_contain5	arthur_boyd	1
australia	ntr_contain5	captain_moonlight	1
australia	ntr_contain5	john_anderson_1893	1
australia	ntr_contain5	brian_naylor_1931	1
australia	ntr_contain5	percy_stewart	1
australia	ntr_contain5	bennelong	1
australia	ntr_contain5	alexander_peacock	1
australia	ntr_contain5	ian_rilen	1
australia	ntr_contain5	wilfrid_kent_hughes	1
australia	ntr_contain5	john_button	1
australia	ntr_contain5	peter_lalor	1
australia	ntr_contain5	ray_lindwall	1
australia	ntr_contain5	arthur_edward_moore	1
australia	ntr_contain5	vali_myers	1
australia	ntr_contain5	alexander_poynton	1
australia	ntr_contain5	albert_dunstan	1
australia	ntr_contain5	mungo_william_maccallum	1
australia	ntr_contain5	graham_kennedy	1
australia	ntr_contain5	billy_thorpe	1
australia	ntr_contain5	thomas_braidwood_wilson	1
australia	ntr_contain5	ernst_william_christmas	1
australia	ntr_contain5	miriam_hyde	1
australia	ntr_contain5	john_alexander_macpherson	1
australia	ntr_contain5	john_burton_cleland	1
australia	ntr_contain5	chris_watson	1
australia	ntr_contain5	james_alexander_forrest	1
australia	ntr_contain5	john_willcock	1
australia	ntr_contain5	francis_patrick_baker	1
australia	ntr_contain5	billy_midwinter	1
australia	ntr_contain5	john_bradfield	1
australia	ntr_contain5	stevie_plunder	1
australia	ntr_contain5	stanley_rowley	1
australia	ntr_contain5	ruby_hunter	1
australia	ntr_contain5	charles_kingsford_smith	1
australia	ntr_contain5	francis_burt	1
australia	ntr_contain5	robert_molesworth	1
australia	ntr_contain5	ted_mulry	1
australia	ntr_contain5	brian_oshaughnessy	1
australia	ntr_contain5	michael_hatton	1
australia	ntr_contain5	arthur_rylah	1
australia	ntr_contain5	william_groom	1
australia	ntr_contain5	herbert_s_green	1
australia	ntr_contain5	hubert_opperman	1
australia	ntr_contain5	charles_bannerman	1
australia	ntr_contain5	warren_entsch	1
australia	ntr_contain5	norman_kaye	1
australia	ntr_contain5	thomas_simpson_crawford	1
australia	ntr_contain5	john_murray_1851	1
australia	ntr_contain5	maurice_blackburn	1
australia	ntr_contain5	victor_trumper	1
australia	ntr_contain5	granville_ryrie	1
australia	ntr_contain5	kim_santow	1
australia	ntr_contain5	inigo_owen_jones	1
australia	ntr_contain5	john_jamison	1
australia	ntr_contain5	earle_page	1
australia	ntr_contain5	james_munro	1
australia	ntr_contain5	richard_carleton	1
australia	ntr_contain5	arthur_roden_cutler	1
australia	ntr_contain5	creighton_burns	1
australia	ntr_contain5	donald_norman_cameron	1
australia	ntr_contain5	laurie_nash	1
australia	ntr_contain5	albert_trott	1
australia	ntr_contain5	frank_crean	1
australia	ntr_contain5	elizabeth_kenny	1
australia	ntr_contain5	william_shiels	1
australia	ntr_contain5	charles_kingston	1
australia	ntr_contain5	william_mackie	1
australia	ntr_contain5	george_thorn	1
australia	ntr_contain5	janine_haines	1
australia	ntr_contain5	william_mccormack	1
australia	ntr_contain5	ben_hall	1
australia	ntr_contain5	george_kerferd	1
australia	ntr_contain5	richard_hanson_1805	1
australia	ntr_contain5	coral_browne	1
australia	ntr_contain5	nellie_stewart	1
australia	ntr_contain5	hugh_mahon	1
australia	ntr_contain5	henry_bolte	1
australia	ntr_contain5	morris_west	1
australia	ntr_contain5	thomas_jamison	1
australia	ntr_contain5	samuel_way	1
australia	ntr_contain5	jeannie_ferris	1
australia	ntr_contain5	dymphna_cusack	1
australia	ntr_contain5	frank_gardner	1
australia	ntr_contain5	julie_bishop	1
australia	ntr_contain5	rayner_hoff	1
australia	ntr_contain5	joanna_gash	1
australia	ntr_contain5	littleton_groom	1
australia	ntr_contain5	william_bostock	1
australia	ntr_contain5	sir_eric_pearce	1
australia	ntr_contain5	eddie_ward	1
australia	ntr_contain5	bill_scott_1922	1
australia	ntr_contain5	pietro_porcelli	1
australia	ntr_contain5	andrew_garran	1
australia	ntr_contain5	john_forrest	1
australia	ntr_contain5	kevin_mcquay	1
australia	ntr_contain5	clement_meadmore	1
australia	ntr_contain5	marie_lohr	1
australia	ntr_contain5	james_mcculloch	1
australia	ntr_contain5	roy_grounds	1
australia	ntr_contain5	charles_tingwell	1
australia	ntr_contain5	alan_moorehead	1
australia	ntr_contain5	william_carpenter	1
australia	ntr_contain5	john_glover_1767	1
australia	ntr_contain5	peter_nugent	1
australia	ntr_contain5	minnie_pwerle	1
australia	ntr_contain5	lindsay_thompson	1
australia	ntr_contain5	redmond_barry	1
australia	ntr_contain5	ross_macpherson_smith	1
australia	ntr_contain5	allan_fels	1
australia	ntr_contain5	albert_rosenfeld	1
australia	ntr_contain5	john_earle_1865	1
australia	ntr_contain5	clive_churchill	1
australia	ntr_contain5	grant_mclennan	1
australia	ntr_contain5	john_perceval	1
australia	ntr_contain5	jan_adele	1
australia	ntr_contain5	stanley_bruce	1
australia	ntr_contain5	john_bowser	1
australia	ntr_contain5	lee_batchelor	1
australia	ntr_contain5	robert_garran	1
australia	ntr_contain5	ernest_carr	1
australia	ntr_contain5	eric_woodward	1
australia	ntr_contain5	jack_fingleton	1
australia	ntr_contain5	dorothy_hewett	1
australia	ntr_contain5	frederick_lane	1
australia	ntr_contain5	don_lane	1
australia	ntr_contain5	jack_lang	1
australia	ntr_contain5	nicholas_chevalier	1
australia	ntr_contain5	bella_guerin	1
australia	ntr_contain5	richard_daintree	1
australia	ntr_contain5	john_wylde	1
australia	ntr_contain5	brian_bevan	1
australia	ntr_contain5	william_giblin	1
australia	ntr_contain5	frank_tudor	1
australia	ntr_contain5	norman_makin	1
australia	ntr_contain5	tom_horan	1
australia	ntr_contain5	don_tallon	1
australia	ntr_contain5	kim_edward_beazley	1
australia	ntr_contain5	philip_collier	1
australia	ntr_contain5	antony_hamilton	1
australia	ntr_contain5	james_patterson_1833	1
australia	ntr_contain5	alfred_stephen	1
australia	ntr_contain5	edward_braddon	1
australia	ntr_contain5	james_gordon_legge	1
australia	ntr_contain5	rex_connor	1
australia	ntr_contain5	ken_mcgregor	1
australia	ntr_contain5	christopher_brennan	1
australia	ntr_contain5	bert_oldfield	1
australia	ntr_contain5	kerryn_mccann	1
australia	ntr_contain5	simeon_lord	1
australia	ntr_contain5	frederick_mccubbin	1
australia	ntr_contain5	john_madden_1844	1
australia	ntr_contain5	thomas_marwick	1
australia	ntr_contain5	james_martin_1820	1
australia	ntr_contain5	mina_wylie	1
australia	ntr_contain5	david_rivett	1
australia	ntr_contain5	colin_thiele	1
australia	ntr_contain5	anna_donald	1
australia	ntr_contain5	jack_blackham	1
australia	ntr_contain5	james_boucaut	1
australia	ntr_contain5	kevin_gilbert_1933	1
australia	ntr_contain5	john_andrew_la_nauze	1
australia	ntr_contain5	john_alexander_forrest	1
australia	ntr_contain5	george_elmslie	1
australia	ntr_contain5	john_allan_1866	1
australia	ntr_contain5	john_ewart	1
australia	ntr_contain5	thomas_hollway	1
australia	ntr_contain5	frederick_john_gladman	1
australia	ntr_contain5	john_mcdonald_1898	1
australia	ntr_contain5	gerald_patterson	1
australia	ntr_contain5	daisy_bates	1
australia	ntr_contain5	robert_tudawali	1
australia	ntr_contain5	douglas_baulch	1
australia	ntr_contain5	edward_dunlop	1
australia	ntr_contain5	bettina_welch	1
australia	ntr_contain5	henry_samuel_chapman	1
australia	ntr_contain5	edmond_hogan	1
australia	ntr_contain5	william_bede_dalley	1
australia	ntr_contain5	h_c_coombs	1
australia	ntr_contain5	graham_berry	1
australia	ntr_contain5	max_green	1
australia	ntr_contain5	thomas_playford_ii	1
australia	ntr_contain5	paul_hasluck	1
australia	ntr_contain5	thelma_scott	1
australia	ntr_contain5	pope_alexander_cooper	1
australia	ntr_contain5	manning_clark	1
australia	ntr_contain5	clyde_cameron	1
australia	ntr_contain5	ron_randell	1
australia	ntr_contain5	edgar_bertram_mackennal	1
australia	ntr_contain5	charles_mackerras	1
australia	ntr_contain5	hugh_massie	1
australia	ntr_contain5	allan_mclean	1
australia	ntr_contain5	bill_stalker	1
australia	ntr_contain5	megan_williams	1
australia	ntr_contain5	frederick_richard_jordan	1
australia	ntr_contain5	joe_darling	1
australia	ntr_contain5	vic_richardson	1
australia	ntr_contain5	alan_dargin	1
australia	ntr_contain5	bill_oreilly_1905	1
australia	ntr_contain5	harry_hopman	1
australia	ntr_contain5	david_henry_souter	1
australia	ntr_contain5	jim_cairns	1
australia	ntr_contain5	kelvin_lancaster	1
australia	ntr_contain5	p_l_travers	1
australia	ntr_contain5	donald_mackay	1
australia	ntr_contain5	t_j_ryan	1
australia	ntr_contain5	alexander_downer_sr	1
australia	ntr_contain5	margaret_preston	1
australia	ntr_contain5	william_montagu_manning	1
australia	ntr_contain5	archie_cameron	1
australia	ntr_contain5	edward_hargraves	1
australia	ntr_contain5	mary_hyde	1
australia	ntr_contain5	charles_kellaway	1
australia	ntr_contain5	edmund_alfred_drake-brockman	1
australia	ntr_contain5	dally_messenger	1
australia	ntr_contain5	john_oshanassy	1
australia	ntr_contain5	martyn_crook	1
australia	ntr_contain5	billy_murdoch	1
australia	ntr_contain5	dave_gregory_1845	1
australia	ntr_contain5	sidney_myer	1
australia	ntr_contain5	helen_mayo	1
australia	ntr_contain5	gerard_krefft	1
australia	ntr_contain5	billy_hughes	1
australia	ntr_contain5	percy_spender	1
australia	ntr_contain5	florence_stawell	1
australia	ntr_contain5	lionel_murphy	1
australia	ntr_contain5	david_and_catherine_birnie	1
australia	ntr_contain5	william_mcmahon	1
australia	ntr_contain5	william_wentworth	1
australia	ntr_contain5	e_e_gostelow	1
australia	ntr_contain5	patrick_alfred_pierce_moran	1
australia	ntr_contain5	ken_le_breton	1
australia	ntr_contain5	michael_pate	1
australia	ntr_contain5	ephraim_zox	1
australia	ntr_contain5	james_fairbairn	1
australia	ntr_contain5	sidney_nolan	1
australia	ntr_contain5	kenneth_richard_norris	1
australia	ntr_contain5	william_maloney	1
australia	ntr_contain5	nick_mccallum	1
australia	ntr_contain5	caroline_calvert	1
australia	ntr_contain5	frank_macfarlane_burnet	1
australia	ntr_contain5	john_walpole_willis	1
australia	ntr_contain5	jo_gullett	1
australia	ntr_contain5	john_davis_1817	1
australia	ntr_contain5	fred_spofforth	1
australia	ntr_contain5	esma_cannon	1
australia	ntr_contain5	billy_sanders	1
australia	ntr_contain5	william_portus_cullen	1
australia	ntr_contain5	harold_holt	1
australia	ntr_contain5	doris_blackburn	1
australia	ntr_contain5	leycester_meares	1
australia	ntr_contain5	james_rowland	1
australia	ntr_contain5	walter_campbell	1
australia	ntr_contain5	edward_kenna	1
australia	ntr_contain5	louisa_lawson	1
australia	ntr_contain5	steve_j_spears	1
australia	ntr_contain5	h_v_evatt	1
australia	ntr_contain5	percy_grainger	1
australia	ntr_contain5	eric_john_underwood	1
australia	ntr_contain5	william_haines_1810	1
australia	ntr_contain5	percy_valentine_storkey	1
australia	ntr_contain5	mary_durack	1
australia	ntr_contain5	dorothy_porter	1
australia	ntr_contain5	josiah_symon	1
australia	ntr_contain5	george_turner_1851	1
australia	ntr_contain5	john_mcewen	1
australia	ntr_contain5	james_service	1
australia	ntr_contain5	henry_lawson	1
australia	ntr_contain5	jerry_rubin	0
australia	ntr_contain5	norman_ewing	1
australia	ntr_contain5	peter_cleeland	1
australia	ntr_contain5	leonard_fraser	1
australia	ntr_contain5	judith_anderson	1
australia	ntr_contain5	franz_ludwig_von_erthal	0
australia	ntr_contain5	douglas_mawson	1
australia	ntr_contain5	mona_barrie	1
australia	ntr_contain5	jack_pizzey	1
australia	ntr_contain5	martin_bernhardt	0
australia	ntr_contain5	william_noy	0
australia	ntr_contain5	val_avery	0
australia	ntr_contain5	george_leake	1
australia	ntr_contain5	bunney_brooke	1
australia	ntr_contain5	steve_irwin	1
australia	ntr_contain5	john_g_downey	0
australia	ntr_contain5	aga_khan_iii	0
australia	ntr_contain5	isaac_isaacs	1
australia	ntr_contain5	andrew_cathcart_bogle	0
australia	ntr_contain5	john_langdon_bonython	1
australia	ntr_contain5	don_chipp	1
australia	ntr_contain5	martin_bormann	0
australia	ntr_contain5	arnold_genthe	0
australia	ntr_contain5	thomas_bavin	1
australia	ntr_contain5	thomas_wolfe	0
australia	ntr_contain5	dorothy_cumming	1
australia	ntr_contain5	giovanni_florio	0
australia	ntr_contain5	ernst_lubitsch	0
australia	ntr_contain5	william_irvine_1858	1
australia	ntr_contain5	asahel_bush	0
australia	ntr_contain5	george_prendergast	1
australia	ntr_contain5	charles_lilley	1
australia	ntr_contain5	cyril_walsh	1
australia	ntr_contain5	william_lawrence_bragg	1
australia	ntr_contain5	olivia_hamnett	1
australia	ntr_contain5	mario_condello	1
australia	ntr_contain5	pat_mcdonald	1
australia	ntr_contain5	george_fletcher_moore	1
australia	ntr_contain5	richard_oconnor_1851	1
australia	ntr_contain5	edmund_barton	1
australia	ntr_contain5	charles_perkins	1
australia	ntr_contain5	edward_eagar	1
australia	ntr_contain5	kristian_fredrikson	1
australia	ntr_contain5	georgiana_mccrae	1
australia	ntr_contain5	jeff_porcaro	0
australia	ntr_contain5	mrs_j_c_geiser	0
australia	ntr_contain5	ronald_ernest_aitchison	1
australia	ntr_contain5	mae_busch	1
australia	ntr_contain5	howard_walter_florey	1
australia	ntr_contain5	bryan_ologhlen	1
australia	ntr_contain5	richard_pratt	1
australia	ntr_contain5	james_francis	1
australia	ntr_contain5	anita_cobby_murder	1
australia	ntr_contain5	richard_anthony_proctor	0
australia	ntr_contain5	eric_edgar_cooke	1
australia	ntr_contain5	john_carew_eccles	1
australia	ntr_contain5	basil_rathbone	0
australia	ntr_contain5	adam_lindsay_gordon	1
australia	ntr_contain5	george_ravenhill	0
australia	ntr_contain5	john_scaddan	1
australia	ntr_contain5	david_unaipon	1
australia	ntr_contain5	marie_byles	1
australia	ntr_contain5	philip_fysh	1
australia	ntr_contain5	robert_marsden_hope	1
australia	ntr_contain5	rosaleen_norton	1
australia	ntr_contain5	john_passmore	1
australia	ntr_contain5	alfred_deakin	1
australia	ntr_contain5	victor_l_berger	0
australia	ntr_contain5	donny_hathaway	0
australia	ntr_contain5	bob_jack	0
australia	ntr_contain5	leslie_herron	1
australia	ntr_contain5	fanny_durack	1
australia	ntr_contain5	charles_j_pedersen	0
australia	ntr_contain5	jacob_harold_gallinger	0
australia	ntr_contain5	thomas_d_schall	0
australia	ntr_contain5	mary_robinson_1756	0
australia	ntr_contain5	graham_strachan	1
australia	ntr_contain5	paul_scardon	1
australia	ntr_contain5	kawakami_hajime	0
australia	ntr_contain5	lucky_grills	1
australia	ntr_contain5	brett_whiteley	1
australia	ntr_contain5	henry_daglish	1
australian_national_university	ntr_contain10	alan_gilbert	1
australian_national_university	ntr_contain10	kuini_speed	1
australian_national_university	ntr_contain10	patrick_ofarrell	1
australian_national_university	ntr_contain10	donald_laycock	1
australian_national_university	ntr_contain10	chris_heyde	1
australian_national_university	ntr_contain10	frank_murphy	0
australian_national_university	ntr_contain10	kim_edward_beazley	1
australian_national_university	ntr_contain10	samuel_w_koster	0
australian_national_university	ntr_contain10	bob_bullock	0
australian_national_university	ntr_contain10	meir_kahane	0
